id	decision	reason_cn	tags	session	title	url	publication	abstract_short
2A/2	unrelated_excluded	不是相关科学实验 oral。	gate_QEC;metrology	GPMFC Workshop: Precision Quantum Sensing	Entanglement-enhanced atom interferometry	https://meetings-archive.aps.org/damop/2026/2a/2/	Christophe Cassens, Bernd Meyer-Hoppe, Ernst Rasel, and Carsten Klempt, Entanglement-Enhanced Atomic Gravimeter, Phys. Rev. X 15, 011029 (2025)	Interferometers based on ultracold atoms enable absolute measurements of inertial forces with unprecedented precision. However, their resolution is fundamentally limited by quantum fluctuations, and surpassing this limit requires the use of entangled atomic quantum states. In our experiments, entanglement is generated via spin-changing collisions in Bose–Einstein condensates. I will present a characterization of the resulting quantum states with single-particle counting resolution, revealing Hong–Ou–Mandel correlations, genuine multi-particle entanglement, and Heisenberg-limited interferometric sensitivity. We apply these quantum states to demonstrate the operation of an atomic gravimeter th
2A/3	related_excluded	平台是 optical lattice、BEC、quantum gas 或 gas microscope，不是 Rb87 optical tweezer Rydberg array。	gate_QEC;metrology;optical_lattice_or_gas	GPMFC Workshop: Precision Quantum Sensing	Harnessing AI to Perform Multi-Axis Inertial Sensing in a 3D Optical Lattice	https://meetings-archive.aps.org/damop/2026/2a/3/	[1] C LeDesma, K Mehling, J Shao, JD Wilson, P Axelrad, M Nicotra, D Anderson and M Holland, Demonstration of a programmable optical lattice atom interferometer, Physical Review Research 6, 043120 (2024). [2] C LeDesma, K Mehling, M Holland, Vector atom accelerometry in an optical lattice, Science Advances 11 (23), eadt7480 (2025). [3] C LeDesma, K Mehling, JD Wilson, M Nicotra, M Holland, Universal gate set for optical lattice based atom interferometry, Physical Review Research 7, 013246 (2025). [4] K Mehling, M Holland, C LeDesma, High-precision phase control of an optical lattice with up to 50 dB noise suppression, Physical Review Applied 25, 024008 (2025).	We are developing a precision atom interferometer based on loading a Bose-Einstein condensate into a three-dimensional optical lattice. By translating this lattice in a controlled manner, we can implement all of the standard operations of atom interferometry: splitting, propagating, reflecting, and recombining a macroscopic quantum wave function. These atom-optic operations act as matter-wave gates: unitary transformations that can be optimized using modern artificial-intelligence techniques. In particular, we employ deep reinforcement learning as a central tool in our experimental design. The gate-set we realize is metrologically universal, analogous to universal gate-sets in quantum comput
2A/5	related_excluded	涉及分子、分子显微镜、polar molecule 或 RbCs/KRb/NaCs 混合系统；不是 Rb87 Rydberg atom tweezer array。	gate_QEC;quantum_sim;metrology;molecule;ion_or_solid	GPMFC Workshop: Precision Quantum Sensing	Quantum magnetometry with optically active spins	https://meetings-archive.aps.org/damop/2026/2a/5/		Quantum magnetometry based on optically active spin defects has emerged as a powerful platform for sensing magnetic fields with high sensitivity, spatial resolution, and operability under ambient conditions. Systems ranging from solid-state defects (such as NV centers in diamond) to molecular spin platforms provide optical initialization and readout, long coherence times, and flexible control, enabling applications from the nanoscale to the mesoscopic regime. These capabilities have positioned spin-based quantum sensors as versatile tools across physics, chemistry, materials science, and the life sciences.In this workshop, I will introduce the basic principles of quantum magnetometry with op
2A/6	related_excluded	Rydberg/Rb 相关但平台是 vapor/MOT/molasses/EIT/cold ensemble，不是 optical tweezer array。	Rydberg;cryo;metrology;vapor_or_MOT	GPMFC Workshop: Precision Quantum Sensing	Rydberg atom-based sensors for metrology and beyond	https://meetings-archive.aps.org/damop/2026/2a/6/	"1) Schlossberger, et al, ""Rydberg states of alkali atoms in atomic vapour as SI-traceable field probes and communications receivers"", Nature Review Physics, 6, 606-620, 2024. 2) Artusio-Glimpse, et al, 'Modern RF measurements with hot atoms: A technology review of Rydberg atom-based radio frequency field sensors"", IEEE Microwave Mag, 10.1109/MMM.2022.314870, 44-56 May, 2022. 3) Schlossberger, et al, ""Primary quantum thermometry of mm-wave blackbody radiation via induced state transfer in Rydberg states of cold atoms"", Physical Review Research, 7, L012020, 2025."	The unique properties of Rydberg atoms allow for radio-frequency spectroscopy, which has resulted in intriguing applications. One of the keys to developing new science and technologies is to have sound metrology tools and techniques. Atom-based measurements allow for unprecedented accuracy in measurement systems, and as a result, measurement standards have evolved towards atom-based measurements over the last few decades; most notably length (m), frequency (Hz), and time (s) standards. Recently, there has been a great interest in extending this to magnetic, electric, and other physical quantities. These Atom-based measurements allow for direct International System of Units (SI) traceable mea
2A/7	unrelated_excluded	平台是离子、固态或其他非中性原子光镊平台。	metrology;ion_or_solid	GPMFC Workshop: Precision Quantum Sensing	Quantum Sensing of Nuclear Magnetism	https://meetings-archive.aps.org/damop/2026/2a/7/		Nuclear spins are remarkable quantum sensors in their own right: weakly coupled to their environment, exquisitely well characterized, and exploitable across an enormous range of energy scales. The same properties that make nuclear magnetic resonance (NMR) the workhorse of analytical chemistry and medical imaging also make nuclear spin ensembles powerful probes of fundamental physics, from searches for ultralight dark matter with the Cosmic Axion Spin Precession Experiment (CASPEr) to tests of fundamental symmetries enabled by zero- to ultralow-field (ZULF) NMR. In this talk, I will give a broad overview of how nuclear magnetism connects precision measurement to chemical and biological sensin
2A/9	unrelated_excluded	不是相关科学实验 oral。	gate_QEC;metrology	GPMFC Workshop: Precision Quantum Sensing	Quantum engineering for practical advantages in clocks	https://meetings-archive.aps.org/damop/2026/2a/9/		Precise quantum state engineering and many-body physics build the foundation for quantum system scaling to enhance measurement performance for atomic clocks. The use of many atoms reduces the quantum projection noise, while Hamiltonian engineering guards against systematic effects. Minute-long coherence in the optical domain has been achieved for tens of thousands of atoms. Quantum entanglement is also embedded in clock operation near the state of the art. Such precise control of light-matter interactions is fostering new capabilities for probing fundamental and emerging phenomena.
2A/10	unrelated_excluded	平台是离子、固态或其他非中性原子光镊平台。	metrology;vapor_or_MOT;ion_or_solid	GPMFC Workshop: Precision Quantum Sensing	Scaling trapped-ion clocks to tens of ions while maintaining 10-19-level systematic uncertainties	https://meetings-archive.aps.org/damop/2026/2a/10/		Trapped ions offer an exceptional level of experimental control, which enables systematic clock uncertainties in the 10-19 range and high-fidelity quantum state manipulation. Besides fundamental research, frequency metrology in this regime supports new applications - such as geodetic measurements with sub-cm resolution of the gravitational potential - which will also benefit from the miniaturization capabilities of ion trap technology.At this level of accuracy, frequency measurements are increasingly limited by their statistical uncertainty, even after months of averaging time. Scaling from single ions to ensembles (Coulomb crystals) improves the signal-to-noise ratio and is the prerequisite
2A/11	unrelated_excluded	平台是离子、固态或其他非中性原子光镊平台。	cryo;metrology;ion_or_solid	GPMFC Workshop: Precision Quantum Sensing	Quantum tests of relativity with optical atomic clocks	https://meetings-archive.aps.org/damop/2026/2a/11/		Optical clocks based on atoms and ions probe relativistic effects with unparalleled sensitivity. Clock spectroscopy of single ions in a cryogenic environment provides high-fidelity quantum control over all internal and external degrees of freedom. This enables novel tests of relativity in a regime where superpositions of proper time emerge.
2A/12	unrelated_excluded	不是相关科学实验 oral。	quantum_sim;metrology	GPMFC Workshop: Precision Quantum Sensing	Tailored States for Optical Atomic Clocks	https://meetings-archive.aps.org/damop/2026/2a/12/	T. Kielinski, P.O. Schmidt, K. Hammerer, Science Advances, Vol. 10, No. 43, 2024 T. Kielinski, K. Hammerer, arXiv:2505.04287, Report on Progress in Physics	Optical atomic clocks represent the forefront of precision measurement, where quantum correlations and optimized interrogation strategies enable unprecedented frequency stability. In this talk, I will address laser-noise–limited regimes, where Bayesian frequency metrology provides a unified framework for incorporating frequency fluctuations and identifying optimal quantum states, measurement schemes, and estimation strategies. I will then consider regimes where clock stability is limited by spontaneous emission, and show that correlated measurements and nonlinear estimation strategies can achieve gains close to fundamental bounds. Surprisingly, in this regime it is GHZ-based protocols and – 
1A/2	related_excluded	涉及分子、分子显微镜、polar molecule 或 RbCs/KRb/NaCs 混合系统；不是 Rb87 Rydberg atom tweezer array。	gate_QEC;molecule;optical_lattice_or_gas	Grad Student Symposium - Pushing the Boundaries of Quantum Optics	Joachim Burgdorfer Clocking Einstein’s Photoelectric Effect: Quantum Dynamics on the Attosecond Scale	https://meetings-archive.aps.org/damop/2026/1a/2/		Joachim BurgdorferObserving and clocking non-equilibrium electronic dynamics in real time has become possible with the advances of attosecond pulse generation. This attosecond chronoscopy holds the promise to provide novel information on many-electron systems complementary to conventional spectroscopy. The timing of the photoelectric effect represents one of the first breakthroughs of attosecond chronoscopy. It’s extension to condensed matter opens up new opportunities to explore electronic band structures and topology, electron transport, and decoherence.In this talk, theoretical methods for describing and analyzing quantum dynamics on the attosecond scale will be introduced. We will illust
1A/4	unrelated_excluded	读完摘要后未发现可归入 Rb87 Rydberg 光镊平台近期实验/工程问题的内容。	gate_QEC;quantum_sim;metrology	Grad Student Symposium - Pushing the Boundaries of Quantum Optics	Quantum Simulation and Sensing with Photon-Mediated Interactions	https://meetings-archive.aps.org/damop/2026/1a/4/		Photons bouncing back and forth many times between highly reflecting mirrors provide a powerful method to mediate interactions between laser-cooled atoms held between the mirrors. In this pedagogical lecture, I will use simple physical pictures to describe how these interactions emerge and can be flexibly crafted. This will be followed by high lighting the broad range of physics that can be explored in these systems including ultra-narrow linewidth superradiant lasers, entanglement-enhanced matterwave interferometers and clocks, and simulations of quench dynamics in BCS superconductors.
1A/6	unrelated_excluded	平台是离子、固态或其他非中性原子光镊平台。	quantum_sim;metrology;ion_or_solid	Grad Student Symposium - Pushing the Boundaries of Quantum Optics	Quantum simulation and sensing in Penning ion traps	https://meetings-archive.aps.org/damop/2026/1a/6/		Trapped ions are one of the leading quantum information processing platforms, due to the very high-fidelity control of both their internal states and their collective motion, which is used to generate interactions between ions. However, while there has been significant progress increasing the number of ions in the commonly used radio frequency (RF) Paul traps, scaling these systems to more than tens of ion qubits remains challenging. Penning ion traps, which use a strong magnetic field to confine the ions, enable straightforward trapping of much larger numbers of ions, which have been used in state-of-the-art quantum sensing and simulation demonstrations. I will discuss why Penning traps are
1A/8	unrelated_excluded	平台是离子、固态或其他非中性原子光镊平台。	gate_QEC;cavity;vapor_or_MOT;ion_or_solid	Grad Student Symposium - Pushing the Boundaries of Quantum Optics	Quantum light-matter interfaces using rare-earth ions in solids	https://meetings-archive.aps.org/damop/2026/1a/8/		I will provide an overview of the quantum optical systems that can be investigated using rare-earth ions in solids, and their applications. Rare-earth ions have microwave and optical transitions that can be coupled to optical and microwave resonators. Experiments can be performed either with single ions or ensembles of ions, enabling the exploration of various regimes of cavity quantum electrodynamics. Interesting phenomena can be explored, including superradiance, one-axis twisting, coherence protection via cavity mediated all to all interaction, collective induced transparency, time crystals. Applications include quantum networking, microwave to optical transduction, and quantum memories.
A01/1	related_excluded	Rydberg/Rb 相关但平台是 vapor/MOT/molasses/EIT/cold ensemble，不是 optical tweezer array。	gate_QEC;vapor_or_MOT	DAMOP Prize Session - Allis Prize Winner &amp; Ramsey Prize Winners	Allis Prize Talk: Plasma Medicine: When the Fourth State of Matter Meets Living Matter	https://meetings-archive.aps.org/damop/2026/a01/1/		In the early 1990s, I was involved in work that used atmospheric pressure plasma generated by a dielectric barrier discharge to enhance the hydrophilicity of plastics and fabrics. One day, I wondered what the effects of plasma would be if the treated surface were that of a living biological target, such as cells or tissues. Since I could not find information about such effects in peer reviewed scientific literature, I decided to investigate myself, purely out of curiosity. I am happy to report that three decades later, much knowledge has been generated towards the understanding of the interaction of plasma with biological matter, thanks to the efforts of a large research community. In this p
A01/2	related_excluded	综述/获奖报告：atom arrays 与 Rydberg interaction 总览，不是一个具体 Rb87 光镊实验方案。	Rydberg;neutral_atom_array;gate_QEC	DAMOP Prize Session - Allis Prize Winner &amp; Ramsey Prize Winners	Ramsey Prize Talk: Quantum science with atom arrays and Rydberg interactions	https://meetings-archive.aps.org/damop/2026/a01/2/		Single atoms provide an ideal setting for explorations in quantum information science by bringing together long coherence times and fast control. What started a couple decades ago as a physics experiment to entangle one pair of atoms has turned into a worldwide race towards large scale quantum computers with thousands of entangled qubits.This talk will highlight the variety of approaches that are being developed for controlling large qubit arrays. Different atomic elements, encoding choices, trapping geometries, and entanglement protocols are all being combined to achieve scalable processors. In particular I will present an approach based on combining different atomic elements in a single pl
A01/3	related_excluded	综述/获奖报告：Rydberg tweezer many-body physics 总览，不是 DAMOP 摘要中新的具体实验方案。	Rydberg;tweezer;quantum_sim;molecule;ion_or_solid	DAMOP Prize Session - Allis Prize Winner &amp; Ramsey Prize Winners	Ramsey Prize Talk: Assembling quantum matter one atom at a time: Many-body physics with arrays of Rydberg atoms	https://meetings-archive.aps.org/damop/2026/a01/3/		"Over the last twenty years, physicists have learned to manipulate individual quantum objects: atoms, ions, molecules, quantum circuits, electronic spins... It is now possible to build ""atom by atom"" a synthetic quantum matter. By controlling the interactions between atoms, one can study the properties of these elementary many-body systems: quantum magnetism, transport of excitations, superconductivity... More recently, it was realized that these quantum systems may find applications in the industry, such as finding the solution of combinatorial optimization problems. This talk will present an example of a synthetic quantum system, based on laser-cooled ensembles of individual atoms trapped i"
B09/1	unrelated_excluded	主题不涉及 Rb/Rydberg/光镊/中性原子阵列或相关量子计算模拟工程。	optical_lattice_or_gas	Quantum Dynamics and Interactions in Optical Lattices	Matter wave quantum optics with three level quantum emitters	https://meetings-archive.aps.org/damop/2026/b09/1/	"[1] Krinner, Stewart, Pazmino, Kwon, Schneble, ""Spontaneous emission of matter-waves from a tunable open quantum system"", Nature 559, 589 (2018) [2] Kim, Y., Lanuza, A. & Schneble, D. Super- and subradiant dynamics of quantum emitters mediated by atomic matter waves. Nat. Phys. 21, 70–76 (2025)"	To explore engineered light–matter interactions in novel regimes, our group has recently implemented a versatile platform, in which lattice-trapped atoms and free-propagating matter waves play the roles of emitters and photons, respectively [1,2]. By confining more than one internal atomic state, we realize an effective three-level quantum emitter interacting with a continuum. In this work, we study the three-level emitter’s emission properties, its matter-wave scattering response, and demonstrate quantum storage via control field engineering.
B09/2	related_excluded	光镊/中性原子阵列相关，但摘要没有 Rb87 或 Rydberg 核心实验。	neutral_atom_array;gate_QEC;optical_lattice_or_gas	Quantum Dynamics and Interactions in Optical Lattices	Light scattering from closely-spaced atom pairs	https://meetings-archive.aps.org/damop/2026/b09/2/		While light scattering is a fundamental phenomenon that has been covered in dozens of references, it has recently become a topic of intense investigation because of its relevance to new technologies — for instance, harnessing Dicke super- and subradiance for photon storage and readout or using atom arrays as ideal, switchable mirrors. Of particular interest is the regime where scatterers are densely packed compared to the resonant wavelength. In this limit, atoms no longer scatter independently, but cooperatively, leading to uniquely collective behavior. Furthermore, the dipole-dipole interactions induced by the illuminating light play a major role in the light scattering behavior in this re
B09/3	related_excluded	涉及分子、分子显微镜、polar molecule 或 RbCs/KRb/NaCs 混合系统；不是 Rb87 Rydberg atom tweezer array。	Rydberg;molecule;optical_lattice_or_gas;ion_or_solid	Quantum Dynamics and Interactions in Optical Lattices	Continuous pump-probe experiment to observe Zeeman wave-packet dynamics	https://meetings-archive.aps.org/damop/2026/b09/3/	https://journals.aps.org/pra/pdf/10.1103/5fzd-g7qn	Time-resolved laser spectroscopy, combined with high-resolution momentum imaging, provides insights into atomic and molecular dynamics. We present a novel tool based on cold target recoil ion momentum spectroscopy (COLTRIMS) for time-resolved photoelectron spectroscopy, designed to study slow nanosecond atomic dynamics. Unlike conventional pump-probe methods, which rely on scanning the delays between two pulses, we use a femtosecond pump pulse and a weak continuous-wave (CW) probe, which can ionize the excited atoms at any time after the pump. Typically, COLTRIMS requires time-of-flight data referenced to a pulsed source. This experiment, however, recovers time information by exploiting the 
B09/4	related_excluded	光镊/中性原子阵列相关，但摘要没有 Rb87 或 Rydberg 核心实验。	neutral_atom_array;gate_QEC;quantum_sim;optical_lattice_or_gas	Quantum Dynamics and Interactions in Optical Lattices	Observation of the Gordon-Ashkin momentum diffusion with ultracold atoms scattered by a standing wave	https://meetings-archive.aps.org/damop/2026/b09/4/		In 1980, Gordon and Ashkin predicted that the momentum diffusion of an atom in a light field is maximized where the spontaneous emission noise is minimized—specifically at the nodes of a standing wave where the light intensity vanishes. We investigate this counterintuitive phenomenon by scattering a periodic array of Dysprosium atoms with a comensurate optical standing wave. Utilizing the narrow-line transition at 626 nm, a one-dimensional array of atoms was prepared with a 626 nm optical lattice detuned by 10^6 linewidth, then scattered by a resonant standing wave. We reveal that atoms initially localized at the intensity nodes undergo rapid momentum diffusion driven by the large gradients 
B09/5	related_excluded	平台是 optical lattice、BEC、quantum gas 或 gas microscope，不是 Rb87 optical tweezer Rydberg array。	gate_QEC;quantum_sim;metrology;optical_lattice_or_gas	Quantum Dynamics and Interactions in Optical Lattices	Deterministic Generation of Correlated Atom Pairs via Hamiltonian Engineering	https://meetings-archive.aps.org/damop/2026/b09/5/		Correlated atom pairs are fundamental resources for quantum-enhanced sensing, communication and distributed quantum computing. While spontaneous parametric down-conversion (SPDC) and four-wave mixing (SFWM) are established protocols for generating entangled photons, a comparably robust and deterministic source for correlated atoms, in the context of trapped ultracold atoms remains a challenge. In this work, we demonstrate a protocol for generating correlated atom pairs using Hamiltonian engineering for cold atoms trapped in an optical lattice. By tuning the hopping strength, the interaction strength, and the lattice potential via quantum optimal control (QOC), we steer the system toward an S
B09/6	related_excluded	平台是 optical lattice、BEC、quantum gas 或 gas microscope，不是 Rb87 optical tweezer Rydberg array。	gate_QEC;optical_lattice_or_gas	Quantum Dynamics and Interactions in Optical Lattices	Thermomagnetic anomalies in quantum magnon transport caused by tunable junction geometries in cold atomic systems	https://meetings-archive.aps.org/damop/2026/b09/6/	[1] Y. Sekino, Y. Ominato, H. Tajima, S. Uchino, and M. Matsuo, Thermomagnetic anomalies by magnonic criticality in ultracold atomic transport, Phys. Rev. Lett. 133, 163402 (2024). [2] Y. Sekino, Y. Ominato, H. Tajima, S. Uchino, and M. Matsuo, Thermomagnetic anomalies in quantum magnon transport caused by tunable junction geometries in cold atomic systems, Phys. Rev. A 111, 033312 (2025)	We investigate magnon-mediated spin and heat transport in a magnetic linear junction (MLJ), where two Heisenberg ferromagnets realized in optical lattices are connected through a linearly aligned interface. Employing the Schwinger–Keldysh approach, we show that in weak effective Zeeman fields, magnon Bose–Einstein statistics give rise to magnonic criticality, leading to a pronounced enhancement of spin and thermal conductances. The resulting singular transport behavior is strongly dependent on the junction geometry, and qualitatively differs from that of the point-contact setup studied previously. The enhanced conductances further induce a breakdown of the magnonic Wiedemann–Franz law. In th
B09/7	related_excluded	涉及分子、分子显微镜、polar molecule 或 RbCs/KRb/NaCs 混合系统；不是 Rb87 Rydberg atom tweezer array。	Rydberg;quantum_sim;molecule;optical_lattice_or_gas	Quantum Dynamics and Interactions in Optical Lattices	Quantum simulator of dynamics beyond Born-Oppenheimer using ultra-cold fermionic molecules in optical lattices	https://meetings-archive.aps.org/damop/2026/b09/7/	Physical Review Letters 135 (13), 133402 (2025)	Cold atomic systems in optical lattices have been one of the leading platforms to simulate quantum many-body physics over the past two decades. Their combination of exceptional control and detection techniques has enabled the study of relevant many-body phenomena in condensed matter or lattice high-energy physics problems [1,2]. Recently, a new avenue has opened in optical lattice setups with proposals to simulate few-body problems similar to those appearing in quantum chemistry, but with different interaction scalings and dimensionalities [3]. Here, we propose a platform based on ultra-cold fermionic molecules trapped in optical lattices to simulate nonadiabatic effects, as they appear in c
B09/8	related_excluded	平台是 optical lattice、BEC、quantum gas 或 gas microscope，不是 Rb87 optical tweezer Rydberg array。	gate_QEC;optical_lattice_or_gas	Quantum Dynamics and Interactions in Optical Lattices	Precise on-site dipole-dipole interaction spectroscopy of a dipolar atom Mott insulator	https://meetings-archive.aps.org/damop/2026/b09/8/		We investigate the magnetic interaction shift of two dysprosium atoms occupying one ~30 nm site in an atomic Mott insulator. This is achieved by driving a Δmj = 1 radiofrequency transition in the ground state manifold of Dy. The strong magnetic dipole interaction of Dy pairs may be reduced by angular averaging over the relative atom position, or hidden in the technical noise such as magnetic field drift. We maximize the net dipole effect by using tight, elongated lattice sites, and reducing the technical noise. Our measurement shows stronger attraction and weaker repulsion relative to mean-field calculation. We attribute the discrepancy to higher order spin-orbit coupling effect, which leads
B12/1	unrelated_excluded	主题不涉及 Rb/Rydberg/光镊/中性原子阵列或相关量子计算模拟工程。	optical_lattice_or_gas	Bose-Einstein Condensates	A degenerate quantum gas mixture of erbium and lithium atoms	https://meetings-archive.aps.org/damop/2026/b12/1/	J. Kalia, J. Rivera, R. R. Emran, W. J. Solorio Hernandez, K. Kwon, and R. J. Fletcher, Creation of a degenerate Bose-Bose mixture of erbium and lithium atoms, Phys. Rev. A 113, 013321 (2026).	Quantum gas mixtures are powerful systems with which to explore few-body and many-body phenomena. We present a platform for the creation of a degenerate quantum gas mixture of erbium and lithium atoms. This mixture features the free choice of quantum statistics via isotope selection, convenient intra- and interspecies Feshbach resonances, strong dipolar interactions, and large mass imbalance. We image the atoms via a high-NA objective. These experimental handles allow us to engineer novel states of matter and study a wide range of phenomena, including atom-resolved impurity physics, spontaneous pattern formation, and the miscible–immiscible phase transition.
B12/2	related_excluded	平台是 optical lattice、BEC、quantum gas 或 gas microscope，不是 Rb87 optical tweezer Rydberg array。	gate_QEC;quantum_sim;optical_lattice_or_gas	Bose-Einstein Condensates	Efficient numerical simulation of bubble-shaped Bose-Einstein condensates	https://meetings-archive.aps.org/damop/2026/b12/2/	Planned paper: A. Beregi, J.-B. Gerent, and N. Lundblad, Efficient simulation of Bose-Einstein condensates in exotic geometries.	Simulating the static and dynamic properties of Bose-Einstein condensates (BECs) is central to quantum gas research, supporting both the interpretation of experimental data and the development of optimal control protocols. However, the case of bubble-shaped BECs is particularly challenging for numerical simulations due to the inherently three-dimensional, hollow, and thin geometry. This unique quantum gas topology is expected to give rise to novel superfluid dynamics analogous to atmospheric turbulence [1-3]. These systems also have the potential to explore analogues of astrophysical phenomena in a controlled, tabletop setting [4]. Microgravity environments are ideally suited for realizing t
B12/3	related_excluded	平台是 optical lattice、BEC、quantum gas 或 gas microscope，不是 Rb87 optical tweezer Rydberg array。	quantum_sim;optical_lattice_or_gas	Bose-Einstein Condensates	Mutual Friction and Coarsening in a Two-Component BEC	https://meetings-archive.aps.org/damop/2026/b12/3/		In a two-component Bose-Einstein condensate with relative flow, the counterflow instability spontaneously breaks translational symmetry after a critical relative velocity. The turbulence that develops produces an effective mutual friction between the two components, allowing momentum exchange and dissipating their bulk velocity despite the absence of viscosity. By applying a constant force, experimentalists can control the amount of mutual friction, providing experimental access to the underlying turbulence. We will discuss the nature of this mutual friction seen in simulations, and an interesting coarsening dynamic seen in the experiments when the forcing is stopped.
B12/4	related_excluded	平台是 optical lattice、BEC、quantum gas 或 gas microscope，不是 Rb87 optical tweezer Rydberg array。	Rb87;optical_lattice_or_gas	Bose-Einstein Condensates	Experimental protocol for characterizing quantum scars in a 87Rb spinor Bose—Einstein condensate	https://meetings-archive.aps.org/damop/2026/b12/4/		Spinor Bose­­­­—Einstein condensates (BECs) present an interesting platform for studying the relationship between regular states, states with quantum many-body scars (QMBS) that violate the eigenstate thermalization hypothesis, and states with quantum scarring caused by unstable periodic orbits [1]. Here, we consider the experimental feasibility of using a 87Rb F = 1 spinor BEC in a far-detuned harmonic optical trap to study the relationship between these states. We examine the possibility of using radiofrequency (RF) fields to dress the states and suppress their magnetic field sensitivity, allowing for longer measurements to better characterize state behavior such as revivals within QMBS st
B12/5	related_excluded	平台是 optical lattice、BEC、quantum gas 或 gas microscope，不是 Rb87 optical tweezer Rydberg array。	Rb87;gate_QEC;quantum_sim;optical_lattice_or_gas	Bose-Einstein Condensates	Nonlinear waves in effectively attractive Bose-Einstein condensates	https://meetings-archive.aps.org/damop/2026/b12/5/		Nonlinear systems with attractive interactions support a remarkably rich variety of nonlinear wave patterns. A prominent example is the Peregrine soliton, recently realized by our group. This feature is localized not only in space but also in time and has attracted significant interest as a potential model for oceanic rogue waves, with closely related phenomena appearing in nonlinear optics. Peregrine solitons, however, represent only one member of a broader family of nonlinear excitations, including Akhmediev breathers, Kuznetsov–Ma breathers, cnoidal waves, and other structures that exemplify the complex dynamics of attractive systems.In our experiments, we engineer effectively attractive 
B12/6	related_excluded	平台是 optical lattice、BEC、quantum gas 或 gas microscope，不是 Rb87 optical tweezer Rydberg array。	gate_QEC;optical_lattice_or_gas	Bose-Einstein Condensates	Dam-Break Reflections in an Elongated Bose–Einstein Condensate	https://meetings-archive.aps.org/damop/2026/b12/6/		Bose–Einstein condensates (BECs) provide a highly tunable platform for exploring nonlinear hydrodynamic phenomena in quantum fluids. In this work, we investigate a quantum analogue of classical dam-break reflections in elongated BECs using a reconfigurable repulsive optical barrier. The resultant dynamics exhibit a rarefaction flow, a reflected shock-wave front, and a turbulent complex-wave region that forms between the barrier and the shock front. To better understand dissipation and effective viscosity within this region, we launch a secondary shock wave. In addition to this, we present an analog system for studying superfluid undular bore dynamics. These results open new avenues for contr
B12/7	related_excluded	平台是 optical lattice、BEC、quantum gas 或 gas microscope，不是 Rb87 optical tweezer Rydberg array。	quantum_sim;cavity;optical_lattice_or_gas	Bose-Einstein Condensates	Superradiant transition of dysprosium in a multimode optical cavity	https://meetings-archive.aps.org/damop/2026/b12/7/		We report technical upgrades to our dysprosium quantum gas apparatus. We can now strongly couple ultracold dysprosium gases to a multimode optical cavity. The preparation of Dy Bose-Einstein condensates and ultracold fermionic gases within the cavity are reported as well as the first observation of a Dy Dicke superradiant transition. We will discuss the system's potential for exploring the Hubbard-Holstein model and Peierls instabilities.
B12/8	unrelated_excluded	主题不涉及 Rb/Rydberg/光镊/中性原子阵列或相关量子计算模拟工程。	optical_lattice_or_gas	Bose-Einstein Condensates	Weak wave turbulence as a precursor to universal coarsening	https://meetings-archive.aps.org/damop/2026/b12/8/		We study particle transport during the relaxation of an isolated low-energy Bose gas from a far-from-equilibrium incoherent state towards a condensed state. We focus on the initial stage of particle transport to low momenta, before the emergence of a condensate. In terms of the gas density n and interatomic s-wave scattering length a, we find the time for incoherent particle transport is set by 1/(na)2, in contrast to the collisional timescale 1/(na2). We observe an inverse particle cascade with the momentum distribution developing a power law tail with exponent γ≈2.4(2). Both of these observations are signatures of Weak Wave Turbulence (WWT). Finally, we study where the WWT scaling breaks d
B11/1	related_excluded	涉及分子、分子显微镜、polar molecule 或 RbCs/KRb/NaCs 混合系统；不是 Rb87 Rydberg atom tweezer array。	quantum_sim;molecule;optical_lattice_or_gas	Out-of-Equilibrium Trapped Gases I	Pairing and Interaction Effects in a Fermionic Quantum Kicked Rotor	https://meetings-archive.aps.org/damop/2026/b11/1/		"The quantum kicked rotor (QKR) is a deceptively simple model that exhibits rich transport phenomena, including a momentum-space analogue of the celebrated Anderson localization effect. While this localization, distinguished by a saturation in energy growth, can occur for kick periods incommensurate with the mass-dependent inverse recoil frequency, resonances and anti-resonances can emerge in the system's energy evolution for commensurate kick periods. The QKR's energy versus kick period ""spectrum"" thus contains a wealth of information, including how interactions affect resonance shapes and locations. We have measured energy spectra and resonant energy growth in a 6^Li atom-optics realization"
B11/2	unrelated_excluded	读完摘要后未发现可归入 Rb87 Rydberg 光镊平台近期实验/工程问题的内容。	gate_QEC	Out-of-Equilibrium Trapped Gases I	Disorder-Assisted Adiabaticity in Correlated Many-Particle Systems	https://meetings-archive.aps.org/damop/2026/b11/2/		We investigate how disorder affects adiabaticity for an interaction modulation on an isolated many-particle system whereby the interaction is changed from zero to a maximum value and then back to zero following a given time profile. We find that, independently of the disorder strength and pulse shapes (rectangular, triangular, and Gaussian), the pulse duration is negatively correlated with the change in total energy in the system. That is, the longer duration reduces the change in total energy for each protocol. Across different considered pulse shapes, we find a robust negative correlation between the disorder strength and the change in total energy across the interaction pulse. Namely, inc
B11/3	related_excluded	平台是 optical lattice、BEC、quantum gas 或 gas microscope，不是 Rb87 optical tweezer Rydberg array。	Rb;quantum_sim;cavity;optical_lattice_or_gas	Out-of-Equilibrium Trapped Gases I	Quantum simulation of BEC–BCS crossover dynamics using dressed states in an optical cavity	https://meetings-archive.aps.org/damop/2026/b11/3/	"Planned paper - ""Quantum simulation of BEC–BCS crossover dynamics using dressed states in an optical cavity"""	In Bardeen–Cooper–Schrieffer (BCS) superconductors, fermions with opposite momenta form weakly bound Cooper pairs through an effective attractive interaction, giving rise to superconductivity at equilibrium. At the opposite extreme, in the Bose–Einstein condensation (BEC) regime, fermions bind into tightly bound pairs that behave as composite bosons. The BCS–BEC crossover connects these limits and fundamentally changes the nature of pairing, collective excitations, and relaxation dynamics.Following a rapid quench of system parameters, theory predicts non-equilibrium dynamics of the superconducting order parameter, including Higgs-mode oscillations whose decay and damping depend sensitively o
B11/4	related_excluded	中性原子/Rydberg/tweezer 方向相近，但物种是 Yb/Sr/Cs 等，不是 Rb87。	quantum_sim;Sr	Out-of-Equilibrium Trapped Gases I	Observation of strong-field stabilization in a driven condensate	https://meetings-archive.aps.org/damop/2026/b11/4/		Very strong laser fields can profoundly alter or destroy atomic structure. While ionization rates typically increase with intensity, approximate theories counter-intuitively predict that above some very high threshold intensity, ionization rates should level off or even decrease with increasing intensity. This long-predicted phenomenon, known as strong-field stabilization, is expected to be accompanied by a spatial bifurcation of the electronic wavepacket. Direct observation of ground-state stabilization in pulsed-laser experiments has been hindered by the extreme laser intensities it requires. We report the first experimental observation of strong-field stabilization of a ground state in th
B11/5	unrelated_excluded	主题不涉及 Rb/Rydberg/光镊/中性原子阵列或相关量子计算模拟工程。		Out-of-Equilibrium Trapped Gases I	"An Exact derivation of the Generalized Langevin Equation for a Harmonic Oscillator Coupled to N ""Bath"" Oscillators via the Mori-Zwanzig Projection Operator Method"	https://meetings-archive.aps.org/damop/2026/b11/5/	Manuscript submitted for publication in the American Journal of Physics	"An overarching goal of statistical physics is to derive macroscopic irreversible equations starting with microscopic reversible equations of motion. The Mori-Zwanzig Projection Operator Method achieves this by projecting out the motions of irrelevant variables and studying the equations of the relevant variables. We give a concrete derivation of the Langevin equation of the motion of an oscillator that is coupled to N other ""bath"" oscillators using the Mori–Zwanzig projection operator technique, starting from the deterministic Newtonian equations of motion and projecting out the motion of the bath oscillators. The resulting equation of motion for the relevant variables takes the form of a No"
B11/6	unrelated_excluded	主题不涉及 Rb/Rydberg/光镊/中性原子阵列或相关量子计算模拟工程。		Out-of-Equilibrium Trapped Gases I	Equation of State for the Direct Turbulent-Wave Cascade in a 2D Bose Gas	https://meetings-archive.aps.org/damop/2026/b11/6/		The nonequilibrium equation of state provides an effective thermodynamic-like description of far-from-equilibrium systems that exhibit steady states. Here, we experimentally construct the equation of state for the direct energy cascade in a turbulent two-dimensional Bose gas. Under continuous energy injection at a large length scale and matching dissipation at a small length scale, a nonthermal stationary state emerges, featuring a power-law cascade spectrum. We establish that the steady-state cascade is sustained by a scale-invariant energy flux that is independent of the dissipation scale, in accordance with the zeroth law of turbulence. Our equation of state takes the form of a power law 
B11/7	unrelated_excluded	主题不涉及 Rb/Rydberg/光镊/中性原子阵列或相关量子计算模拟工程。	optical_lattice_or_gas	Out-of-Equilibrium Trapped Gases I	Scaling of the spin-interaction energy spectrum in turbulent spinor Bose-Einstein condensates	https://meetings-archive.aps.org/damop/2026/b11/7/		Universal scaling laws in the kinetic energy spectrum are a hallmark of turbulence in both classical and quantum fluids. Recently, the formation of complex spin textures by chaotic spin dynamics in antiferromagnetic spin-1 Bose-Einstein condensates (BECs) was reported, and this approach was proposed as a new turbulence generation method. By measuring the spatial spin distribution in this turbulent system, we observed two distinct scaling regions in the spin-interaction energy power spectrum. The exponents are -1 and -7/3, which are distinct from the scaling laws in conventional turbulence. This novel scaling behaviors are explained by the spin hydrodynamic equation of the antiferromagnetic s
B11/8	unrelated_excluded	主题不涉及 Rb/Rydberg/光镊/中性原子阵列或相关量子计算模拟工程。	vapor_or_MOT	Out-of-Equilibrium Trapped Gases I	Droplet-gas phases in particle imbalanced mixtures	https://meetings-archive.aps.org/damop/2026/b11/8/	Quantum Science and Technology 10, 045074 (2025)	We map out the ground state phase diagram of two-component particle-imbalanced droplets in three-dimensional confinements. A gradual transition from mixed droplet-gas to gas configurations is identified upon tuning either the average intercomponent attraction or the transverse confinement. The mixed droplet structures are characterized by a droplet minority component, while the majority species splits into a droplet fragment (that follows the density‑ratio locking condition) and a surrounding gas fraction. The latter is tunable upon suitable variations of the atom number, the imbalance, the trap aspect ratio, or the confinement radius. Our extended Gross-Pitaevskii results are corroborated b
B11/9	related_excluded	平台是 optical lattice、BEC、quantum gas 或 gas microscope，不是 Rb87 optical tweezer Rydberg array。	quantum_sim;optical_lattice_or_gas	Out-of-Equilibrium Trapped Gases I	Theoretical Interpretation of Strong‑Field Stabilization in Shaken Bose-Einstein Condensates	https://meetings-archive.aps.org/damop/2026/b11/9/		We present a theoretical study of strong‑field stabilization in shaken Bose–Einstein condensates confined in a focused Gaussian‑beam optical trap, in the low‑frequency regime where the drive frequency is comparable to the trap’s harmonic confinement. Time‑dependent Gross–Pitaevskii simulations reproduce key experimental observations and reveal distinct dynamical regimes as the shaking amplitude α₀ is increased to values nearly an order of magnitude larger than the Gaussian beam waist w₀, which sets the characteristic spatial scale of the trap.For small amplitudes, the condensate follows the instantaneous trapping potential, and atom loss occurs primarily at the instantaneous peaks of the sha
B03/1	related_excluded	光镊/中性原子阵列相关，但摘要没有 Rb87 或 Rydberg 核心实验。	neutral_atom_array;gate_QEC;optical_lattice_or_gas	Atom Arrays	How one, two and many atoms scatter light	https://meetings-archive.aps.org/damop/2026/b03/1/		Scattering of light is one of the most elementary processes for atoms and is discussed in many textbooks. We have performed several light scattering experiments which reveal fundamental quantum aspects. At ultralow temperatures, light scattering is suppressed or enhanced by Pauli blocking and bosonic stimulation, respectively. We have experimentally investigated whether light is coherent and incoherent when scattered by single atoms. In a regular 3D array, coherent light scattering destructively interferes and is almost completely suppressed. Therefore, light scattering can distinguish a superfluid from a Mott insulator. For two atoms confined to less than 50 nm, we have observed the two-bod
B03/2	related_excluded	光镊/中性原子阵列相关，但摘要没有 Rb87 或 Rydberg 核心实验。	neutral_atom_array;quantum_sim	Atom Arrays	Atomic arrays as open quantum systems: scalability and steady-state order	https://meetings-archive.aps.org/damop/2026/b03/2/		I will discuss universal scaling laws for the maximal decay rate of many-body quantum systems and their implications for the scalability of quantum processors and simulators, where collective decay may impose fundamental limits through correlated errors. I will then show that these scaling laws are governed by the optical depth of the array, which emerges as the unifying physical parameter linking ordered and disordered ensembles. Finally, I will discuss steady-state behavior in one-dimensional reservoirs, where correlated decay and incoherent pumping together give rise to spin order and steady-state superradiance beyond the Dicke limit.
B03/3	unrelated_excluded	读完摘要后未发现可归入 Rb87 Rydberg 光镊平台近期实验/工程问题的内容。	Rydberg;neutral_atom_array;gate_QEC	Atom Arrays	Observation of collective emission of subwavelength atom-like emitter arrays	https://meetings-archive.aps.org/damop/2026/b03/3/		In 2020 we suggested quantum metasurfaces as a new platform for quantum optics. Quantum metasurfaces are subwavelength atomic arrays that quantum control the response to light by employing the enhanced collective response of subwavelength arrays along with Rydberg long-range interactions. Our original proposal was soon experimentally realized with ultra-cold atomic arrays and followed by many theoretical proposals, employing quantum metasurfaces to entanglement generation protocols and computing.I will present emitter arrays that are spatially scalable and potentially integrable with nanophotonics elements. In our experiments we deterministically prepare two-dimensional sub-wavelength Silico
B03/4	related_excluded	光镊/中性原子阵列相关，但摘要没有 Rb87 或 Rydberg 核心实验。	neutral_atom_array;gate_QEC;quantum_sim;optical_lattice_or_gas	Atom Arrays	Simulating large-scale (2+1)D U(1) lattice gauge theories with ultracold atoms	https://meetings-archive.aps.org/damop/2026/b03/4/		Neutral-atom quantum simulators in optical lattices provide a scalable platform for exploring strongly correlated quantum matter with single-atom resolution and control. Recent advances now enable two-dimensional arrays of hundreds to thousands of atoms, opening new opportunities to study emergent phenomena in strongly-correlated quantum systems.In this talk, I will highlight two recent directions that significantly advance the capabilities of lattice-based analog quantum simulators: the realization of large-scale two-dimensional U(1) lattice gauge theories and the study of their out-of-equilibrium dynamics, as well as recent progress in integrating digital control elements for flexible stat
B04/1	unrelated_excluded	主题不涉及 Rb/Rydberg/光镊/中性原子阵列或相关量子计算模拟工程。		Quantum Integrated Photonics	Frequency Domain Quantum Photonics	https://meetings-archive.aps.org/damop/2026/b04/1/		Quantum frequency conversion is the process by which the wavelength of a light field is converted to another wavelength while still fully maintaining its quantum state. I will describe our recent research that utilizes the nonlinear optical process of four-wave mixing to perform ultralow noise quantum frequency conversion with efficiencies approaching 100%. We also show how this nonlinear process can be used to realize other novel quantum phenomena in the frequency domain including Hong-Ou-Mandel interference, quantum communication, and an N-way beamsplitter.
B04/2	unrelated_excluded	平台是离子、固态或其他非中性原子光镊平台。	quantum_sim;cavity;metrology;Sr;ion_or_solid	Quantum Integrated Photonics	Semiconductor quantum systems	https://meetings-archive.aps.org/damop/2026/b04/2/	"1. ""Challenges and Opportunities for Quantum Information Hardware,"" David D. Awschalom, Hannes Bernien, Ronald Hanson, William Oliver, Jelena Vuckovic, Science Vol. 390, pp. 1004-1010, DOI:10.1126/science.adz8659 (2025) 2. ""Quantum critical electro-optic and piezo-electric nonlinearities,"" Christopher P. Anderson*, Giovanni Scuri*, Aaron Chan, Sungjun Eun, Alexander White, Geun Ho Ahn, Christie Jilly-Rehak, Amir Safavi-Naeini, Kasper Van Gasse, Lu Li, and Jelena Vuckovic, Science, vol. 390, No. 6771, pp. 394-399 (2025) 3.""Titanium:sapphire on insulator integrated lasers and amplifiers,"" Joshua Yang, Kasper Van Gasse, Daniil Lukin, Melissa Guidry, Geun Ho Ahn, Alexander White, Jelena Vuckovic, Nature, vol. 630, pp. 853–859 (2024) 4. ""Quantum Nanophotonic Interface with Tin-Vacancy Centers in Thin-Film Diamond,"" Hope Lee, Hannah C. Kleidermacher, Abigail J.M. Stein, Hyunseok Oh, Lillian Hughes, Casey Kim, Luca Basso, Andy Mounce, Shei S. Shu, Michael Titze, Ania B. Jayich, and Jelena Vuckovic (2025) [arxiv: 2511.05740] 5. ""Mesoscopic cavity quantum electrodynamics with phase-disordered emitters in a Kerr nonlinear resonator,"" Daniil M. Lukin*, Bennet Windt*, Miguel Bello*, Dominic Catanzaro*, , Melissa A. Guidry, Eran Lustig, Souvik Biswas, Giovanni Scuri, Trung Kien Le, Joshua Yang, Arina A. Nikitina, Misagh Ghezellou, Hiroshi Abe, Takeshi Ohshima, Jawad Ul-Hassan, and Jelena Vuckovic (2025) [arXiv:2504.09324]"	"Quantum technologies need photonics for scaling. This is true even for ""non-photonic"" quantum systems based on superconductors, or trapped atoms and ions in vacuum. For example, new types of spatial light modulators and switches are needed to trap and control atoms and ions, microwave to optical quantum transducers are needed for networking superconducting processors, chip-scale laser systems are required for controlling atoms or spin qubits in solids, and very high efficiency integrated photonics is needed for quantum networks, sensors, and chip-based semiconductor quantum systems. Unfortunately, these photonics functionalities and performances are not available even in today's best integra"
B04/3	related_excluded	平台是 optical lattice、BEC、quantum gas 或 gas microscope，不是 Rb87 optical tweezer Rydberg array。	gate_QEC;metrology;optical_lattice_or_gas	Quantum Integrated Photonics	Direct observation of 5 dB quantum noise squeezing from a SiN micro-ring with the aid of an on-chip parametric amplifier	https://meetings-archive.aps.org/damop/2026/b04/3/		Integration of quantum optical devices on a chip has been a goal to achieve scalable optical quantum computing and portable quantum sensing devices. Most efforts have focused on single/two-photon devices for discrete quantum information processing. Recently, more activities were seen in the on-chip generation of squeezed and EPR-type entangled states with micro-rings chi-3-nonlinear four-wave mixing, and with thin-film waveguides of chi-2-nonlinear frequency down conversion processes. These continuous variable quantum optical devices are suitable for quantum sensing purposes. However, the currently reported quantum noise reduction effects were limited to around 2 dB because of large coupling
B04/4	unrelated_excluded	读完摘要后未发现可归入 Rb87 Rydberg 光镊平台近期实验/工程问题的内容。	gate_QEC	Quantum Integrated Photonics	Collective dynamics of an atomic ensemble coupled to a microring resonator	https://meetings-archive.aps.org/damop/2026/b04/4/	X. Zhou, D. A. Suresh, F. Robicheaux, C.-L. Hung, Phys. Rev. Lett. 135, 113601 (2025). D. A. Suresh, X. Zhou, C.-L. Hung, F. Robicheaux, Phys. Rev. A 112, 043717 (2025).	Integrating neutral atoms with nanophotonic structures enables engineered atom-light interactions, giving rise to rich quantum optics phenomena and new opportunities for quantum technologies. A key example is collective emission from densely packed atoms coupled to nanophotonic waveguides or resonators, where strong atom-atom interactions mediated by free-space radiation modes and the nanophotonic guided modes coexist and compete. In this work, we investigate how collective emission develops in the presence of a nanophotonic structure, using singly to nearly-fully excited ensemble of up to 70 atoms evanescently coupled to a nanophotonic microring resonator. We present the experimental platfo
B04/5	unrelated_excluded	读完摘要后未发现可归入 Rb87 Rydberg 光镊平台近期实验/工程问题的内容。	gate_QEC;metrology	Quantum Integrated Photonics	Generation of Long-distance Many-body Entangled States in Atoms Coupled to Waveguides.	https://meetings-archive.aps.org/damop/2026/b04/5/		Generating entangled many-body states between macroscopically separated atoms is an essential resource for distributed quantum sensing and quantum communication applications. In this work, we develop and theoretically demonstrate a probabilistic protocol to herald many-body atomic entangled states in an ordered array of multilevel atoms coupled to a waveguide. Initializing the atomic array in an uncorrelated state, with one excited 'emitter atom' in front of the array, we find that the subsequent collective dynamics of the atomic array and the photon emitted by the 'emitter atom’ are entangled. We thus propose an optimal configuration for a photodetection measurement on the scattered field t
B04/6	related_excluded	Rydberg/Rb 相关但平台是 vapor/MOT/molasses/EIT/cold ensemble，不是 optical tweezer array。	Rb;gate_QEC;cavity;metrology;vapor_or_MOT	Quantum Integrated Photonics	A chip-scale atomic beam for non-classical light	https://meetings-archive.aps.org/damop/2026/b04/6/	https://arxiv.org/abs/2506.00199 Paper submitted to Science Advances, under review	Room temperature thermal atoms have proven to be a powerful resource for magnetometry, electrometry, atom-entanglement generation, and robust atomic clocks. Recent efforts have sought to realize compact and highly manufacturable atomic vapors and atomic beams for chip-scale magnetometry and atomic clocks. We show progress towards integrating a high finesse optical cavity and rubidium beam source into a single package to create a chip-scale cavity QED platform. The compatibility of these two technologies will set the stage for using cavity-QED to enhance the performance of chip-scale magnetometers and atomic clocks and open a new path for distributed sources of non-classical light.
B04/7	related_excluded	平台是 optical lattice、BEC、quantum gas 或 gas microscope，不是 Rb87 optical tweezer Rydberg array。	gate_QEC;optical_lattice_or_gas	Quantum Integrated Photonics	Fast fluxonium readout with photon pumping and bath engineering	https://meetings-archive.aps.org/damop/2026/b04/7/		Circuit quantum electrodynamics with fluxonium qubits, a leading platform for quantum computation, continues to face the key challenge of achieving rapid and high-fidelity qubit readout. In this work, we propose an innovative, experimentally feasible readout scheme that relies on photon pumping. The geometric pumping transfers energy between an external periodic flux drive and resonant photonic output states via a higher-order filter, with the direction of energy transfer determined by the fluxonium qubit's basis state. Using Floquet adiabatic perturbation theory, we show that when initialized near a Floquet eigenstate, the qubit remains nearly perfectly confined to a single Floquet band thr
B05/1	unrelated_excluded	主题不涉及 Rb/Rydberg/光镊/中性原子阵列或相关量子计算模拟工程。	molecule	Attosecond XFEL Science	Compact X-ray Free Electron Laser Development at ASU	https://meetings-archive.aps.org/damop/2026/b05/1/		This talk will highlight the development of a Compact X-ray Free Electron Laser (CXFEL) at Arizona State University's Biodesign Institute. CXFEL builds on the latest advances in laser technology and electron beam physics to produce a room-sized (roughly 10m long) X-ray laser with full coherence in time and space. The CXFEL will uniquely offer full control of the X-ray phase using electron-beam patterning that allows customized time-structure of the beam, e.g., attosecond pulses, very narrow linewidths, and precise timing between multiple pulses with different colors. CXFEL will support multiple end-stations to conduct femtosecond and attosecond X-ray spectroscopy, small- and wide-angle X-ray
B05/2	unrelated_excluded	主题不涉及 Rb/Rydberg/光镊/中性原子阵列或相关量子计算模拟工程。	molecule	Attosecond XFEL Science	Attosecond Science with X-ray Free Electron Lasers	https://meetings-archive.aps.org/damop/2026/b05/2/		The ultrafast motion of electrons is a key to our understanding of chemical reactivity. Electronic rearrangement is the means by which light energy is harnessed in photochemistry. The timescale for coherent electron dynamics spans from few-femtosecond to attosecond timescales. While the initial charge dynamics following impulsive excitation begins as a purely electronic motion, the wavepacket will quickly couple to other degrees of freedom in the system (i.e. nuclear motion or chemical dynamics) and lead to localization of the charge. The transfer of electronic charge across molecular bonds is fundamental to an understanding of charge transfer phenomena. The study of these fundamental phenom
B05/3	unrelated_excluded	主题不涉及 Rb/Rydberg/光镊/中性原子阵列或相关量子计算模拟工程。	molecule	Attosecond XFEL Science	Attosecond Ionization Dynamics and Non‑Perturbative X‑ray Strong‑Field Physics at XFELs	https://meetings-archive.aps.org/damop/2026/b05/3/		Recent advances in X‑ray free‑electron laser (XFEL) technology have opened new opportunities to probe photoionization dynamics on attosecond timescales and to access strong‑field regimes at X‑ray wavelengths that were previously experimentally inaccessible. In this talk, I will discuss two complementary classes of XFEL experiments that together illuminate the timing and mechanisms of electron emission in atoms and molecules. First, I will address attosecond photoemission delays measured using circular streaking techniques, with a focus on extending ionization‑delay chronoscopy from linearly to circularly polarized probes. I will also address the challenges of interpreting streaking delays at
B05/4	unrelated_excluded	主题不涉及 Rb/Rydberg/光镊/中性原子阵列或相关量子计算模拟工程。		Attosecond XFEL Science	Characterization and first applications of attosecond soft X-ray pulses at the European XFEL	https://meetings-archive.aps.org/damop/2026/b05/4/		Based on advanced electron bunch compression techniques [1], intense ultrashort X-ray pulses at high repetition rate are now available for user experiments at the European X-ray Free Electron Laser (EuXFEL) in Germany. Pulse durations down to about 300 attosecond and pulse energies up to 1 mJ can be generated in the soft X-ray photon energy region between 400 and 3000 eV enabling a multitude of novel scientific applications in the field of non-linear physics and time-resolved studies. To fully exploit these high performances of the EuXFEL, a set-up for single pulse characterization has been permanently installed at the Small Quantum Systems (SQS) scientific instrument allowing to determine s
B06/1	unrelated_excluded	主题不涉及 Rb/Rydberg/光镊/中性原子阵列或相关量子计算模拟工程。	Yb;Sr;Cs;molecule;vapor_or_MOT;ion_or_solid	Precision Spectroscopy in Exotic Systems	QSNET, A network of clocks for measuring the stability of fundamental constants	https://meetings-archive.aps.org/damop/2026/b06/1/	"G. Barontini, et al., ""Measuring the stability of fundamental constants with a network of clocks"", EPJ Quantum Technology 9, 12 (2022) https://qsnet.org.uk/publications/"	I will discuss the QSNET project, which is building a network of atomic and molecular clocks in the UK to achieve unprecedented sensitivity to testing variations of the fine-structure constant, α, and the electron-to-proton mass ratio, μ. This in turn will allow us to either discover that fundamental constants are actually not constant, or to provide more stringent constraints on a wide range of fundamental and phenomenological “new physics” models. These include models of dark energy, ultra-light dark matter and grand unification models. The project currently includes several atomic clocks (Sr, Yb+, Cs) at the National Physical Laboratory, a molecular ion clock (N2+) at the University of Su
B06/2	unrelated_excluded	平台是离子、固态或其他非中性原子光镊平台。	quantum_sim;cavity;metrology;optical_lattice_or_gas;ion_or_solid	Precision Spectroscopy in Exotic Systems	Forbidden extreme-ultraviolet transitions in highly charged ions for frequency metrology	https://meetings-archive.aps.org/damop/2026/b06/2/		Forbidden transitions of various multipolarities appear in highly charged ions (HCI) belonging to many different isoelectronic sequences. Moreover, these transitions span an energy range extending from the optical up to the X rays. The outermost electron of an HCI cannot be photoionized by photons with energies below the threshold given by its high binding energy. This enables laser excitation and, consequently, frequency metrology in the extreme ultraviolet (XUV) region, where electronic transitions exhibit larger relativistic, quantum electrodynamic, and nuclear-size effects than at optical frequencies. This also makes them more sensitive to new physics than neutral or singly ionized speci
B06/3	unrelated_excluded	主题不涉及 Rb/Rydberg/光镊/中性原子阵列或相关量子计算模拟工程。	ion_or_solid	Precision Spectroscopy in Exotic Systems	T-violation search using nuclei in a crystal	https://meetings-archive.aps.org/damop/2026/b06/3/		The nature of dark matter, and the origin of the matter-antimatter imbalance of the universe, are glaring gaps in our understanding of high-energy physics. The breakdown of time-reversal symmetry (T) at ultra-high energy scales -- far above the reach of particle colliders -- is believed to underlie one or both of these puzzles. Fortunately, T-symmetry violation at extreme energy scales can be probed through precision measurements. Our experiments use 153Eu, which exhibits an enhanced response to beyond-Standard-Model T-violation. The nuclear response is further amplified by electron-nuclear interactions in polarized Eu3+ ions in a crystal. The resulting characteristic energy shifts between h
B06/4	unrelated_excluded	读完摘要后未发现可归入 Rb87 Rydberg 光镊平台近期实验/工程问题的内容。	metrology	Precision Spectroscopy in Exotic Systems	Laser-driven Mössbauer spectroscopy for nuclear clock	https://meetings-archive.aps.org/damop/2026/b06/4/		229Thorium-doped crystals offer a unique opportunity to scale up the size of quantum systems with intrinsically long coherence times, opening the door for high performance nuclear clocks for fundamental physics explorations. The combination of ultrafast optics and precision metrology has built us new tools such as a vacuum ultraviolet frequency comb, enabling the recent breakthrough of quantum-state-resolved laser spectroscopy of this nuclear clock system. I will present some latest progress in this system, including frequency reproducibility, linewidth broadening, and new spectroscopy probes. This unification of precision metrology and nuclear physics sparks new ideas for testing fundamenta
B07/1	unrelated_excluded	平台是离子、固态或其他非中性原子光镊平台。	gate_QEC;metrology;ion_or_solid	Quantum Metrology I	Spin dynamics in an one-dimensional randomly interacting dipolar spin system	https://meetings-archive.aps.org/damop/2026/b07/1/		Understanding the dynamics of positionally disordered, dipolar interacting spin systems has been a question whose answer remains elusive. In particular, this question is central to solid state-based platforms such as defect centers in diamond since positions of these defects are randomly generated during growth. In addition to the ongoing efforts to create positionally ordered defect lattices, progress has been made towards generating controlled entanglement in the absence of an ordered lattice. Here we investigate the dynamics of a positionally disordered, quasi-1D spin system inside diamond composed of substitutional nitrogen defects (P1 centers) and nitrogen-vacancy centers (NV centers). 
B07/2	unrelated_excluded	平台是离子、固态或其他非中性原子光镊平台。	quantum_sim;metrology;vapor_or_MOT;ion_or_solid	Quantum Metrology I	Broadband sensing with hybrid-spin decoupling using nitrogen-vacancy centres	https://meetings-archive.aps.org/damop/2026/b07/2/	Preprint: arXiv:2511.16732 Submitted to peer-reviewed journal.	The nitrogen-vacancy (NV) center is one of various defects in diamond, consisting of a substitutional nitrogen and a neighboring missing carbon atom. It is a promising candidate for various applications given its high sensitivities under ambient conditions. With its electron spin, it can sense quantities such as magnetic fields, important for battery monitoring, and temperature, useful in biology for mapping of the cell activity. Moreover, quantum sensors are gaining attention for fundamental physics [1,2].High sensitivities are thus essential for quantum sensors, with noise sources a significant limiting factor. Decoupling sequences increase coherence times and hence sensitivities, but only
B07/3	unrelated_excluded	平台是离子、固态或其他非中性原子光镊平台。	gate_QEC;metrology;ion_or_solid	Quantum Metrology I	Electrostatic control of NV charge states for quantitative pH sensing at diamond–electrolyte interfaces	https://meetings-archive.aps.org/damop/2026/b07/3/		Nanoscale pH sensing is important for studying local biochemical and electrochemical processes, but conventional fluorescent indicators can be nonreusable and unstable under harsh conditions. Nitrogen-vacancy (NV) centers in diamond provide a robust sensing platform scalable from nanodiamonds to bulk crystals. We present a pH readout approach for electrolyte solutions in contact with diamond based on the NV-/NV0 fluorescence ratio. By applying and scanning an external voltage, we electrostatically tune the NV charge-state response and support pH discrimination over an extended operating range. The results support voltage-assisted, diamond-based pH sensing for applications in electrochemistry
B07/4	unrelated_excluded	读完摘要后未发现可归入 Rb87 Rydberg 光镊平台近期实验/工程问题的内容。	metrology	Quantum Metrology I	Light shift suppression for a vector CPT magnetometer	https://meetings-archive.aps.org/damop/2026/b07/4/	1. M. A. Maldonado et al, Opt. Lett. 51, 257-260 (2026) 2. M. Gonzalez Maldonado et al, Opt. Express 32, 25062-25073 (2024) 3. J. A McKelvy et al, Mach. Learn.: Sci. Technol. 4 045048 (2023)	Vector magnetometers based on coherent population trapping (CPT) measures both orientations and magnitudes of the magnetic fields. Its potential of low SWAPs makes it attractive for applications like magnetic navigation, space and earth geophysics, and magnetic anomaly detection where the stability and accuracy are critical. In this work, we demonstrate a scheme to suppress the light shift by using linearly polarized light and a differential measurement between magnetic resonances to improve the long-term stability.The radio frequency that creates the optical sidebands for CPT quickly switches between two magnetic sensitive transitions with direct digital synthesizer (DDS), and the magnetic 
B07/5	included_in_topic_abstract	已写入 abstract.qmd。	Rydberg;gate_QEC;quantum_sim;metrology	Quantum Metrology I	Analog Approach to Quantum Computing Enhanced Sensing	https://meetings-archive.aps.org/damop/2026/b07/5/		Quantum information processing can significantly enhance certain quantum sensing tasks. Recent proposals, however, require sophisticated gate sequences with large depth, limiting their accessibility to near-term devices. Since sensing is inherently analog—and fault-tolerant quantum computers could add unnecessary overhead for such targeted tasks—this motivates simpler, purpose-built implementations of quantum-enhanced sensing algorithms. Here, we propose a fully analog implementation of Grover-enhanced, broadband AC signal detection. Our approach requires using only pairwise interactions and a small set of parametric modulations whose number scales logarithmically with the searched bandwidth
B07/6	related_excluded	Rydberg/Rb 相关但平台是 vapor/MOT/molasses/EIT/cold ensemble，不是 optical tweezer array。	metrology;vapor_or_MOT	Quantum Metrology I	Developing a Centiliter Scale, Low Power Vacuum Cell for Atom Interferometry in Microgravity	https://meetings-archive.aps.org/damop/2026/b07/6/		Atom interferometry has the potential to surpass the long term stability of classical accelerometers while retaining sensitivity and accuracy. Such accelerometers would be of great use on spacecraft for navigation and tracking, as well as scientific missions investigating gravitational fields or anomalous forces. We at JPL are developing an Atomic Drag-free Accelerometer (ADA) for space applications as part of the Maturation of Instruments for Solar System Exploration (MatISSE) program.Continued work at JPL has developed a highly compact vacuum cell with minimal power requirements. We seek to report the status of this system in providing a miniaturized platform for cold atom experiments as w
B07/7	unrelated_excluded	读完摘要后未发现可归入 Rb87 Rydberg 光镊平台近期实验/工程问题的内容。	gate_QEC;metrology	Quantum Metrology I	Secure quantum ranging	https://meetings-archive.aps.org/damop/2026/b07/7/	Phys. Rev. Lett. 135, 260802 (2025)	Determining and verifying an object’s position is a fundamental task in sensing and navigation. We present a secure quantum ranging protocol that combines quantum-enhanced ranging with quantum position verification, enabling both high-precision distance estimation and the detection of spoofing attacks. Our scheme employs frequency-entangled photonic states distributed from two spatially separated verifiers to a prover, who performs a pre-negotiated operation and returns the states to the verifiers without delay. The protocol achieves Heisenberg-limited precision in position estimation while remaining secure against dishonest adversaries attempting to impersonate a prover at a false location.
B07/8	related_excluded	Rydberg/Rb 相关但平台是 vapor/MOT/molasses/EIT/cold ensemble，不是 optical tweezer array。	metrology;Cs;vapor_or_MOT	Quantum Metrology I	Precision Doppler thermometry in a portable optical frequency reference	https://meetings-archive.aps.org/damop/2026/b07/8/		High-precision laser spectroscopy is a key tool for probing fundamental physics and enabling quantum atom optics applications such as quantum sensing, precision thermometry, and metrology. We report a compact laser–spectroscopy module based on an additively manufactured opto-mechanical housing, designed for stable operation in both laboratory and outdoor environments. The system integrates a diode-laser module with a μ-metal-shielded 133Cs vapor spectroscopy unit, providing a robust frequency reference and thermometric capability within a single modular footprint. The absorption spectra recorded over a range of vapor-cell temperatures and varying probe powers are analyzed to extract the Dopp
B07/9	related_excluded	平台是 optical lattice、BEC、quantum gas 或 gas microscope，不是 Rb87 optical tweezer Rydberg array。	gate_QEC;cavity;metrology;Sr;optical_lattice_or_gas	Quantum Metrology I	Gap-Protected Quantum Sensing with Hyperfine and Clock Levels	https://meetings-archive.aps.org/damop/2026/b07/9/		Optical lattice clocks based on ultranarrow optical transitions are among the most precise sensors ever realized. Yet despite their exquisite performance, state-of-the-art clocks still operate with coherent spin states, leaving a major opportunity for quantum-enhanced metrology. A unique feature of leading clock atoms such as 87Sr is that, beyond the two clock states, each manifold contains a large hyperfine (nuclear-spin) structure that remains largely unused during clock operation. Here we propose to turn these “idle” hyperfine states into a resource for metrologically useful entanglement. Our central idea is to leverage the naturally present orbital–nuclear spin coupling within each atom 
B07/10	unrelated_excluded	读完摘要后未发现可归入 Rb87 Rydberg 光镊平台近期实验/工程问题的内容。	metrology	Quantum Metrology I	Searching for axion dark matter with magnetic resonance force microscopy	https://meetings-archive.aps.org/damop/2026/b07/10/	https://arxiv.org/abs/2208.01982	We propose a magnetic resonance force microscopy (MRFM) search for axion dark matter around 1 GHz. The experiment leverages the axion's derivative coupling to electrons, which induces an effective A.C. magnetic field on a sample of electron spins polarized by a D.C. magnetic field and a micromagnet. A second pump field at a nearby frequency enhances the signal, with the detuning matched to the resonant frequency of a magnet-loaded mechanical oscillator. The resulting spin-dependent force is detected with high sensitivity via optical interferometry. Accounting for the relevant noise sources, we show that current technology can be used to put constraints competitive with those from laboratory 
B08/1	unrelated_excluded	主题不涉及 Rb/Rydberg/光镊/中性原子阵列或相关量子计算模拟工程。	Cs;molecule;vapor_or_MOT;optical_lattice_or_gas	Laser Cooling and Magneto-Optical Trapping of Atoms and Molecules	Blue-detuned magneto-optical trap of cesium for laser cooling and optical transport with static magnetic fields	https://meetings-archive.aps.org/damop/2026/b08/1/		Neutral-atom platforms increasingly require cooling and trapping techniques compatible with static magnetic fields, a challenge for alkali atoms due to the reliance of conventional sub-Doppler cooling on time-varying fields. We demonstrate a simple solution by realizing a blue-detuned, type-II magneto-optical trap (MOT) in cesium. After a standard red-detuned MOT, cooling on the closed F=3→F'=2 transition at 852 nm provides a second stage of laser cooling to temperatures near 20 μK and enables direct loading into a one-dimensional optical lattice. We further demonstrate optical transport of the trapped atomic ensemble without changing the magnetic field configuration. This approach offers a 
B08/2	related_excluded	涉及分子、分子显微镜、polar molecule 或 RbCs/KRb/NaCs 混合系统；不是 Rb87 Rydberg atom tweezer array。	metrology;molecule;vapor_or_MOT	Laser Cooling and Magneto-Optical Trapping of Atoms and Molecules	Narrow-line magneto-optical trap of titanium atoms	https://meetings-archive.aps.org/damop/2026/b08/2/	We are currently preparing a paper detailing the Ti narrow-line MOT.	Ultracold titanium possesses favourable properties for optical metrology and studies of spin-orbit coupling. Here, we present a magneto-optical trap (MOT) of titanium on a narrow transition (Γ/2𝜋 = 11.3 kHz). This second-stage, narrow-line MOT reduces the temperature of atoms by more than an order of magnitude compared to the initial broad-line MOT, cooling atoms to &lt;2 μK. We report the lifetime, constrain two-body losses and branching ratio, and show the spontaneous spin-polarization of atoms in the narrow-line MOT. Finally, we discuss next steps towards achieving a quantum degenerate gas of titanium atoms.
B08/3	unrelated_excluded	主题不涉及 Rb/Rydberg/光镊/中性原子阵列或相关量子计算模拟工程。	Cs;molecule;vapor_or_MOT	Laser Cooling and Magneto-Optical Trapping of Atoms and Molecules	Type-ll Blue-detuned MOT for Cesium and Lithium	https://meetings-archive.aps.org/damop/2026/b08/3/		Red-detuned type-I magneto-optical traps (MOTs) are an essential tool in atomic physics, relying on red detuning to produce a velocity-dependent cooling force and on closed cycling transitions to avoid population loss into dark states. Recently, blue-detuned type-II MOTs have emerged as an alternative cooling technique, using blue-detuned light and type-II transitions to intentionally exploit dark states and enable sub-Doppler cooling. We report the realization of a type-ll MOT for cesium using several different type-II transitions and characterize its cooling behavior. We also present our progress toward implementing a type-ll MOT for lithium, highlighting challenges associated with its unr
B08/4	related_excluded	涉及分子、分子显微镜、polar molecule 或 RbCs/KRb/NaCs 混合系统；不是 Rb87 Rydberg atom tweezer array。	cryo;molecule;vapor_or_MOT	Laser Cooling and Magneto-Optical Trapping of Atoms and Molecules	Chirped magneto-optical trap of molybdenum	https://meetings-archive.aps.org/damop/2026/b08/4/	Phys. Rev. A 112, 063112 (2025) (https://doi.org/10.1103/49lr-6slw)	We directly load a magneto-optical trap of molybdenum from a cryogenic beam by chirping the trapping laser detuning. Trapped samples are optimized for atom number, temperature, and lifetime. We subsequently load into a magnetic trap and determine the vacuum-limited lifetime. The lifetimes of the magneto-optically trapped sample and the magnetically trapped sample allows us to determine the two leading partial decay rates out of the laser cooling transition. We are also able to determine the isotope shift for the cycling transition for all stable bosonic isotopes of molybdenum, with up to four times improved precision over previous measurements. Finally, we discuss prospects for trapping magn
B08/5	related_excluded	涉及分子、分子显微镜、polar molecule 或 RbCs/KRb/NaCs 混合系统；不是 Rb87 Rydberg atom tweezer array。	quantum_sim;molecule;vapor_or_MOT	Laser Cooling and Magneto-Optical Trapping of Atoms and Molecules	1D Magneto-Optical Forces in AlCl	https://meetings-archive.aps.org/damop/2026/b08/5/		Ultracold molecules promise access to a diverse range of high-impact research directions, including quantum simulation, ultracold chemistry, and precision measurement. Within this landscape, aluminum monochloride (AlCl) is a particularly strong candidate for quantum simulation applications. Its strong cycling transitions, favorable vibrational branching, and permanent electric dipole moment make it highly suitable for direct laser cooling and magneto-optical trapping. Here, we report the observation and characterization of 1D magneto-optical forces in an AlCl molecular beam. These measurements confirm the presence of forces necessary for magneto-optical trapping and lay the foundation for fu
B08/6	unrelated_excluded	主题不涉及 Rb/Rydberg/光镊/中性原子阵列或相关量子计算模拟工程。	molecule;vapor_or_MOT	Laser Cooling and Magneto-Optical Trapping of Atoms and Molecules	Three-Dimensional Magneto-Optical Trapping of Calcium Monohydride Molecules	https://meetings-archive.aps.org/damop/2026/b08/6/	arXiv:2512.22350	Laser-cooled and trapped calcium monohydride (CaH) molecules provide a new platform for studies of ultracold molecular physics and chemistry. We report the first realization of a radio-frequency magneto-optical trap (MOT) of CaH molecules. The MOT contains a few hundred molecules and is currently limited by a low-flux molecular source and predissociative loss channels in CaH. We discuss ongoing improvements, including increased slowing-laser power and chirped laser slowing, aimed at substantially enhancing the trapped population. We will also present progress toward a blue-detuned MOT to achieve higher molecular densities. Trapped CaH molecules open new opportunities for exploring ultracold 
B08/7	related_excluded	涉及分子、分子显微镜、polar molecule 或 RbCs/KRb/NaCs 混合系统；不是 Rb87 Rydberg atom tweezer array。	quantum_sim;molecule;vapor_or_MOT;ion_or_solid	Laser Cooling and Magneto-Optical Trapping of Atoms and Molecules	Magneto-Optical Trapping of CaH: Toward Controlled Ultracold Chemistry	https://meetings-archive.aps.org/damop/2026/b08/7/		Our recent demonstration of the magneto-optical trapping of calcium monohydride (CaH) molecules opens new prospects for high-precision hydrogen spectroscopy and studies of ultracold chemical reactions. A two-photon stimulated pathway can be implemented to coherently dissociate the trapped CaH molecules, producing an ultracold and trapped sample of hydrogen atoms for high-precision spectroscopy. Furthermore, external magnetic fields could control chemical reactivity by tuning selected hyperfine states. Specifically for the Li + CaH --&gt; LiH + Ca reaction, reactivity can be suppressed via the magnetic decoupling of electronic and nuclear spins. Ultracold CaH is a promising platform for demon
B08/8	related_excluded	涉及分子、分子显微镜、polar molecule 或 RbCs/KRb/NaCs 混合系统；不是 Rb87 Rydberg atom tweezer array。	gate_QEC;molecule;vapor_or_MOT	Laser Cooling and Magneto-Optical Trapping of Atoms and Molecules	Optimized optical cycling in MgF molecules toward laser cooling and slowing	https://meetings-archive.aps.org/damop/2026/b08/8/	Kwon, K., Roh, S., Cho, Y. et al. Optical cycling of MgF molecules within the hyperfine states in X(N=1) state. Sci Rep 16, 102 (2026)	Efficient laser cooling of molecules requires the realization of a closed optical cycling transition in the presence of vibrational, rotational, and hyperfine structure. In this work, we investigate and optimize optical cycling in magnesium monofluoride (MgF), which is a key prerequisite for laser cooling. The highly diagonal Franck–Condon factors of MgF make it possible to achieve on the order of 10⁴ photon scattering events using the main cooling laser and two vibrational repumpers.We first optimize optical cycling on the rotationally closed P1/Q12(1) transition of the A–X(0,0) band at 359 nm. Due to unresolved hyperfine structure in both the excited and ground states of MgF, all relevant 
B08/9	related_excluded	涉及分子、分子显微镜、polar molecule 或 RbCs/KRb/NaCs 混合系统；不是 Rb87 Rydberg atom tweezer array。	quantum_sim;molecule;vapor_or_MOT;optical_lattice_or_gas	Laser Cooling and Magneto-Optical Trapping of Atoms and Molecules	Progress towards a magneto-optical trapping of MgF molecules for quantum simulation	https://meetings-archive.aps.org/damop/2026/b08/9/		Recent progress has seen the emergence of dipolar quantum simulators using magnetic atoms and polar molecules. Here we introduce a quantum simulation platform that employs a two-dimensional optical lattice of directly laser-cooled magnesium monofluoride (MgF) molecules. We report our progress towards magneto-optical trapping (MOT) for both bosonic 24MgF and fermionic 25MgF isotopologues. We present the current performance of our 24MgF molecular source. We perform hyperfine spectroscopy of 25MgF necessary for laser cooling and trapping. We also perform simulations of the MOT capture for both 24MgF and 25MgF and discuss the feasibility of making a MOT of fermionic molecules with the knowledge 
B08/10	related_excluded	涉及分子、分子显微镜、polar molecule 或 RbCs/KRb/NaCs 混合系统；不是 Rb87 Rydberg atom tweezer array。	quantum_sim;Yb;molecule;vapor_or_MOT	Laser Cooling and Magneto-Optical Trapping of Atoms and Molecules	Magneto-optical trapping of neutral atoms in a light-induced effective magnetic field	https://meetings-archive.aps.org/damop/2026/b08/10/		The ability to produce cold, dense ensembles of neutral atoms is fundamental for many atomic physics experiments and is typically achieved using a magneto-optical trap (MOT). Despite being versatile and robust, the quadrupole magnetic field of a MOT poses difficulties for experiments that are magnetically sensitive. We propose a cold atom trapping method without the use of magnetic fields, replacing a MOT’s magnetic field with additional laser beams that produce an equivalent effective magnetic field using vector light shifts. This effective field induces a spatial dependence to the scattering force from optical molasses beams, trapping the atoms as in a MOT, which we call an “opto-optical t
B10/1	related_excluded	光镊/中性原子阵列相关，但摘要没有 Rb87 或 Rydberg 核心实验。	tweezer;quantum_sim;cavity;metrology	Quantum Simulation I	Robust Hamiltonian engineering with subensemble control	https://meetings-archive.aps.org/damop/2026/b10/1/	"Planned paper: ""Robust Hamiltonian engineering with subensemble control"""	We study a Hamiltonian engineering protocol based on the global, pulsed control of multiple sub-ensembles of interacting spin systems. This setting is directly relevant to NV centers with different crystalline orientations or multi-species atomic ensembles. Specifically, we aim to realize a target Hamiltonian consisting of desired inter- and intra-species interactions by reshaping a given native spin Hamiltonian via a sequence of pulses. Unlike earlier works, the simultaneous engineering of inter- and intra-species interactions imposes severe constraints, making our task provably computationally hard. Despite its formal hardness, we identify a set of conditions under which a target Hamiltoni
B10/2	related_excluded	平台是 optical lattice、BEC、quantum gas 或 gas microscope，不是 Rb87 optical tweezer Rydberg array。	quantum_sim;cavity;metrology;optical_lattice_or_gas	Quantum Simulation I	Engineering Universal Nonlinear Collective-Spin Hamiltonians in Cavity QED	https://meetings-archive.aps.org/damop/2026/b10/2/		We present a protocol for engineering effective universal nonlinear Hamiltonians in a collective-spin system coupled to the bosonic modes of an optical cavity QED apparatus. Cavity-mediated interactions are commonly treated within a quadratic truncation, yielding pairwise spin–spin couplings that underlie one-axis twisting Hamiltonian. Here, we go beyond this standard approximation and analytically derive higher-order contributions to the effective collective-spin Hamiltonian, retaining terms up to seventh order in the collective spin operators.We show that the resulting k-body interaction strengths scale as the k-th power of the single-atom cooperativity, providing a direct and experimental
B10/3	related_excluded	涉及分子、分子显微镜、polar molecule 或 RbCs/KRb/NaCs 混合系统；不是 Rb87 Rydberg atom tweezer array。	neutral_atom_array;quantum_sim;molecule	Quantum Simulation I	Stabilization of many-body correlated states in dipolar interacting systems	https://meetings-archive.aps.org/damop/2026/b10/3/		Preparing correlated quantum states is essential for emerging technologies, but remains challenging in many-body systems. Here we propose a dissipative protocol that engineers nonreciprocal, energy-selective transitions to steer dipolar quantum systems toward desired many-body states. This is realized by introducing two types of controllable dissipative auxiliary atoms that act as nonreciprocal excitation and de-excitation channels, respectively, enabling a directional walk in Hilbert space. This approach enables stabilization of states across the many-body spectrum, not limited to the ground state and requiring no a priori knowledge of the Hamiltonian, providing a flexible framework for sta
B10/4	included_in_topic_abstract	已写入 abstract.qmd。	Rydberg;gate_QEC;quantum_sim;ion_or_solid	Quantum Simulation I	Probing the coherence of quantum spin liquids with time-reversal protocols	https://meetings-archive.aps.org/damop/2026/b10/4/		Quantum simulators have reached levels of coherence and control over large system sizes enabling them to target quantum spin liquids - phases of matter characterized by their structure of entanglement rather than a local order parameter. Universal, robust and accessible observables are a major obstacle to fully characterize the phases, such as the coherences between loop configurations in the toric code. Here, we propose an experimentally feasible protocol to measure multiple quantum coherences (MQCs), first developed in nuclear magnetic resonances and recently implemented in trapped ions via time reversal. MQCs can be seen as a type of out-of-time-order correlator. We benchmark our method f
B10/5	related_excluded	Rydberg/Rb 相关但平台是 vapor/MOT/molasses/EIT/cold ensemble，不是 optical tweezer array。	gate_QEC;quantum_sim;vapor_or_MOT	Quantum Simulation I	Scalable Quantum Circuits for Many Body Quantum Optics Simulations	https://meetings-archive.aps.org/damop/2026/b10/5/	Dynamics of Many-Emitter Ensembles: Probing Cooperative Evolution with Scalable Quantum Circuits	We consider a model describing a system of many quantum emitters coupled through a radiation bath. By adopting an efficient mapping of the bosonic modes onto qubits, we implement quantum circuits, compatible with NISQ (Noisy Intermediate-Scale Quantum) era systems, that allow us to investigate the dynamics of the ensemble as a function of its various parameters, including the number of emitters, the spectral inhomogeneity in the system, the emission lifetime of isolated emitters and the spatial separation between emitters. The quantum algorithms afford us the capacity to precisely track the emergence of cooperative dynamics, manifested through superradiant emission, as the system is tuned to
B10/6	unrelated_excluded	平台是离子、固态或其他非中性原子光镊平台。	gate_QEC;quantum_sim;Yb;ion_or_solid	Quantum Simulation I	In-Situ Rewiring of Two-Dimensional Ion Lattice Interactions Using Metastable State Shelving	https://meetings-archive.aps.org/damop/2026/b10/6/		When driving quantum dynamics in trapped-ion systems with global entangling beams, the resulting spin–spin interaction graphs are typically governed by the physical ion-crystal geometry. This constraint limits access to interaction graphs with arbitrary connectivity without incurring significant experimental overhead. Here we propose and implement a direct approach to reconfigure the spin-spin interaction geometry. Our method shelves unwanted ions to a long-lived metastable state outside of the qubit subspace, effectively removing them from the quantum dynamics. Using a triangular lattice of three 171Yb+ ions interacting under a global Ising-type Hamiltonian, we experimentally demonstrate th
B10/7	unrelated_excluded	读完摘要后未发现可归入 Rb87 Rydberg 光镊平台近期实验/工程问题的内容。	quantum_sim	Quantum Simulation I	Quantum Emulation with Classical Waves: New Frontiers in Open-System Dynamics	https://meetings-archive.aps.org/damop/2026/b10/7/	https://arxiv.org/abs/2511.13413 https://www.sciencedirect.com/science/article/pii/S2666950125000756	We present a platform for quantum emulation using fully classical wave dynamics, with particular emphasis on open-system evolution and decoherence. The central observation is that weakly nonlinear, narrowband surface-gravity wave envelopes propagating in a controlled background flow obey a paraxial evolution law that is mathematically equivalent to the time-dependent Schrödinger equation, with the roles of time and propagation distance interchanged. Exploiting this correspondence, we realize a Lindblad-type evolution by mapping the non-unitary dynamics of a density matrix onto an ensemble of unitary evolutions generated by two effective Hamiltonians. Experimentally, these evolutions are impl
B10/8	unrelated_excluded	平台是离子、固态或其他非中性原子光镊平台。	quantum_sim;ion_or_solid	Quantum Simulation I	Experimental Realization of Thermal Reservoirs with Tunable Temperature in a Trapped-Ion Spin-Boson Simulator	https://meetings-archive.aps.org/damop/2026/b10/8/		We propose and demonstrate an experimental scheme to engineer thermal baths with tunable temperatures for the motional modes of a trapped-ion system. This approach enables robust thermal-state preparation and quantum simulations of open-system dynamics in bosonic and spin-boson models at well-controlled finite temperatures. We benchmark our protocol by experimentally realizing out-of-equilibrium dynamics of a charge-transfer model at different temperatures. We observe that, when the process occurs at a higher temperature, the transfer rate spectrum broadens, with reduced rates at small donor-acceptor energy gaps and enhanced rates at large gaps. We then employ our scheme to study local-tempe
B10/9	included_in_topic_abstract	已写入 abstract.qmd。	Rydberg;gate_QEC;quantum_sim;vapor_or_MOT	Quantum Simulation I	Experimental observation of conformal field theory spectra	https://meetings-archive.aps.org/damop/2026/b10/9/		Conformal field theories (CFTs) feature prominently in high-energy physics, statistical mechanics, and condensed matter. For example, CFTs govern emergent universal properties of systems tuned to quantum phase transitions, including their entanglement, correlations, and low-energy excitation spectra. Much of the rich structure predicted by CFTs nevertheless remains unobserved in experiment. Here we directly observe the energy excitation spectra of emergent CFTs at quantum phase transitions---recovering universal energy ratios characteristic of the underlying field theories. Specifically, we develop and implement a modulation technique to resolve a Rydberg chain's finite-size spectra, variabl
B10/10	related_excluded	中性原子/Rydberg/tweezer 方向相近，但物种是 Yb/Sr/Cs 等，不是 Rb87。	tweezer;quantum_sim;Cs;optical_lattice_or_gas	Quantum Simulation I	Preparing low entropy states in a Quantum Matter Synthesizer	https://meetings-archive.aps.org/damop/2026/b10/10/		In the Quantum Matter Synthesizer (QMS) quantum simulation platform, we aim to integrate optical lattices and optical tweezer array to realize coherent manipulation of individual atoms in a many-body system. In this talk, I will describe our progress toward deterministically preparing atoms in low entropy states in an optical lattice. After loading cesium atoms into a two-dimensional optical lattice, we employ degenerate Raman-sideband cooling and electromagnetically induced transparency cooling to remove excess entropy. We will then perform operations on single atoms using tweezers created with a digital micromirror device (DMD).
A03/1	unrelated_excluded	主题不涉及 Rb/Rydberg/光镊/中性原子阵列或相关量子计算模拟工程。		Build your Science Trust Toolkit: Moving from Correction to Connection	Build your Science Trust Toolkit: Moving from Correction to Connection	https://meetings-archive.aps.org/damop/2026/a03/1/		"When we hear non-scientists share information that is contrary to the current scientific consensus, our first inclination is often to offer a correction or to educate. However, the fraught interactions that can result highlight that success cannot be reached only by filling perceived knowledge deficits in non-scientists. In this interactive workshop, we will work on shifting our mindsets from the limiting, ""I need to correct, educate, and win"" to the more useful and civically minded, ""I need to connect with people with honesty, empathy, and humility."" Participants will practice reflective listening, one useful skill for building trusting relationships. Participants will leave the workshop ha"
C06/1	included_in_topic_abstract	已写入 abstract.qmd。	Rydberg;neutral_atom_array;gate_QEC;metrology;ion_or_solid	Quantum/Coherent Control: Cold Gases and Quantum Information	Dynamic Population Suppression for Sensing and Two-Qubit Gates	https://meetings-archive.aps.org/damop/2026/c06/1/	Carrasco, S. C., Lourette, S., Sola, I. & Malinovsky, V. S. Dynamically Enhanced Two-Photon Spectroscopy. Phys. Rev. Lett. 134, 163601 (2025) Carrasco, S. C., Chathanathil, J., Malinovskaya, S. A., Sola, I. & Malinovsky, V. S. Single-Operation Rydberg Phase Gates via Dynamic Population Suppression. arXiv:2512.07656	We introduce a quantum-control protocol that achieves resonant two-photon excitation while strongly suppressing single-photon excitation. The technique combines oscillatory zero-area pulse modulation with out-of-phase driving fields, resulting in dynamical suppression of the intermediate-state population [1]. This yields resonant pulses with exceptional robustness to single-photon detuning errors: the leading fidelity corrections scale as Δ⁴. The protocol is simple, universal, and readily portable across experimental platforms, including solid-state color centers where detuning noise is a key limitation for quantum sensing [2]. We further outline how the same principle can be leveraged to re
C06/2	unrelated_excluded	平台是离子、固态或其他非中性原子光镊平台。	gate_QEC;quantum_sim;ion_or_solid	Quantum/Coherent Control: Cold Gases and Quantum Information	Control protocols for scalable photon-mediated operations in quantum information processing	https://meetings-archive.aps.org/damop/2026/c06/2/		Efficient light-matter interfaces between qubits with initially different spectral signatures represent a key challenge for the construction of scalable quantum platforms. This is particularly important for promising hybrid architectures where different qubit modalities are to be used for their most advantageous properties. The problem also arises in nominally identical qubits that are nevertheless different in their operating frequencies due to variations in the fabrication process or in the solid state environment. Here, we examine two-qubit operations between spectrally different systems and demonstrate optimization with post-fabrication procedures in the form of externally applied contro
C06/3	included_in_topic_abstract	已写入 abstract.qmd。	Rydberg;tweezer;neutral_atom_array;gate_QEC;quantum_sim;cavity	Quantum/Coherent Control: Cold Gases and Quantum Information	A cavity-coupled Rydberg array	https://meetings-archive.aps.org/damop/2026/c06/3/		Scalable quantum computers and quantum networks require the combination of quantum processing nodes with efficient light-matter interfaces to distribute quantum information in local or long-distance quantum networks. In particular, in neutral atom arrays, highly excited Rydberg states are used to realize high-fidelity quantum gates and optical cavities are used as photonic interfaces for generating remote entanglement.While Rydberg coupling and strong cavity coupling have been realized in separate experiments, achieving both in the same machine has been an outstanding challenge. Here, we present a novel cavity-coupled Rydberg array that reaches this long-standing goal. We prepare, detect and
C06/4	related_excluded	中性原子/Rydberg/tweezer 方向相近，但物种是 Yb/Sr/Cs 等，不是 Rb87。	tweezer;Sr	Quantum/Coherent Control: Cold Gases and Quantum Information	Mid-Infrared Control of 88Sr in Magic-Wavelength Optical Tweezers	https://meetings-archive.aps.org/damop/2026/c06/4/	"[1] ""Trapping of single atoms in metasurface optical tweezer arrays,"" Holman, A., Xu, Y., Sun, X., Wu, J., Wang, M., Seo, B., Yu, N., Will, S., Nature 649, 859–865 (2026)"	We demonstrate a platform for studying the strontium mid-infrared (IR) 2923 nm 5s5p 3P2 - 5s4d 3D3 transition in magic-wavelength optical tweezers. Using a novel, visible trapping wavelength, we demonstrate single-atom preparation and imaging. We measure the differential polarizability between 5s5p 3P2 and 5s4d 3D3 with tightly confined single atoms and confirm a magic wavelength for the mJ = |2| - mJ = |3| transition. Using this trapping wavelength, we demonstrate resolved sideband cooling of atoms in a metastable state for the first time. With these demonstrations, we unlock an important tool—mid-IR control—for existing Sr experiments. Combined with our previously demonstrated holographic 
C06/5	related_excluded	中性原子/Rydberg/tweezer 方向相近，但物种是 Yb/Sr/Cs 等，不是 Rb87。	tweezer;Sr	Quantum/Coherent Control: Cold Gases and Quantum Information	Towards Collective Emission Using a Mid-Infrared Transition in Strontium Tweezer Arrays	https://meetings-archive.aps.org/damop/2026/c06/5/	"[1] ""Trapping of single atoms in metasurface optical tweezer arrays,"" Holman, A., Xu, Y., Sun, X., Wu, J., Wang, M., Zhu, Z., Seo, B., Yu, N., Will, S., Nature 649, 859–865 (2026)"	We report experimental progress on using a mid-infrared (2923 nm) transition in strontium for the study of collective emission behavior in atomic arrays. We demonstrate the initial steps toward coherent control of strontium between the closed two-level system formed by the 5s5p 3P2 mJ = |2| and 5s4d 3D3 mJ = |3| states. Loading the atoms into atomic tweezer arrays generated via holographic metasurfaces [1], we prepare and probe atoms in the 3P2 state with this transition. We measure the single strontium atom lifetime in the 3D3 state close to its natural linewidth. With these demonstrations, we establish the necessary building blocks to study collective emission in subwavelength atomic tweez
C06/6	unrelated_excluded	平台是离子、固态或其他非中性原子光镊平台。	gate_QEC;quantum_sim;ion_or_solid	Quantum/Coherent Control: Cold Gases and Quantum Information	Single-ion addressing of fast-rotating 2D ion crystals for quantum simulation	https://meetings-archive.aps.org/damop/2026/c06/6/		Coherently manipulated large ion crystals in a Penning trap are a promising candidate for near-term quantum simulation of complex many-body phenomena [1]. At the University of Sydney, we have developed a Penning trap to perform such experiments with crystals containing hundreds of beryllium ions [2]. The system has recently demonstrated efficient site-resolved imaging, enabling single-shot experiments to investigate dynamics in correlated systems [3]. To further advance quantum simulation capabilities to tackle more exotic many-body systems [4], we have developed a technique to address individual ions in fast-rotating crystals in a Penning trap. To this end, an acousto-optic modulator (AOM) 
C06/7	unrelated_excluded	读完摘要后未发现可归入 Rb87 Rydberg 光镊平台近期实验/工程问题的内容。	metrology	Quantum/Coherent Control: Cold Gases and Quantum Information	A 10 Megahertz Spatial Light Modulator	https://meetings-archive.aps.org/damop/2026/c06/7/	https://arxiv.org/abs/2601.08906	Rapid and programmable shaping of light fields is central to modern microscopy, display technologies, optical communications and sensing, quantum engineering, and quantum information processing. Current wavefront shaping technologies face a fundamental dichotomy: spatial light modulators (SLMs) offer high pixel count but suffer from low refresh rates, while acousto-optic deflectors (AODs) provide moderate speed with restricted optical beam geometries. Though recent advances in photonic integrated circuits achieve fast switching, there is currently no tool that provides MHz-rate, continuous motion, and arbitrarily reconfigurable control over a set of diffraction-limited spots. Here we introdu
C09/1	related_excluded	Rydberg/Rb 相关但平台是 vapor/MOT/molasses/EIT/cold ensemble，不是 optical tweezer array。	gate_QEC;quantum_sim;metrology;Yb;vapor_or_MOT	Spectroscopy, Lifetimes and Oscillator Strengths	Surface scattering of atoms for high-sensitivity spectroscopy	https://meetings-archive.aps.org/damop/2026/c09/1/	"""Surface scattering of atoms for high-sensitivity spectroscopy"", V.J. Ajith; Aaron Barr; and Mark Raizen, PHYSICAL REVIEW APPLIED 23, 064063 (2025)"	High-sensitivity laser spectroscopy is integral to applications such as atomic clocks, quantum computers, and chemical sensing. Doppler broadening is the main factor limiting its resolution and is typically reduced by collimation with an aperture. Hower, collimation causes the atom beam to suffer a considerable loss of flux. Another way to mitigate Doppler broadening is via beam temperature, which is typically determined by the oven used to create the atom vapor. Lowering the atomic temperature decreases spectral Doppler broadening and increases the transit time across the excitation laser. However, reducing the oven temperature also reduces the flux. Therefore, a separate method of cooling 
C09/2	unrelated_excluded	平台是离子、固态或其他非中性原子光镊平台。	gate_QEC;quantum_sim;Yb;ion_or_solid	Spectroscopy, Lifetimes and Oscillator Strengths	Spectroscopy of Sub-Hertz Transtions in excited Yb+	https://meetings-archive.aps.org/damop/2026/c09/2/		Ytterbium atoms and ions provide access to a rich set of metastable states via optical transitions with &lt;10 Hz natural linewidths, enabling optical clocks and precision tests beyond the Standard Model. The exceptionally long-lived 2Fo7/2 state (τ ≈ 1.5 years) makes Yb+ a powerful platform for quantum information processing. We present progress toward coherent laser coupling between 2Fo7/2 and higher-lying odd-parity states. The rich manifold of metastable high-J states directly accessible from 2Fo7/2 provides promising pathways to two-qubit gates and expansion of King plot analyses in Yb. We report isotope shifts, hyperfine splittings, and lifetimes of three previously unobserved E2 trans
C09/3	unrelated_excluded	平台是离子、固态或其他非中性原子光镊平台。	cryo;ion_or_solid	Spectroscopy, Lifetimes and Oscillator Strengths	Measurement of the Ba+ D5/2 state lifetime in cryogenic ion trap	https://meetings-archive.aps.org/damop/2026/c09/3/		We report measurements of the metastable 5d ²D5/2 state lifetime in ¹³⁸Ba⁺ performed in a cryogenic Paul trap. Such long-lived metastable states are susceptible to lifetime quenching through collisions with background gas and blackbody radiation (BBR), which can contribute to an increased observed decay rate. Typical measurements of long-lived states in room temperature setups require extrapolation to zero temperature and pressure to determine the intrinsic radiative lifetime. Our measurement takes place in a cryogenic environment and minimizes these effects, allowing us to directly study the BBR and collision-induced shift at multiple trap temperatures. We present our measurement approach a
C09/4	related_excluded	涉及分子、分子显微镜、polar molecule 或 RbCs/KRb/NaCs 混合系统；不是 Rb87 Rydberg atom tweezer array。	gate_QEC;quantum_sim;molecule	Spectroscopy, Lifetimes and Oscillator Strengths	Theoretical study of electronic structure and properties of Radium-monochalcogens molecules	https://meetings-archive.aps.org/damop/2026/c09/4/		Diatomic molecules containing heavy radioactive atoms have attracted significant interest due to their potential applications in searches for new physics associated with parity- (P) and time-reversal- (T) violating effects [1]. In particular, RaX molecules, where X is a group-16 or group-17 element, have received special attention [2].Recent advances in molecular spectroscopy of these exotic RaX systems have opened a unique opportunity to investigate their electronic structure and molecular properties [3], providing promising platforms both for tests of physics beyond the Standard Model and for understanding the chemistry of radium-containing molecules.In this work, we theoretically investig
C09/5	unrelated_excluded	平台是离子、固态或其他非中性原子光镊平台。	gate_QEC;quantum_sim;optical_lattice_or_gas;ion_or_solid	Spectroscopy, Lifetimes and Oscillator Strengths	Investigating Eu:CaSO4 crystals for precision measurements of fundamental symmetries	https://meetings-archive.aps.org/damop/2026/c09/5/		New sources of time reversal (T) violation are necessary to explain phenomena beyond the Standard Model such as the matter-antimatter asymmetry of the universe. Additionally, hadronic T-violation searches for P-odd and T-odd nuclear moments could address the strong CP (charge conjugation and parity inversion) problem. Crystals doped with lanthanides such as europium are candidates for measuring T-violating nuclear moments due to the large number of dopant ions a crystal can host. In addition, the lanthanides' narrow optical transitions provide a means to control and readout their nuclear spin state. Furthermore, certain host materials can mitigate the challenges of using crystals for precisi
C09/6	related_excluded	涉及分子、分子显微镜、polar molecule 或 RbCs/KRb/NaCs 混合系统；不是 Rb87 Rydberg atom tweezer array。	metrology;molecule	Spectroscopy, Lifetimes and Oscillator Strengths	Real-Time Optical Control of Plasmonic Coupling in Gold Nanosphere Dimers via Optical Trapping	https://meetings-archive.aps.org/damop/2026/c09/6/		Optical trapping (OT), recognized with the 2018 Nobel Prize, is widely used in biophysics but remains underutilized in plasmonics and nanophotonics. Here, we present a custom-built OT system integrated with dark-field (DF) microscopy that enables real-time control and characterization of plasmonic nanostructures in solution. Gold nanosphere (AuNS) dimers are assembled at multiple length scales, forming tunable junctions that exhibit localized surface plasmon resonance (LSPR) coupling and strong electromagnetic field enhancement. The LSPR of individual dimers is precisely measured at the single-particle level, allowing real-time monitoring of junction size. Localized laser-induced heating ena
C09/7	unrelated_excluded	主题不涉及 Rb/Rydberg/光镊/中性原子阵列或相关量子计算模拟工程。	molecule;optical_lattice_or_gas	Spectroscopy, Lifetimes and Oscillator Strengths	Developing Photoassociation Spectroscopy of Francium Molecules	https://meetings-archive.aps.org/damop/2026/c09/7/		Searches for new physics beyond the Standard Model of particle physics require novel probes to push experimental sensitivities past their current limits. Francium silver (FrAg) is a designer molecule that offers enhanced sensitivity to new physics, in particular to time-reversal violation inside the atomic nucleus when incorporating the radioactive, octuple-deformed 221Fr, 223Fr isotopes. FrAg can be assembled from laser-cooled Fr and Ag atoms, providing ultracold molecules for the anticipated physics studies [1]. The effective molecular formation, however, requires detailed understanding of the low-energy scattering behaviours among all involved atom species, including the one between two F
C09/8	unrelated_excluded	平台是离子、固态或其他非中性原子光镊平台。	metrology;ion_or_solid	Spectroscopy, Lifetimes and Oscillator Strengths	Hyperfine spectroscopy and microwave characterization of a trapped 169Tm+ qubit candidate	https://meetings-archive.aps.org/damop/2026/c09/8/		We report the experimental realization of a complete spectroscopic roadmap for the laser cooling and state control of trapped singly ionized thulium (169Tm+). While the complex electronic structure of rare-earth ions offers unique advantages for quantum information, it also presents challenges in identifying closed optical cycles. We identify a primary cooling transition at 313 nm and a complementary pair at 448/453 nm, along with the necessary near-infrared repumping frequencies. By performing hyperfine-resolved fluorescence spectroscopy in a linear quadrupole trap, we determine magnetic-dipole hyperfine A constants for relevant levels and demonstrate Zeeman-resolved microwave spectroscopy 
C04/1	unrelated_excluded	平台是离子、固态或其他非中性原子光镊平台。	metrology;ion_or_solid	Quantum Information with Solid State Systems	Quantum sensing with a spin ensemble in a van der Waals material	https://meetings-archive.aps.org/damop/2026/c04/1/		Quantum sensing with solid-state spin defects has transformed nanoscale metrology, offering sub-wavelength spatial resolution with exceptional sensitivity to multiple signal types. Maximizing these advantages requires minimizing both the sensor-target separation and detectable signal threshold. However, leading platforms such as nitrogen-vacancy centers in diamond suffer performance degradation near surfaces or in nanoscale volumes, motivating the search for optically addressable spin sensors in atomically thin, two-dimensional (2D) materials. Here, we present an experimental framework to probe a novel 2D spin ensemble, including its Hamiltonian, coherent sensing dynamics, and noise environm
C04/2	unrelated_excluded	平台是离子、固态或其他非中性原子光镊平台。	gate_QEC;Yb;ion_or_solid	Quantum Information with Solid State Systems	Quantum science and technology with rare earth ions and nano-photonics	https://meetings-archive.aps.org/damop/2026/c04/2/		Rare earth ions doped in solids are highly versatile optically addressable spin qubits with long optical and spin coherence. In this talk I give an overview of our latest progress utilizing both single and ensembles of rare earths to advance quantum science and technology. At low doping concertation, single ions coupled to nano-photonic resonators are well suited for establishing remote entanglement in optical quantum networks. At the same time, they couple to other nuclear spins in the environment which can be harnessed for local quantum storage and processing as needed for quantum repeater network nodes, and to explore highly entangled spin states. At high doping concertation, dense ensemb
C04/3	unrelated_excluded	平台是离子、固态或其他非中性原子光镊平台。	quantum_sim;metrology;vapor_or_MOT;optical_lattice_or_gas;ion_or_solid	Quantum Information with Solid State Systems	Optically-detected spin polarization magnetometry in VSi vacancies of 4H-SiC	https://meetings-archive.aps.org/damop/2026/c04/3/		Hexagonal type silicon carbide (4H-SiC) an attractive material platform for high power, radiation robust electronics and electrically modulated photonics, because of its excellent electronic and optical properties, high-purity commercial wafers, and mature fabrication technology. We study the silicon vacancy (VSi) as a promising candidate to integrate room temperature quantum sensing within the 4H-SiC platform. We present updated ODSP (optically detected spin polarization) results and compare with ODMR (optically detected magnetic resonance) measurements to build a quantitative, experimentally informed model for the spin polarization dynamics of VSi.
C04/4	related_excluded	涉及分子、分子显微镜、polar molecule 或 RbCs/KRb/NaCs 混合系统；不是 Rb87 Rydberg atom tweezer array。	quantum_sim;molecule;vapor_or_MOT;ion_or_solid	Quantum Information with Solid State Systems	Simulation Framework for Modelling Collective Emission in Ensembles of Quantum Emitters	https://meetings-archive.aps.org/damop/2026/c04/4/	@article{zhou2025efficient, title={Efficient simulation framework for modeling collective emission in ensembles of inhomogeneous solid-state emitters}, author={Zhou, Qingyi and Wu, Wenxin and Zahedian, Maryam and Yu, Zongfu and Choy, Jennifer T}, journal={arXiv preprint arXiv:2512.08174}, year={2025} }	An efficient simulation framework is proposed to model collective emission in disordered ensembles of quantum emitters. Using a cumulant expansion approach, the computational complexity scales polynomially with the number of emitters, enabling Monte Carlo sampling over a large number of realizations. The framework is applied to model negatively charged silicon-vacancy (SiV-) centers inside diamond. Incorporating spatial disorder and inhomogeneous broadening, we obtain statistically averaged responses over hundreds of SiV- clusters. These simulations reveal two signatures of collective behavior. First, dynamics of fully inverted clusters show that superradiant emission occurs only with suffic
C04/5	unrelated_excluded	平台是离子、固态或其他非中性原子光镊平台。	gate_QEC;quantum_sim;metrology;ion_or_solid	Quantum Information with Solid State Systems	Dicke materials as a potential resource for quantum squeezing	https://meetings-archive.aps.org/damop/2026/c04/5/		We introduce the term Dicke materials for certain magnetic materials whose low energy physics can be effectively described by a Dicke model. We show how a Dicke model can be derived from spin exchange interactions in magnetic materials containing two species of magnetic atoms. Analogous to the paradigmatic Dicke model describing light-matter interactions, these materials also exhibit signatures of a superradiant phase transition. The ground state near the superradiant phase transition is expected to be squeezed, making Dicke materials a potential resource for quantum metrology and witnessing entanglement. However, as an entanglement measure, squeezing can be sensitive to perturbations that a
C04/6	unrelated_excluded	平台是离子、固态或其他非中性原子光镊平台。	gate_QEC;cavity;ion_or_solid	Quantum Information with Solid State Systems	Realization of Photonic Quantum Repeater using Silicon-Vacancy Centers in Diamond	https://meetings-archive.aps.org/damop/2026/c04/6/		Quantum networks promise to connect future quantum computers and enable secure communication, but photon loss over long distances prevents the realization of high rate, large-scale networks. One solution is quantum repeaters, where efficient spin-photon interfaces equipped with long-lived quantum memories capable of storing quantum states over repeated entanglement attempts can mitigate the exponential decay of communication rates over distance. In this work, we demonstrate the use of silicon-vacancy (SiV) centers in diamond nanophotonic cavities as a quantum repeater platform, where the SiV electron is a network qubit which provides cavity-enhanced heralded electron-photon gates (EPG). We c
C01/1	unrelated_excluded	主题不涉及 Rb/Rydberg/光镊/中性原子阵列或相关量子计算模拟工程。	molecule;optical_lattice_or_gas	Deborah Jin Doctoral Thesis Award Session	Atom–Light Scattering in the Quantum Regime	https://meetings-archive.aps.org/damop/2026/c01/1/	Y. Margalit, Y.-K. Lu, F. Ç. Top, and W. Ketterle, Science 374, 976–979 (2021); Y.-K. Lu, Y. Margalit, and W. Ketterle, Nature Physics 19, 210–214 (2023); K. Konstantinou, Y. Zhang, P. H. C. Wong, F. Wang, Y.-K. Lu, N. Dogra, C. Eigen, T. Satoor, W. Ketterle, and Z. Hadzibabic, Nature Physics 22, 362–366 (2026).	Ultracold atoms and molecules provide clean platforms for exploring quantum science and technology, and light is the essential tool for manipulating and probing these systems. Yet, even for many simple quantum systems, their light scattering properties remain underexplored.In this talk, I will show how atom–light scattering reveals novel quantum physics in several settings. For atoms in degenerate quantum gases, I will discuss how quantum statistics, phase transitions, and interactions modify atomic pair correlations and, consequently, the light scattering. For atoms released from the optical lattice, I will show how light scattering reveals the quantum-statistical Hanbury Brown–Twiss (HBT) 
C01/2	related_excluded	平台是 optical lattice、BEC、quantum gas 或 gas microscope，不是 Rb87 optical tweezer Rydberg array。	cryo;Sr;optical_lattice_or_gas	Deborah Jin Doctoral Thesis Award Session	A strontium optical lattice clock with 8×10-19 systematic uncertainty	https://meetings-archive.aps.org/damop/2026/c01/2/		"Optical atomic clocks have revolutionized timekeeping, leading to the most accurate and precise measurements ever made. Achieving this level of performance requires precise quantum control of the atoms and comprehensive characterization and stabilization of systematic frequency shifts. Using a laser based upon a single-crystal silicon resonator, we probe the ultra-narrow 5s2 1S0 → 5s5p 3P0 electronic transition in strontium atoms confined in a one-dimensional optical lattice. In-situ imaging allows us to rapidly measure frequency gradients within an atomic sample, including the gravitational redshift over less than a millimeter. Tuning the trap to a ""magic depth,'"" we modify the external ato"
C01/3	unrelated_excluded	主题不涉及 Rb/Rydberg/光镊/中性原子阵列或相关量子计算模拟工程。	Yb;Sr;ion_or_solid	Deborah Jin Doctoral Thesis Award Session	Optical clocks for tests of fundamental physics	https://meetings-archive.aps.org/damop/2026/c01/3/		Optical atomic clocks are the most precise measurement instruments to date, allowing us to test the fundamental assumptions of modern physics. In this context, we report on several optical frequency comparisons. An optical clock based on a single Yb+ ion has been operated with high availability, probing an electric octupole (E3) transition, which is highly sensitive to variations of the fine-structure constant α, and an electric quadrupole (E2) transition. The data improves limits on α-variations and is analysed for oscillatory signatures from ultralight dark matter (UDM). Limits on a scalar UDM coupling to photons are improved by more than an order of magnitude over a wide mass range.A new 
C01/4	related_excluded	相关但未写入：neutral-atom photonic interfaces 的博士工作总览；具体 cavity/Rydberg/readout 内容已由 C06/3、P03/6、X06/9 覆盖。	Rydberg;tweezer;neutral_atom_array;gate_QEC;quantum_sim;cavity;metrology	Deborah Jin Doctoral Thesis Award Session	Photonic Interfaces for Neutral Atom Quantum Computers	https://meetings-archive.aps.org/damop/2026/c01/4/		Neutral atom arrays have emerged as one of the leading platforms for quantum information science. Realizing their full potential will greatly benefit from the integration with photonic interfaces. These would unlock a novel class of distributed quantum applications, ranging from distributed quantum sensing and long-distance quantum communication to blind quantum computing, and the networking of multiple processors into larger fault-tolerant systems. Coupling atoms to optical cavities is a particularly promising route, enhancing atom-photon interactions and enabling entanglement generation orders of magnitude faster than free-space approaches.In this talk, I will present a series of experimen
C03/1	unrelated_excluded	平台是离子、固态或其他非中性原子光镊平台。	gate_QEC;ion_or_solid	Entanglement Distribution	A Many-Body Quantum Register using Nuclear Spins	https://meetings-archive.aps.org/damop/2026/c03/1/	Appel, M.H., Ghorbal, A., Shofer, N. et al. A many-body quantum register for a spin qubit. Nat. Phys. 21, 368–373 (2025). https://doi.org/10.1038/s41567-024-02746-z	Optically active spins in solids are strong candidates for scalable devices towards quantum networks. Semiconductor quantum dots set the state-of-the-art as single-photon sources with high level tuneability, brightness, and indistinguishability. In parallel, their inherently mesoscopic nature leads to a unique realisation of a tripartite interface between light, an electron spin and a nuclear spin ensemble. Controlling these interactions create opportunities to realize a controllable central spin system. I will present a journey from treating the nuclei as nuisance to observing their collective states and eventually to their function as a quantum register, all tailored via an electron driven
C03/2	related_excluded	平台是 optical lattice、BEC、quantum gas 或 gas microscope，不是 Rb87 optical tweezer Rydberg array。	gate_QEC;optical_lattice_or_gas	Entanglement Distribution	Quantum enhanced optical imaging	https://meetings-archive.aps.org/damop/2026/c03/2/	https://arxiv.org/abs/2509.09464 https://arxiv.org/abs/2509.09465	Advances in quantum optics are enabling a new approach to optical imaging in which optical fields gathered by spatially separated receivers can be mapped into quantum memories and subsequently interfered through controlled quantum operations. This makes it possible to coherently combine information carried by photons that arrive at different times or at different locations. Imaging tasks can then be formulated as operations acting on stored optical states encoded in qubit registers, allowing quantum algorithms to be used to extract parameters of interest more efficiently than is possible with classical direct detection and post-processing techniques. In this talk, I will discuss recent exper
C03/3	unrelated_excluded	平台是离子、固态或其他非中性原子光镊平台。	gate_QEC;Sr;ion_or_solid	Entanglement Distribution	Ion-Photon Entanglement in Strontium for City-Scale Quantum Networks	https://meetings-archive.aps.org/damop/2026/c03/3/	https://arxiv.org/abs/2506.11257	We present a quantum network node based on Strontium ions that emit photons at 1092 nm with a polarization state that is entangled with a meta-stable D-level qubit in the emitting ion. The wavelength transmits through optical fiber with moderate loss allowing for quantum network links of a few kilometers for a city-scale quantum network. We establish a new type of trapped-ion qubit with state-preparation, single-qubit rotations, and readout. We stimulate the emission of infrared photons, capture them with a high-NA objective and analyze their polarization state with a pair of SNSPDs. We use state-tomography to show that we generate the ion-photon entangled state with ~95% fidelity. We transm
C03/4	unrelated_excluded	平台是离子、固态或其他非中性原子光镊平台。	gate_QEC;ion_or_solid	Entanglement Distribution	Optical Networking of Atomic Qubits	https://meetings-archive.aps.org/damop/2026/c03/4/		A large scale quantum computer will likely require optical interconnects, allowing a modular architecture with full connectivity. Atomic systems are natural memory nodes for photonic interfaces, especially atomic ions, which already feature high-performance local quantum gates. There are several atom/photon interface prototols for heralded remote entanglement using photonic qubits encoded in polarization, frequency, or time-bin. I will summarize recent advances in photonically-networked trapped ion systems, at both university and industrial settings. This includes progress on 3-node remote entanglement and the use of modular silicon-vacancy-in-diamond memories that will allow remote entangle
C05/1	related_excluded	涉及分子、分子显微镜、polar molecule 或 RbCs/KRb/NaCs 混合系统；不是 Rb87 Rydberg atom tweezer array。	gate_QEC;molecule;ion_or_solid	Ultrafast Molecular Imaging	Ultrafast time-resolved coincidence momentum imaging of molecular photoionization processes using tabletop extreme ultraviolet pulses	https://meetings-archive.aps.org/damop/2026/c05/1/		The coupling of electronic and nuclear motion in molecules photoexcited to the ionization continuum steers both photoionization [1] and nonradiative relaxation pathways such as dissociation [2–4]. Detailed measurements of such processes require techniques that are sensitive to specific electronic transitions, the symmetries of electronic states, and the ultrafast molecular dynamics that occur in excited states. Momentum imaging of electrons and mass-resolved ions in coincidence is a powerful technique that enables multiple reaction channels to be investigated through the measurement of photoelectron angular distributions in the body-fixed frame of the molecule. Such experiments require suffi
C05/2	related_excluded	涉及分子、分子显微镜、polar molecule 或 RbCs/KRb/NaCs 混合系统；不是 Rb87 Rydberg atom tweezer array。	gate_QEC;molecule;ion_or_solid	Ultrafast Molecular Imaging	Laser induced fluorine elimination from CF3+.	https://meetings-archive.aps.org/damop/2026/c05/2/		The fragmentation of CF3+ molecular ions is studied by probing a fast (few keV) CF3+ ion beam with intense femtosecond laser pulses (790- and 395-nm center wavelength). The charged and neutral molecular fragments are detected employing coincidence three-dimensional momentum imaging. We investigate the competition between two fluorine elimination channels, CF2+ + F and CF22+ + F, with and without ionization. We also observe double fluorine elimination channels, CF+ + F + F and CF2+ + F + F, amongst other three-body breakup channels. Curiously, we note significant contributions of the charge-asymmetric fragmentation channel, CF22+ + F, in addition to the charge-symmetric breakup channel, CF2+ 
C05/3	unrelated_excluded	主题不涉及 Rb/Rydberg/光镊/中性原子阵列或相关量子计算模拟工程。	molecule;ion_or_solid	Ultrafast Molecular Imaging	Strong-field photofragmentation of methanol leading to H3+ formation	https://meetings-archive.aps.org/damop/2026/c05/3/	"[1] Ekanayake, N., Severt, T., Nairat, M. et al. H2 roaming chemistry and the formation of H3+ from organic molecules in strong laser fields. Nat Commun 9, 5186 (2018). [2] Ekanayake, N., Nairat, M., Kaderiya, B. et al. Mechanisms and time-resolved dynamics for trihydrogen cation (H3+) formation from organic molecules in strong laser fields. Sci Rep 7, 4703 (2017). [3] J. Stamm, S. S. Priyadarsini, S. Sandhu, A. Chakraborty, J. Shen, S. Kwon, J. Sandhu, C. Wicka, A. Mehmood, B. G. Levine, P. Piecuch, M. Dantus, ""Factors governing H3+ formation from methyl halogens and pseudohalogens,"", Net. Commun. 16, 410 (2025)."	H3+ formation in strong-field photofragmentation of methanol (CH3OH) is known to originate predominantly from the dication (CH3OH2+), and prior work has established H2 roaming as a key mechanism that enables H3+ production [1-3]. Here, we use coincidence momentum imaging of a CH3OH+ ion beam following 790 nm strong-field interaction to directly quantify the dication versus monocation contributions and to search for complementary signatures of the roaming pathway. We measure the [H3+ + COH+] channel and find that the neutral-cofragment channel [H3+ + COH] is below our detection limit (&lt;0.1% of the corresponding ionic-cofragment yield), providing direct evidence that H3+ formation from the 
C05/4	unrelated_excluded	主题不涉及 Rb/Rydberg/光镊/中性原子阵列或相关量子计算模拟工程。	molecule	Ultrafast Molecular Imaging	Time-resolved imaging of excitation, ionization and dissociation of iodomethane by femtosecond 400 nm pulses.	https://meetings-archive.aps.org/damop/2026/c05/4/		The iodomethane (CH3I) molecule has been widely used as a prototypical model system for ultrafast photochemistry. Its dynamics upon single-photon ultraviolet excitation in the first (A) and second (B) absorption bands as well as strong-field-driven ionization and dissociation in the near-infrared range have been extensively studied. Here, we attempt to bridge the gap between these two regimes and study the CH3I dynamics triggered by the interaction with 400 nm laser pulses. We map these dynamics by strong-field ionization and Coulomb explosion induced by an intense 800 nm probe pulse. For moderate intensities of the 400 nm pump, the most prominent processes reflected in the time-dependent sp
C05/5	unrelated_excluded	主题不涉及 Rb/Rydberg/光镊/中性原子阵列或相关量子计算模拟工程。	molecule	Ultrafast Molecular Imaging	Time-resolved Coulomb explosion imaging of photodissociation mechanisms in C2X4I2.	https://meetings-archive.aps.org/damop/2026/c05/5/		Imaging the nuclear motion during photoinduced reactions is useful to elucidate the ultrafast non-Born-Oppenheimer dynamics that drive chemical processes. We present work that utilizes molecular coulomb explosion imaging in conjunction with velocity map imaging (VMI) to track the structural changes during the photodissociation of atomic iodine from diiodoethane (C2H4I2) and tetrafluorodiiodoethane (C2F4I2). The photochemistry of C2F4I2 has been previously shown to undergo elimination in a two step mechanism. The first photodissociation of the C–I bond to produce C2F4I• + I• happens on the femtosecond timescale, then a secondary dissociation to produce C2F4• + 2I• proceeds on the picosecond t
C05/6	unrelated_excluded	主题不涉及 Rb/Rydberg/光镊/中性原子阵列或相关量子计算模拟工程。	molecule	Ultrafast Molecular Imaging	Imaging correlated nuclear motion mediated by passage through a conical intersection	https://meetings-archive.aps.org/damop/2026/c05/6/		Observing the coupled electronic and nuclear dynamics and the energy flow between electronic and vibrational degrees of freedom during photochemical reactions represent a key challenge in ultrafast photochemistry. Even for simple triatomic molecules, the correlated dynamics are too complex to be fully captured by state-of-the art experiment and theory. Here we use time-resolved Coulomb explosion imaging, coupled with ab initio quantum wavepacket calculations, to image the non-adiabatic dynamics of UV-excited NO2 as it evolves toward, and relaxes through, a conical intersection, and the ensuing energy transfer between bending and asymmetric-stretch vibrational modes on the electronic ground s
C05/7	related_excluded	涉及分子、分子显微镜、polar molecule 或 RbCs/KRb/NaCs 混合系统；不是 Rb87 Rydberg atom tweezer array。	gate_QEC;molecule;ion_or_solid	Ultrafast Molecular Imaging	Disentangling ultraviolet-induced dissociation pathways of 1,2-dichloroethylene using time-resolved Coulomb explosion imaging	https://meetings-archive.aps.org/damop/2026/c05/7/		We present a study of the ultraviolet (196 nm)-induced photodissociation dynamics of the cis and trans isomers of 1,2-dichloroethylene (C2H2Cl2) using time-resolved Coulomb explosion imaging with 28-fs near-infrared (790 nm) laser pulses. Delay-dependent ion yields and kinetic energy release distributions are used as key observables to disentangle multiple dissociation mechanisms and elimination channels, including H, H2, HCl, Cl, and Cl2, loss, and to extract isomer-specific dissociation dynamics for each of these channels. We also observe neutral three-body dissociation into C2H2 + Cl + Cl, with contributions from both, a concerted and a sequential breakup mechanism that are strongly isome
C05/8	related_excluded	涉及分子、分子显微镜、polar molecule 或 RbCs/KRb/NaCs 混合系统；不是 Rb87 Rydberg atom tweezer array。	quantum_sim;molecule	Ultrafast Molecular Imaging	The Photoinduced Ring-Closing Reaction of Cyclopentadiene and its Methylated Derivatives studied via Ultrafast Electron Diffraction	https://meetings-archive.aps.org/damop/2026/c05/8/		Using ultrafast electron diffraction, the UV photoinduced structural dynamics of cyclopentadiene, and its methylated derivatives tetramethyl- and pentamethylcyclopentadiene have been captured on the femtosecond timescale. Our study uncovers the effects of the additional methyl groups in terms of the reaction dynamics and the product yields. Using a genetic algorithm, we have retrieved the time-dependent molecular structures directly from the measured diffraction signal. Upon the photoexcitation of cyclopentadiene, the strained-ring product bicyclo[2.1.0]pentene is formed along with vibrationally hot cyclopentadiene, in less than 200 fs. In tetramethylcyclopentadiene, similar reaction product
C05/9	related_excluded	涉及分子、分子显微镜、polar molecule 或 RbCs/KRb/NaCs 混合系统；不是 Rb87 Rydberg atom tweezer array。	gate_QEC;molecule	Ultrafast Molecular Imaging	Ultrafast structural dynamics in the photodissociation of iodobenzene captured with ultrafast electron diffraction and a genetic algorithm	https://meetings-archive.aps.org/damop/2026/c05/9/		We investigate the fragmentation dynamics of iodobenzene following UV-induced photodissociation using a kilo-electron-volt ultrafast electron diffraction setup. The dissociation of the iodine atom takes place on a sub-picosecond timescale via two distinct dissociation channels (fast and slow), which we have identified in the diffraction signal. We use a genetic algorithm to retrieve the structure of the phenyl ring after dissociation directly from the diffraction data, representing the ensemble-averaged geometry. The retrieved phenyl ring shows that the C2v symmetry is preserved. The correlations among retrieved internal coordinates indicate an in-plane vibrational mode, which is assigned to
C05/10	unrelated_excluded	主题不涉及 Rb/Rydberg/光镊/中性原子阵列或相关量子计算模拟工程。	molecule;ion_or_solid	Ultrafast Molecular Imaging	Strong-field Herman-Kluk propagator method for photoelectron momentum distribution of molecules in few-cycle intense laser pulses	https://meetings-archive.aps.org/damop/2026/c05/10/		We demonstrate applications of our recently developed semiclassical strong-field Herman–Kluk (SFHK) propagator method for calculation of photoelectron momentum distribution (PMD) from molecules driven by few-cycle intense laser fields. We provide careful analysis of the rescattering region, in which we identify new structures in the PMD from N2 in contrast to that of H2. We relate these structures with rainbow-like scattering in electron-molecular ion scattering. Furthermore, we discuss possibilities of identifying these kinds of structures in experiments. Our findings open opportunities for analyzing detailed structures in PMD for future research.This work was supported by the U.S. Departme
C07/1	related_excluded	涉及分子、分子显微镜、polar molecule 或 RbCs/KRb/NaCs 混合系统；不是 Rb87 Rydberg atom tweezer array。	quantum_sim;cryo;metrology;molecule;ion_or_solid	Quantum Metrology II	Spins in Cryogenic Quantum Solids: a new Platform for Hybrid Quantum Systems	https://meetings-archive.aps.org/damop/2026/c07/1/	Impurities in cryogenic solids: a new platform for hybrid quantum systems A.N. Kanagin, et al. arXiv:2508.21651	Hybrid quantum systems offer a promising platform for studying quantum phenomena and developing next-generation quantum technologies, benefiting from the complementary strengths of their constituent components. Here, we introduce a novel hybrid quantum platform that integrates superconducting circuits with atomic impurities embedded in cryogenic inert-gas crystals. Unlike conventional solid-state hosts, these crystals provide a soft, inert, predominantly spin-0 environment, where virtually any atom, molecule, or radical can be hosted while preserving its quantum properties. As a proof of concept, we embed sodium atoms in neon crystals atop superconducting resonators and observe strong spin–p
C07/2	related_excluded	Rydberg 相关但没有指向 Rb87 optical tweezer array；多为传感、分子、理论或其他平台。	Rydberg;gate_QEC;quantum_sim;cavity;metrology	Quantum Metrology II	Progress towards spin-squeezing in an ultracold neutral atom ensemble using a superconducting mmwave cavity.	https://meetings-archive.aps.org/damop/2026/c07/2/		Hybrid quantum platforms aim to combine complementary strengths of different physical platforms to enable improved control and readout of quantum states. In our experiment, we leverage the long coherence times and uniformity of ultracold neutral atom ensembles, the enhanced readout capabilities of optical cavities, and the high-quality factors of superconducting resonators. In this talk, we will present progress toward using an ensemble of Rydberg-dressed atoms coupled to a superconducting bulk-niobium millimeter-wave cavity to generate spin squeezing. Spin control between ground-state hyperfine levels is achieved using Raman transitions, while UV excitation to Rydberg states mediates strong
C07/3	unrelated_excluded	平台是离子、固态或其他非中性原子光镊平台。	gate_QEC;quantum_sim;metrology;ion_or_solid	Quantum Metrology II	Engineering quantum cooperativity and long-lived entanglement in quantum hybrid solid-state systems	https://meetings-archive.aps.org/damop/2026/c07/3/	1. J. M. P. Nair and B. Flebus, Engineering long-lived entanglement through dissipation in quantum hybrid solid-state platforms, New J. Phys. 27, 093501 (2025). 2. X. Li, J. Marino, D. E. Chang, and B. Flebus, Solid-state platform for cooperative quantum dynamics driven by correlated emission, Phys. Rev. B 111, 064424 (2025).	Dissipation arising from the coupling of a system to its environment is traditionally regarded as a major obstacle for quantum technologies. However, recent advances in light-matter interfaces have demonstrated that correlated dissipation can instead be exploited to realize novel dynamical phases and generate entanglement in many-body quantum systems. In this talk, we show how these insights from quantum optics can be leveraged to open a largely unexplored avenue for studying cooperative quantum phenomena in hybrid solid-state platforms, consisting of an ensemble of solid-state defects coupled to a shared magnetic bath. Building on this, we formulate a scheme to generate long-lived spin sque
C07/4	unrelated_excluded	读完摘要后未发现可归入 Rb87 Rydberg 光镊平台近期实验/工程问题的内容。	gate_QEC;metrology	Quantum Metrology II	Quantum metrology enhancement via higher-order spin interactions.	https://meetings-archive.aps.org/damop/2026/c07/4/		Motivated by recent experimental demonstrations showing that metrological performance can be enhanced beyond the standard quantum limit in the infinite-range spin-1/2 Lipkin–Meshkov–Glick (LMG) model with second-order spin interactions, we investigate the impact of adding a quartic spin interaction. This extension, both theoretically relevant and experimentally accessible, yields quantum sensitivity surpassing that of the standard LMG model. To gain physical insight, we analyze the system in its classical limit, where higher-order interactions reshape the energy landscape and modify the stability of fixed points. In the conventional LMG model, metrological gain originates from the instabilit
C07/5	related_excluded	光镊/中性原子阵列相关，但摘要没有 Rb87 或 Rydberg 核心实验。	tweezer;gate_QEC;cavity;metrology;optical_lattice_or_gas	Quantum Metrology II	Geometry-Enhanced Collective Emission and Spin Squeezing in Ordered Atomic Arrays	https://meetings-archive.aps.org/damop/2026/c07/5/	1. J. T. Young et al, Engineering One Axis Twisting via a Dissipative Berry Phase Using Strong Symmetries, Phys. Rev. Lett. 134, 040801 2. S. Agarwal et al, Directional Superradiance in a Driven Ultracold Atomic Gas in Free Space, PRX QUANTUM 5, 040335 (2024)	Atom–light interactions underpin a wide range of many-body quantum phenomena. In free space, atoms radiate into a continuum of photonic modes, giving rise to long-range photon-mediated interactions and modified radiative behavior. Unlike cavity systems, genuinely collective decay and superradiance in free space are typically strongest only when interatomic separations are much smaller than the optical wavelength, which is challenging to achieve experimentally. In this talk, we show how tailoring the spatial arrangement and density of atomic ensembles can nevertheless enhance collective emission and realize superradiant dynamics in free space. Building on a driven–dissipative cavity protocol 
C07/6	unrelated_excluded	读完摘要后未发现可归入 Rb87 Rydberg 光镊平台近期实验/工程问题的内容。	Rb;tweezer;neutral_atom_array;gate_QEC;metrology;vapor_or_MOT	Quantum Metrology II	Single-shot magnetic-field gradiometry from spin-spin correlations in quantum sensor arrays	https://meetings-archive.aps.org/damop/2026/c07/6/		Coherent control and individual readout of spin systems have expanded the toolbox for quantum sensing and imaging of classical fields. Quantum sensors based on coherent spin precession rely on phase accumulation of long-lived superpositions of states in either single spins or ensembles of spins to estimate the parameters of classical fields with high sensitivity and spatial resolution. We demonstrate a sensing platform that combines site-resolved, single-shot readout with common-mode rejection and gradient estimation. Our platform is based on two-dimensional arrays of individual rubidium atoms held within optical tweezers and engineered linear magnetic-field gradients. We report single-shot,
C07/7	related_excluded	涉及分子、分子显微镜、polar molecule 或 RbCs/KRb/NaCs 混合系统；不是 Rb87 Rydberg atom tweezer array。	Rydberg;gate_QEC;quantum_sim;metrology;molecule;ion_or_solid	Quantum Metrology II	Role of Lattice Geometry and Hamiltonian Engineering in the Universality of Spin Squeezing Dynamical Phase Transitions	https://meetings-archive.aps.org/damop/2026/c07/7/	"Published article: Duha, Arman, Samuel E. Begg, and Thomas Bilitewski. ""Nonequilibrium critical scaling of a squeezing phase transition."" Physical Review Letters 135.15 (2025): 150401. Planned paper: Role of Lattice Geometry and Hamiltonian Engineering in the Universality of Spin Squeezing Dynamical Phase Transitions"	Recent works have established the dynamical generation of entanglement in the form of two-mode squeezing in power-law interacting spin-1/2 bilayer XXZ models. Furthermore, a dynamical phase transition, separating a fully collective squeezing phase from a partially collective phase with universal critical scaling, has been demonstrated within the same models. In this work, we extend this framework to explore how different lattice geometries affect the nonequilibrium dynamics. Focusing on bilayer systems with square, honeycomb, and triangular lattices, we investigate the role of different lattice geometries on the dynamical transition and the universal critical scaling of the squeezing phase.A
C07/8	included_in_topic_abstract	已写入 abstract.qmd。	Rydberg;neutral_atom_array;gate_QEC;quantum_sim;metrology	Quantum Metrology II	Adiabatic echo protocols for robust quantum many-body state preparation	https://meetings-archive.aps.org/damop/2026/c07/8/	Z. Zeng, G. Giudici, A. Senoo, A. Baumgartner, A. M. Kaufman, and H. Pichler, Adiabatic echo protocols for robust quantum many-body state preparation, arXiv:2506.12138 (2025).	Entangled many-body states are a key resource for quantum technologies. Yet their preparation through analog control of interacting quantum systems is often hindered by experimental imperfections. Here, we introduce the adiabatic echo protocol, a general approach to state preparation designed to suppress the effect of static perturbations. We provide an analytical understanding of its robustness in terms of dynamically engineered destructive interference. By applying quantum optimal control methods, we demonstrate that such a protocol emerges naturally in a variety of settings, without requiring assumptions on the form of the control fields. Examples include Greenberger-Horne-Zeilinger state
C07/9	related_excluded	光镊/中性原子阵列相关，但摘要没有 Rb87 或 Rydberg 核心实验。	tweezer;metrology	Quantum Metrology II	Non-Gaussian Motional States in Anharmonic Optical Tweezers	https://meetings-archive.aps.org/damop/2026/c07/9/		Neutral-atom optical tweezers are a powerful platform for quantum science, yet the motional degree of freedom has often been treated as a source of noise rather than being coherently manipulated as a quantum resource. Here, we demonstrate control of the atom's quantum motion by exploiting the intrinsic anharmonicity of optical tweezers to generate and manipulate non-Gaussian motional states using only modulation of the trap position and depth. We show that time-averaging of the tweezer position enables dynamic control of the effective trap anharmonicity, allowing continuous tuning between anharmonic and harmonic regimes. At larger anharmonicities, we prepare qubits encoded in the motional Fo
C07/10	unrelated_excluded	平台是离子、固态或其他非中性原子光镊平台。	gate_QEC;quantum_sim;cavity;metrology;ion_or_solid	Quantum Metrology II	Butterfly echo protocol for axis-agnostic Heisenberg-limited metrology	https://meetings-archive.aps.org/damop/2026/c07/10/	Albert, J. and Bentsen, G. (Jan 2026). Brownian Spin Dynamics for Axis-Agnostic Precision Metrology. SPIE Photonics West. (To be published in SPIE Photonics West conference proceedings). Bringewatt, J., Zaporski, L., Albert, J., Radzihovsky, M., Gorshkov, A. and Bentsen, G. (2026). Butterfly Echo Protocol for Axis-Agnostic Heisenberg-Limited Metrology. (Manuscript in preparation).	Highly entangled many-body states are valuable resources for quantum-enhanced precision metrology. Whereas the canonical example -- the GHZ state -- facilitates Heisenberg-limited sensing of Bloch-sphere rotations about a particular known and fixed axis, recent work has explored the use of axis-agnostic probe states that are sensitive to rotations about arbitrary, a priori unknown axes at sensitivities differing from the Heisenberg limit by only a factor of 3. In this talk I will present two complementary results: 1. practical algorithms for efficiently generating these axis-agnostic probe states using random circuit dynamics and 2. an experimentally feasible `butterfly echo' protocol for ut
C08/1	related_excluded	涉及分子、分子显微镜、polar molecule 或 RbCs/KRb/NaCs 混合系统；不是 Rb87 Rydberg atom tweezer array。	gate_QEC;molecule;ion_or_solid	Novel Cooling and Trapping Techniques for Atoms and Molecules	Sympathetic Cooling Scheme in Same-Isotope Trapped-Ion Chains	https://meetings-archive.aps.org/damop/2026/c08/1/		An important requirement for realizing high-fidelity logical gates in trapped ions is for the collective motion of the ions to be near-ground state. This is typically achieved by sympathetically cooling a subset of ions between gate sequences, which results in cooling of the chain while preserving the qubit states of the data ions. Typical approaches for differentiating the coolant ions from the data ions include using a second species or mixed-isotope chains, but lead to challenges such as increased experimental complexity, re-ordering events and mass-mismatches, leading to reduced cooling efficiency of radial modes. We propose, demonstrate and characterize a sympathetic cooling scheme usin
C08/2	related_excluded	涉及分子、分子显微镜、polar molecule 或 RbCs/KRb/NaCs 混合系统；不是 Rb87 Rydberg atom tweezer array。	gate_QEC;quantum_sim;cryo;Yb;molecule;ion_or_solid	Novel Cooling and Trapping Techniques for Atoms and Molecules	A Sympathetic Cooling Scheme with Dual-Isotope Yb+ Ions for Long-Chain Quantum Simulation	https://meetings-archive.aps.org/damop/2026/c08/2/		Coupling to hot axial modes can significantly degrade gate fidelity in long, individually addressed trapped-ion chains. To mitigate axial heating, we implement a sympathetic cooling scheme using 172Yb+ coolant ions co-trapped with 171Yb+ qubit ions, which provides favorable radial motional modes in long chains [1].We benchmark our cooling protocol on a 23-ion dual-isotope Yb+ chain and characterize its performance on both axial and recoil-heated radial modes. We further benchmark digital entangling gates following the cooling sequence. We discuss the prospects of applying our scheme in cryogenic ion-trap systems with intrinsically low idle heating rates. Finally, we present recent progress t
C08/3	related_excluded	涉及分子、分子显微镜、polar molecule 或 RbCs/KRb/NaCs 混合系统；不是 Rb87 Rydberg atom tweezer array。	Rydberg;cavity;cryo;molecule	Novel Cooling and Trapping Techniques for Atoms and Molecules	A cryogenic pulsed supersonic beam source of metastable helium with chirped laser slowing for hybrid circuit QED	https://meetings-archive.aps.org/damop/2026/c08/3/		Hybrid cavity QED experiments in which Rydberg atoms are interfaced with superconducting microwave circuits are of interest for optical-to-microwave photon conversion, and the implementation of quantum networks. The use of He atoms in this setting provides an effective means to minimize the impact of adsorbates and stray electric fields emanating from the cryogenically cooled superconducting chip surfaces [1]. Rydberg He atoms in pulsed supersonic beams have been coherently coupled to superconducting coplanar waveguide microwave resonators, with single-photon Rabi frequencies on the order of 100 Hz [2]. To extend the atom-resonator interaction times and enhance coupling strengths in these ex
C08/4	unrelated_excluded	主题不涉及 Rb/Rydberg/光镊/中性原子阵列或相关量子计算模拟工程。	molecule;vapor_or_MOT	Novel Cooling and Trapping Techniques for Atoms and Molecules	Loading molecular magneto-optical traps with rainbow slowing	https://meetings-archive.aps.org/damop/2026/c08/4/		Rainbow slowing is a new method of laser slowing designed to more efficiently bring molecules to desirable speeds for magneto-optical trapping. Rainbow slowing uses a series of decreasing frequency laser beams that incrementally slow the molecules at targeted locations along their path using beams with different angles to account for the variation in distance traveled by the molecules over time. This provides positionally dependent slowing, which is currently missing in typical laser slowing methods. We will present progress on implementing this new technique to enhance the number of trapped molecules in our CaF MOT, and compare it with conventional slowing techniques, including chirped and 
C08/5	related_excluded	涉及分子、分子显微镜、polar molecule 或 RbCs/KRb/NaCs 混合系统；不是 Rb87 Rydberg atom tweezer array。	Rb87;metrology;molecule;vapor_or_MOT;optical_lattice_or_gas	Novel Cooling and Trapping Techniques for Atoms and Molecules	Rapid and Highly Efficient Generation of 87Rb BEC via EIT Cooling	https://meetings-archive.aps.org/damop/2026/c08/5/		Bose-Einstein condensates (BECs) of dilute gases are a cornerstone for exploring many-body physics and implementing quantum sensors. However, traditional evaporative cooling to achieve a condensate is an inherently slow process (typically seconds to minutes) and highly inefficient, resulting in over 90% atom loss. This bottleneck in the duty cycle severely restricts the measurement bandwidth and efficiency. To overcome this challenge, we demonstrate a rapid, all-optical approach based on electromagnetically induced transparency (EIT) cooling. While our prior work successfully applied this technique to produce fast quantum gases of 85Rb, the resulting condensates were fundamentally unstable d
C08/6	related_excluded	涉及分子、分子显微镜、polar molecule 或 RbCs/KRb/NaCs 混合系统；不是 Rb87 Rydberg atom tweezer array。	quantum_sim;molecule;optical_lattice_or_gas	Novel Cooling and Trapping Techniques for Atoms and Molecules	Ultracold gas of a triel atom	https://meetings-archive.aps.org/damop/2026/c08/6/	"Li, P.*, Yu, X.*, Chew, S. H. P., Mo, J., Lu, T., and Nicholson, T. L., ""Sub-Doppler Cooling, State Preparation, and Optical Trapping of a Triel Atom,"" PRX Quantum 6, 040328 (2025)."	Ultracold gases of triel elements (Group 13) provide a new frontier for quantum matter experiments, occupying an unexplored regime of angular momentum and magnetic interaction strength that naturally supports short-range anisotropic scattering and the potential for topological spinor physics. The triel atom indium is particularly promising, for it combines magnetic Feshbach resonances, an ultranarrow clock transition, and anisotropic light–matter interactions within a single platform. In the quantum degenerate regime, indium is expected to realize a condensate governed by an elastic, anisotropic Gross–Pitaevskii equation, which gives rise to novel quantum phases and rich dynamics.Motivated b
C08/7	related_excluded	涉及分子、分子显微镜、polar molecule 或 RbCs/KRb/NaCs 混合系统；不是 Rb87 Rydberg atom tweezer array。	Rb87;Rb;cavity;metrology;molecule;vapor_or_MOT	Novel Cooling and Trapping Techniques for Atoms and Molecules	Modulator-free sub-doppler rubidium cooling using an electrically controllable PZT photonic resonator	https://meetings-archive.aps.org/damop/2026/c08/7/	"We are preparing to submit a manuscript entitled ""Sub-Doppler rubidium atom cooling using a programmable agile integrated PZT-on-SiN resonator"" to Science Advances, which is composed of a portion of this work."	Programmable, precision control of laser frequency is essential for quantum experiments and applications such as atomic clocks, quantum computers, and cold-atom sensors. A major challenge in implementing these systems is reducing size, weight, power, and cost (SWaP-C). This includes laser frequency control, which often involves rapid jumps and ramps, such as those used in polarization gradient cooling (PGC) and resonant detection. To avoid the use of power-hungry modulators and frequency shifters like acousto-optic and electro-optic modulators (AOMs, EOMs), we demonstrate an electrically controllable, photonic-integrated PZT-actuated resonator cavity that provides rapid, modulator-free optic
C08/8	unrelated_excluded	主题不涉及 Rb/Rydberg/光镊/中性原子阵列或相关量子计算模拟工程。	molecule;vapor_or_MOT	Novel Cooling and Trapping Techniques for Atoms and Molecules	Nondestructive Characterization of Laser-Cooled Atoms with Machine Learning	https://meetings-archive.aps.org/damop/2026/c08/8/	"G. de Sousa, M. Doris, D. D'Amato, B. Egleston, J. P. Zwolak, I. B. Spielman, ""Nondestructive characterization of laser-cooled atoms using machine learning"", Newton (in review)"	The light emitted from fluorescing clouds of laser-cooled atoms provides structural information with known techniques to extract an estimate of atom number, but other ensemble properties, namely temperature, remain inaccessible until destructive techniques such as time-of-flight imaging measure the cloud's expansion at the cost of the trap's release. We demonstrate the use of machine learning models to predict the atom number and temperature of vapor-fed potassium-39 magneto-optical traps from only in-situ fluorescence images. A dataset spanning a wide range of trap loading conditions was collected, capturing dense atomic ensembles to no detectable cloud signal, while destructive techniques 
C08/9	related_excluded	涉及分子、分子显微镜、polar molecule 或 RbCs/KRb/NaCs 混合系统；不是 Rb87 Rydberg atom tweezer array。	cavity;cryo;molecule;vapor_or_MOT	Novel Cooling and Trapping Techniques for Atoms and Molecules	Combining high intensity cavities with cryogenic buffer-gas cells for deep dipole trapping of molecules	https://meetings-archive.aps.org/damop/2026/c08/9/		Despite much interest in studying cold molecules, access to cold, trapped molecules has been limited to only a small class of species. We aim to expand trapping techniques to include a variety of small, chemically stable molecules, such as N2, CO, O2, and HCl [1]. To this end, we present here a unique experimental apparatus, which has produced 1064-nm laser intensities over 400 GW/cm2 in a region between two opposing cryogenic buffer gas cells that can be cooled to 1.5 K. The laser, produced in a tightly-focused buildup cavity, forms a far-off-resonant dipole trapping potential, with a trap depth of ∼10 K. The buffer-gas cells are therefore cold enough to directly load molecules into the tra
C08/10	related_excluded	涉及分子、分子显微镜、polar molecule 或 RbCs/KRb/NaCs 混合系统；不是 Rb87 Rydberg atom tweezer array。	quantum_sim;molecule;vapor_or_MOT	Novel Cooling and Trapping Techniques for Atoms and Molecules	Simulations of a Pulsed Ring Stark Decelerator for CH Molecules	https://meetings-archive.aps.org/damop/2026/c08/10/		Today’s molecular magneto‑optical traps (MOTs) are loaded using radiation‑pressure slowing of molecular beams, an inefficient bottleneck that limits trappable flux. To avoid this constraint, we aim to load a molecular MOT directly from a Stark‑decelerated beam using a pulsed ring Stark decelerator (PRSD) specifically tailored for CH. The CH radical is particularly well suited to Stark deceleration due to its ground‑state Λ‑doublet structure and low mass, while favorable vibrational branching on the X–A transition makes CH an attractive species for laser cooling and trapping. We will present simulations of PRSD performance over different geometries and timing sequences to identify regimes tha
C10/1	related_excluded	涉及分子、分子显微镜、polar molecule 或 RbCs/KRb/NaCs 混合系统；不是 Rb87 Rydberg atom tweezer array。	quantum_sim;molecule;optical_lattice_or_gas	Quantum Simulation II	Efficient, Oracle-free Quantum Simulation of Nonadiabatic Quantum Molecular Dynamics	https://meetings-archive.aps.org/damop/2026/c10/1/	"Courtney, J., P.C. Stancil. ""Variationally Compressing Quantum Circuits to Approximate Nonadiabatic Molecular Quantum Dynamics."" Submitted to Physical Review A. 2026. Courtney, J., P.C. Stancil. ""Real-Time Simulation of Low-Energy Quantum Scattering on a Simulated Quantum Computer."" In Preparation. 2026. Courtney, J., P.C. Stancil. ""Efficient Oracle-free Quantum Simulation of Nonadiabatic Quantum Molecular Dynamics."" In Preparation. 2026. Courtney, J. P.C. Stancil ""Smooth Potential Surfaces for Quantum Dynamics on Quantum Computers."" In Preparation. 2026 Courtney, J. ""Efficient Oracle-free Simulation of the Dense Hamiltonian for Nonadiabatic Quantum Molecular Dynamics."" Doctoral Dissertation. In Preparation. April 2026."	Nonadiabatic dynamics at conical intersections and avoided crossings govern photochemical processes in numerous interstellar and terrestrial contexts. Applications ranging from the ionization of polycyclic aromatic hydrocarbons in the interstellar medium to singlet fission in organic photovoltaics depend critically on understanding these mechanisms. Accurate simulation for these systems becomes classically intractable for systems exhibiting strong, unstructured correlations with only a few dozen vibrational modes. We present a digital quantum algorithm for the simulation of dense Hamiltonians common in vibronic and scattering dynamics. Real-Time Evolution of Quantum Wavepackets in Explicit M
C10/2	related_excluded	涉及分子、分子显微镜、polar molecule 或 RbCs/KRb/NaCs 混合系统；不是 Rb87 Rydberg atom tweezer array。	quantum_sim;molecule;ion_or_solid	Quantum Simulation II	Designing composite quantum systems using trapped-ion quantum computers: a case study in vibronic energy transfer	https://meetings-archive.aps.org/damop/2026/c10/2/		"Studying molecular vibronic interactions, where vibrational and electronic degrees of freedom are coupled, is a key step toward practical computational design of molecular systems relevant to artificial light harvesting, molecular energy transfer, and bio-imaging. However, modelling vibrational degrees of freedom requires increasingly large Hilbert spaces, resulting in a problem that is difficult to solve classically. Here, we use a trapped-ion quantum computer to overcome this complexity and simulate interactions between molecular clusters. Importantly, we avoid simulating low-level electrons and nuclei, and instead consider only the ""sub-system"" level of single molecules as our building bl"
C10/3	unrelated_excluded	读完摘要后未发现可归入 Rb87 Rydberg 光镊平台近期实验/工程问题的内容。	quantum_sim	Quantum Simulation II	Multi-Copy Protocols for Imaginary-Time Evolution and Ground-State Preparation	https://meetings-archive.aps.org/damop/2026/c10/3/		The ability to implement imaginary-time evolution and prepare ground states is a central goal of quantum computation and simulation. Using multiple copies of the system, controlled-SWAP operations (or more general SWAP-generated unitaries), and real-time evolution under the system Hamiltonian, we present protocols that approximate imaginary-time dynamics with different performance guarantees and resource requirements. We provide numerical results for a heuristic variant and benchmark it against a protocol with provable convergence. Finally, we propose an implementation in cold-atom platforms that can complement existing ground-state preparation techniques and is compatible with near-term exp
C10/4	related_excluded	中性原子/Rydberg/tweezer 方向相近，但物种是 Yb/Sr/Cs 等，不是 Rb87。	Rydberg;tweezer;quantum_sim;metrology;Yb	Quantum Simulation II	Quantum Simulation with Ytterbium Rydberg Atoms in Optical Tweezer Arrays	https://meetings-archive.aps.org/damop/2026/c10/4/		Neutral atoms in optical tweezer arrays are rapidly emerging as a powerful platform for quantum computing, quantum simulation, and precision metrology, enabled by high‑fidelity control and tunable long‑range interactions. In our quantum computing and simulation experiment, individual 171Yb-atoms are confined in a 759 nm optical tweezer array that provides triple-magic trapping for the 1S0 ground state, the 3P1 state relevant for cooling and detection, as well as the 3P0 clock state. Here, we characterise single‑atom loading, demonstrating near-deterministic loading efficiencies exceeding 80%, using pulses red‑detuned from the 1S0–3P1 transition. By varying tweezer depth and magnetic field, w
C10/5	unrelated_excluded	读完摘要后未发现可归入 Rb87 Rydberg 光镊平台近期实验/工程问题的内容。	Rb87;quantum_sim	Quantum Simulation II	Towards Bragg spectroscopy of boson-boson density correlations, due to fermion-mediated interactions, in a quantum degenerate Bose-Fermi mixture	https://meetings-archive.aps.org/damop/2026/c10/5/		Bose–Fermi mixtures provide a controlled setting for studying matter-wave mediated interactions [1]. We report progress toward Bragg spectroscopy of the 87Rb component in a quantum-degenerate 87Rb40K Bose–Fermi mixture with tunable interspecies interactions. Two-photon Bragg pulses are applied to the bosonic component (87Rb) to directly probe the dynamic structure factor SB(q,ω). The momentum transfer is chosen near q≈kF. The interspecies interaction length aBF​ is varied near the 546 G 87Rb40K Feshbach resonance, into the strongly interacting regime. Our central goal is to test how RKKY-like, fermion-mediated interactions [2] modify boson–boson density correlations. This modification is pro
C10/6	unrelated_excluded	平台是离子、固态或其他非中性原子光镊平台。	quantum_sim;ion_or_solid	Quantum Simulation II	Towards a quantum decision tree in a laser pumped four-level system	https://meetings-archive.aps.org/damop/2026/c10/6/		In this study, we examine an innovative framework towards implementing quantum decision trees utilizing a laser-driven four-level system. We discuss a diamond-shaped atomic configuration, in which we apply Lie-algebraic formalisms to analyze the dynamics of the system. The system is perturbed by a Stokes pulse, represented as \beta_j(t) (for j=1,2), which interacts with the atomic states |0\rangle, |3\rangle and |1\rangle, |2\rangle. In addition, a pump laser, denoted as \alpha_j(t), couples the states |0\rangle, |1\rangle and |2\rangle, |3\rangle.By employing pulse profiles that possess identical temporal behavior but differ in amplitude, one can effectively redistribute the population from
C10/7	unrelated_excluded	平台是离子、固态或其他非中性原子光镊平台。	gate_QEC;quantum_sim;ion_or_solid	Quantum Simulation II	Quantum Gravity in the Lab: Magic-enriched Holographic Codes on Trapped-Ion Quantum Computers	https://meetings-archive.aps.org/damop/2026/c10/7/		"We present results from quantum circuits on an ion-trap quantum computer that relate to holographic error-correcting codes and the AdS/CFT correspondence. Toy models like the HaPPY code (Pastawski et al, JHEP 2015) allow us to study the relationship between geometry and entanglement, as predicted by the holographic principle, but they do not have emergent gravity, an important feature of AdS/CFT. But the magic-enriched HaPPY code changes this paradigm by coupling ""matter"" to ""gravity"". In our experiments, magic is injected in the form of coherent gate over-rotations during logical encoding. We report progress on experiments on models of single-copy AdS and two-sided wormhole on the IonQ-Fort"
C10/8	related_excluded	Rydberg/Rb 相关但平台是 vapor/MOT/molasses/EIT/cold ensemble，不是 optical tweezer array。	quantum_sim;cavity;metrology;vapor_or_MOT	Quantum Simulation II	Quantum simulation of vacuum amplification in a modulated cavity	https://meetings-archive.aps.org/damop/2026/c10/8/	J.L. Tanlimco, X. Chai, E. Nolasco-Martinez, E. Zhu, S.N. Halawani, I. Martin, and D.M. Weld, A matter-wave Fabry-Pérot cavity in the ultrastrong driving regime. In preparation.	The optical cavity is ubiquitous in modern technology as the central element in lasers, spectrometers, clocks, and sensors. Simply moving the mirrors of such a cavity back and forth can give rise to surprisingly rich phenomena, which have resisted direct experimental realization due to the difficulty of relativistically accelerating massive cavity mirrors. These phenomena range from the semiclassical Floquet map that predicts effective horizon-like worldlines and exponentially concentrated energy density to quantized driven vacuum modes that give rise to the dynamical Casimir effect and map to black-hole evaporation and Unruh radiation. We describe an experimental platform that uses a matter
C10/9	included_in_topic_abstract	已写入 abstract.qmd。	Rydberg;neutral_atom_array;quantum_sim	Quantum Simulation II	Observation of Near-Critical Kibble-Zurek Scaling in Rydberg Atom Arrays	https://meetings-archive.aps.org/damop/2026/c10/9/	T. Zhang, H. Wang, W. Zhang, Y. Wang, A. Du, Z. Li, Y. Wu, C. Li, J. Hu, H. Zhai, and W. Chen, Observation of near-critical Kibble-Zurek scaling in Rydberg atom arrays, Phys. Rev. Lett. 135, 093403 (2025).	While finite-size effects and symmetry-breaking perturbations typically smear a critical point into a smooth crossover, we experimentally demonstrate that the precise Kibble-Zurek scaling can be retained in this near-critical crossover regime without strictly crossing the phase transition. The essential requirement is to appropriately scale both the system size and the symmetry-breaking field with the ramp speed. Using a reconfigurable Rydberg atom array—where the Rydberg blockade mediates a Z₂ symmetry-breaking transition—we achieve precise control over the system size and an effective symmetry-breaking field via a zigzag geometry. We show a notable contrast in the fidelity of Kibble-Zurek 
C10/10	unrelated_excluded	读完摘要后未发现可归入 Rb87 Rydberg 光镊平台近期实验/工程问题的内容。	gate_QEC;quantum_sim;cavity	Quantum Simulation II	Collective Excitations of Dissipative Time Crystals	https://meetings-archive.aps.org/damop/2026/c10/10/		We investigate the dynamical response across phase transitions in dissipative time crystals. Using Floquet theory, we characterize the excitation spectra associated with the transition from a normal to a time-crystalline phase. Our analysis reveals two distinct types of dynamical phase transitions, distinguished by the behavior of an order parameter: a continuous (second-order) transition, where the order parameter evolves smoothly; and a discontinuous (first-order) transition, where it changes abruptly. The excitation spectra provide clear signatures of these transitions: the continuous transition is accompanied by the closing of a complex gap, whereas the discontinuous transition exhibits 
C11/1	unrelated_excluded	读完摘要后未发现可归入 Rb87 Rydberg 光镊平台近期实验/工程问题的内容。	quantum_sim	Non-Equilibrium Phenomena in Ultracold Atoms	Probing quantum many-body dynamics in a uniform Fermi gas	https://meetings-archive.aps.org/damop/2026/c11/1/	[1] G. L. Schumacher, Nature Comm. 17, 174 (2026) [2] F. J. Vivanco, A. Schuckert, S. Huang et al, Nature Phys 21, 564 (2025) [3] S. Huang et al, Phys. Rev. X 15, 011074 (2025) [4] J. Chen et al., arXiv:2502.14867	Ultracold fermions in optical box traps are a fascinating platform for studying nonequilibrium many-body dynamics in highly controllable settings [1]. In this talk, I will present three such studies: (i) Using impurities with two internal states immersed in a Fermi sea, we realize radio-frequency–dressed Fermi polarons with interactions tunable by an rf field. We observe many-body–renormalized Rabi oscillations and characterize the interaction-dependent frequency shift, renormalized Rabi frequency and damping rate, which we connect to properties of the rf-dressed polaron [2]. (ii) By spatially driving a uniform Fermi gas, we determine the density–density response across interaction regimes, 
C11/2	unrelated_excluded	主题不涉及 Rb/Rydberg/光镊/中性原子阵列或相关量子计算模拟工程。	molecule;optical_lattice_or_gas	Non-Equilibrium Phenomena in Ultracold Atoms	Non-equilbrium phases of shaken lithium atoms within the BEC-BCS crossover	https://meetings-archive.aps.org/damop/2026/c11/2/	"Kaiyue Wang; Feng Xiong; Yun Long; Yun Ma; Colin V. Parker, ""Instability and momentum bifurcation of a molecular Bose-Einstein condensate in a shaken lattice with exotic dispersion"", PRA 108, L051302 (2023) https://doi.org/10.1103/PhysRevA.108.L051302"	Ultracold atoms in temporally periodic optical lattices are out-of-equilibrium systems in multiple senses. Even when they are in quasi-equilibrium Floquet states at the timescale of the driving, the resulting dispersion relation can be rapidly tuned, resulting in out-of-equilibrium momentum distributions. We begin our experiments with a molecular Bose-Einstein condensate (mBEC) in the tightly bound region below a Feshbach resonance. We suddenly change apply the periodic drive to create a double-well momentum distribution, so that the system at zero momentum is in a local maximum of the kinetic energy. The resulting dynamics involves bifurcation of the condensate into two parts, which separat
C11/3	unrelated_excluded	主题不涉及 Rb/Rydberg/光镊/中性原子阵列或相关量子计算模拟工程。		Non-Equilibrium Phenomena in Ultracold Atoms	Localization and control in driven quantum matter	https://meetings-archive.aps.org/damop/2026/c11/3/	Exploring light-induced phases of 2D materials in a modulated 1D quasicrystal. Y. Bai, A.R. Dardia, T. Shimasaki, and D.M. Weld, arXiv:2506.11984 (2025). (Accepted for publication in PRX). Continuously trapped matter-wave interferometry in magic Floquet-Bloch band structures. X. Chai, J.L. Tanlimco, E. Nolasco-Martinez, X. Liang, E.Q. Simmons, E. Zhu, R. Sajjad, H. Mas, S.N. Halawani, A. Cao, and D.M. Weld, arXiv:2506.11881 (2025). (Accepted for publication in Nature Communications).	Degenerate gases are a flexible testbed for the control and study of quantum matter driven far from equilibrium. I will highlight recent experimental progress in this area, from the observation of light-induced critical phases to exotic stabilization dynamics under ultra-strong driving to the realization of interactive quantum matter, in which unitary dynamics are coupled with weak measurement and feedback.
C11/4	related_excluded	平台是 optical lattice、BEC、quantum gas 或 gas microscope，不是 Rb87 optical tweezer Rydberg array。	quantum_sim;optical_lattice_or_gas	Non-Equilibrium Phenomena in Ultracold Atoms	Spin and Heat Transport from Linear Hydrodynamic Modes	https://meetings-archive.aps.org/damop/2026/c11/4/		The transport properties of strongly interacting Fermi gases provide test cases for theories of strongly correlated fermion systems. Uniform-density Fermi gases in box traps allow accurate measurements of linear transport properties through observation of small-amplitude hydrodynamic modes. The time-evolution of the hydrodynamic variables of a uniform fluid can be described using a first-order system of differential equations for their spatial Fourier coefficients. I will present a matrix formulation of the hydrodynamic modes in a two-component Fermi gas. In the normal state, the modes comprise sound, heat, and spin modes. The spin and heat modes become coupled in the presence of spin imbala
C12/1	unrelated_excluded	主题不涉及 Rb/Rydberg/光镊/中性原子阵列或相关量子计算模拟工程。		New Advances in Data Mining and AI Tutoring	Our Students Hold Over 20 Non-Newtonian Misconceptions: Ancient, Medieval, and Modern	https://meetings-archive.aps.org/damop/2026/c12/1/		We have found over 20 misconceptions of students taking Introductory Mechanics, and have analyzed how well instruction lessens belief in them. Misconceptions are found from a sample of ~60k administrations of the Force Concept Inventory by applying Hierarchical Bayesian modeling plus dimensional rotation to the Multidiimensional Nominal Categories Model(1) to discover small clusters of wrong answers showing consistent reasoning that were preferentially selected by associated sets of students. These misconceptions are alternative hypotheses (to Newton), and include ideas about animate and inanimate objects learned by infants, ideas codified by Aristotle and other Greeks, medieval physics of i
C12/2	unrelated_excluded	主题不涉及 Rb/Rydberg/光镊/中性原子阵列或相关量子计算模拟工程。		New Advances in Data Mining and AI Tutoring	Enhanced Learning Through the Integration of AI and Best Practices: A Randomized Controlled Study Comparing AI-Supported Pedagogy with Active Learning in Introductory Physics	https://meetings-archive.aps.org/damop/2026/c12/2/		We present a randomized controlled study that compares learning gains and perceptions of AI-supported lessons in an introductory physics course to lessons that employ active learning with instructor and peer support. This study implements a generalizable approach to AI-supported instruction that offers a potential solution to long-standing challenges in STEM education. We find that introducing concepts to students using an AI-supported environment can lead to improved engagement, motivation, quicker learning and learning gains approaching a standard deviation.
C12/3	unrelated_excluded	主题不涉及 Rb/Rydberg/光镊/中性原子阵列或相关量子计算模拟工程。	molecule	New Advances in Data Mining and AI Tutoring	AI in Education: Chatbots, Intelligent Tutoring Systems, and the Future of Learning	https://meetings-archive.aps.org/damop/2026/c12/3/		To integrate AI into university instruction requires tools that provide course-aligned, pedagogically structured support. Evidence from recent deployments, like UTA StudyBuddy bot, shows thatchatbots carefully integrated into coursework can supply feedback, scaffolding, and peer–like interaction. In classes like nursing, physics, and history, these systems have been used to rehearse or generate feedback on exams, organize written work, and reintroduce a collaborative dynamic in online-only environments. Usage statistics, engagement logs, and survey responses indicate that these tools can operate effectively within existing instructional workflows, with minimal disruption. Evaluations of stru
C12/4	unrelated_excluded	主题不涉及 Rb/Rydberg/光镊/中性原子阵列或相关量子计算模拟工程。		New Advances in Data Mining and AI Tutoring	Second Chance AI driven Activity in a Blending Learning First-year Physics Class at MIT	https://meetings-archive.aps.org/damop/2026/c12/4/		The first-year 8.01 Mechanics and 8.02 E&amp;M courses at MIT are taught using a blending learning model. In the pre-class learning sequences students work through videos, text and graded problems which have a limited number of attempts. If a student does not correctly answer a graded problem they may choose to go to the second chance webpage. In order to get credit for their problem, they first see the answer, then in a text box explain their misconception(s), and in a separate text box describe the correct answer. An AI based program analyzes their misconceptions and prepares powerpoint slides for the teaching faculty to review before the follow-up class which is designed to be an active l
E04/1	unrelated_excluded	平台是离子、固态或其他非中性原子光镊平台。	cavity;vapor_or_MOT;ion_or_solid	Open Quantum Systems	Lewis–Riesenfeld invariant-based master equation for driven open quantum systems	https://meetings-archive.aps.org/damop/2026/e04/1/	Manuscript in preparation; preprint to be posted on arXiv.	We explore a generalized approach to the master equation for driven open quantum systems using Lewis-Riesenfeld invariants [Phys. Rev. A 106, 052217 (2022); Quantum Sci. Technol. 10, 025036 (2025)]. In many cases, the derivation of master equations for driven quantum systems either completely neglects the driving field (“laboratory frame”) or makes secular approximations based on the driving field strength (“rotating frame”). The generalized approach avoids the driving-strength restrictions inherent to these conventional approaches. Extending beyond the prototypical two-level system, we first show that the inclusion of another state coupled to the ground state via reservoir-induced dephasing
E04/2	unrelated_excluded	读完摘要后未发现可归入 Rb87 Rydberg 光镊平台近期实验/工程问题的内容。	gate_QEC;metrology	Open Quantum Systems	Generating Entangled Steady States in Multistable Open Quantum Systems via Initial State Control	https://meetings-archive.aps.org/damop/2026/e04/2/	arXiv:2510.07628	Entanglement is a key resource for quantum technologies, yet it is typically fragile and destroyed by dissipation. Paradoxically, engineered dissipation can instead be used to create and stabilize entangled steady states. A major challenge arises in open quantum systems that exhibit multiple steady states, where the long-time behavior depends nontrivially on the initial state. In this talk, I present an analytical framework that predicts the steady state of a system evolving under a Lindblad master equation directly from its initial conditions, without integrating the dynamics. We show that while the steady-state manifold is determined by the kernel of the Liouvillian, the weights within thi
E04/3	related_excluded	Rydberg/Rb 相关但平台是 vapor/MOT/molasses/EIT/cold ensemble，不是 optical tweezer array。	cavity;vapor_or_MOT	Open Quantum Systems	Steady-state spin order and superradiance beyond the Dicke limit	https://meetings-archive.aps.org/damop/2026/e04/3/	S. Cardenas-Lopez, E. Guardiola-Navarrete, and A. Asenjo-Garcia, Emergent spin order and steady-state superradiance in one-dimensional baths (2025), arXiv:2511.10638 [quant-ph].	Spontaneous collective decay in incoherently driven atomic ensembles can generate macroscopic coherence in the steady state, as exemplified by steady-state superradiance in single-mode cavities. Whether spontaneous order persists beyond the Dicke limit, where competing collective decay channels and light propagation might preclude an ordered phase, remains an open question. We address it by analyzing incoherently pumped atoms coupled to one-dimensional electromagnetic baths through two models: a ring cavity with two bright decay channels, and a bidirectional waveguide where propagation additionally induces Hamiltonian dipole–dipole interactions. We find that both systems sustain steady-state
E04/4	unrelated_excluded	主题不涉及 Rb/Rydberg/光镊/中性原子阵列或相关量子计算模拟工程。		Open Quantum Systems	Limit-cycle bifurcations in driven-dissipative quantum systems	https://meetings-archive.aps.org/damop/2026/e04/4/		Driven-dissipative quantum systems often exhibit competition between coherent and dissipative driving processes and interactions. In particular, introducing correlated single-particle decay balanced by coherent hopping interactions can realize nonreciprocal and, for particular parameter tunings, uni-directional interactions. The resulting steady-states of the dynamics characterize the phase of the system and are of special interest when the steady-states are non-equilibrium. Systems with nonreciprocal interactions can exhibit phase transitions from static to dynamical phases characterized by limit-cycles, at the mean-field level, for example in the nonreciprocal Dicke model. Additionally, li
E04/5	related_excluded	光镊/中性原子阵列相关，但摘要没有 Rb87 或 Rydberg 核心实验。	neutral_atom_array;gate_QEC;quantum_sim;cavity;vapor_or_MOT;optical_lattice_or_gas	Open Quantum Systems	Long-lived Z2 and U(1) superradiance of a mesoscopic spin chain in a two-mode cavity	https://meetings-archive.aps.org/damop/2026/e04/5/		We investigate the steady-state Dicke phase transition of mesoscopic ensembles with N=10N=10N=10–34 atomic spins coupled to a high-finesse optical cavity supporting two near-degenerate polarization modes. The atom array is aligned along the cavity axis under a longitudinal magnetic field and transversely pumped with πππ-polarized light. Depending on the cavity mode structure, the system is effectively described by a two-mode Dicke–Hepp–Lieb Hamiltonian with either a continuous U(1)U(1)U(1) symmetry for degenerate modes or a discrete Z2Z_2Z2​ symmetry in the presence of a small linear birefringence, as in our cavity. In this regime, coherent interference between the cavity and pump fields gen
E04/6	unrelated_excluded	读完摘要后未发现可归入 Rb87 Rydberg 光镊平台近期实验/工程问题的内容。	gate_QEC	Open Quantum Systems	Non-Local Quantum Phase Transitions	https://meetings-archive.aps.org/damop/2026/e04/6/		In the thermodynamic limit, thermal or quantum fluctuations can drive many-body systems into symmetry-broken states that do not directly follow microscopic conservation laws. Here, we show that nonlocal quantum fluctuations of bath modes can induce a correlated symmetry breaking in remote critical systems, regardless of their distance. Using the framework of driven-dissipative phase transitions, we theoretically analyze a system composed of distant critical resonators, each coupled to an independent Markovian bath, when the environmental modes are prepared in a broadband two-mode squeezed state. We present a gedankenexperiment where two identical copies of such critical resonator-bath system
E04/7	unrelated_excluded	主题不涉及 Rb/Rydberg/光镊/中性原子阵列或相关量子计算模拟工程。	Yb;vapor_or_MOT;ion_or_solid	Open Quantum Systems	Structured dissipation steady states in open quantum dynamics on an ion trap processor.	https://meetings-archive.aps.org/damop/2026/e04/7/		Understanding novel behavior of driven-dissipative quantum systems is critical to research of many-body open systems in nature. The relative strengths of coherent drive and dissipation in these systems may lead to distinct phases in a non-equilibrium steady-state. Trapped ions are an excellent platform to model these systems, owing to long coherence times, widely tunable coherent interactions, and controllable dissipation from optical beams. Here we utilize trapped ^{171}Yb^+ ions to probe at non-equilibrium steady-state physics. In particular, we explore beyond the standard randomized dissipation to examine steady-states where the dissipation mechanism has some inherent structure and corela
E04/8	unrelated_excluded	主题不涉及 Rb/Rydberg/光镊/中性原子阵列或相关量子计算模拟工程。		Open Quantum Systems	Placing bounds on Quantum Decoherence in electron diffraction	https://meetings-archive.aps.org/damop/2026/e04/8/	P. J. Beierle, L. Zhang, and H. Batelaan. Experimental test of decoherence theory using electron matter waves. New Journal of Physics, 20(11):113030, Nov 2018. Z. Chen and H. Batelaan. Dephasing due to semi-conductor charging masks decoherence in electron-wall systems. Europhysics Letters, 129(4):40004, Mar 2020. R. Puente, A. U. Mohanan, and H. Batelaan. Energy loss measurement for Electron Diffraction in interaction with a conductive wall [In preparation], 2026.	Caldeira and Leggett’s theory of quantum dissipation predicts a link between decoherence and energy loss for a particle propagating through a Brownian environment, a relationship that is central to understanding the transition between the quantum and classical regimes. Building on this framework, Anglin and Zurek proposed that a resistive metallic surface could act as such a dissipative environment for an aloof free electron wave propagating in close proximity. Some theoretical models predict energy losses exceeding 0.3 eV in this system.Here, we report measurements of the electron energy with an accuracy better than 0.1 eV, thereby placing stringent constraints on these models. We compare o
E04/9	unrelated_excluded	读完摘要后未发现可归入 Rb87 Rydberg 光镊平台近期实验/工程问题的内容。	cavity	Open Quantum Systems	Quantum chaotic cavities via optomechanical coupling: A controlled environment for open-system dynamics in quantum materials	https://meetings-archive.aps.org/damop/2026/e04/9/		Interacting quantum many-body systems provide a route to quantum chaos and thermalization, and can serve as effective environments for local quantum degrees of freedom beyond conventional noninteracting baths. We propose a system of three cavity modes coupled through optomechanical interactions and show that, after integrating out the mechanical degrees of freedom, the cavity dynamics exhibit signatures of quantum chaos and satisfy the eigenstate thermalization hypothesis. We then couple one cavity mode to a quantum material, a graphene monolayer, and study the dynamics of a single graphene electron coupled to a chaotic cavity. Using exact time evolution, we demonstrate the thermalization of
E05/1	related_excluded	Rydberg 相关但没有指向 Rb87 optical tweezer array；多为传感、分子、理论或其他平台。	Rydberg;gate_QEC;quantum_sim	Coherence and Control	Absolute HHG yields in argon from R-matrix with Time Dependence calculations	https://meetings-archive.aps.org/damop/2026/e05/1/		We present ab initio calculations of the high-order harmonic generation (HHG) spectrum in argon using the R-matrix with Time Dependence (RMT) method [1] for strong-field, few-cycle optical pulses. The calculations reproduce the harmonic structure, cutoff energy, and Cooper minimum observed experimentally [2]. The all-electron RMT method complements previous work, which has typically employed single-active-electron methods combined with pseudopotentials. We present the spectrum in absolute units, noting that the integrated yield (energy fluence) is, in principle, measurable and provides a stringent benchmark for various HHG calculations. We investigate the strong carrier-envelope-phase (CEP) 
E05/2	unrelated_excluded	主题不涉及 Rb/Rydberg/光镊/中性原子阵列或相关量子计算模拟工程。		Coherence and Control	Retrieving characteristic times in high harmonic generation from the spectral phase of the emitted radiation	https://meetings-archive.aps.org/damop/2026/e05/2/	T. Olsson et al., Retrieving characteristic times in high harmonic generation from the spectral phase of the emitted radiation, submitted to Physical Review Letters (under review)	We present a novel experimental approach to retrieve both the ionization and return times in high harmonic generation from the spectral phases of the radiation generated by a two-color femtosecond field. By performing a detailed characterization of the phases as both the ratio and delay between the two colors of the field are varied, we have unraveled specific conditions under which the electrons emerge in a nearly single-color field. This unique feature in the HHG process allows for retrieval of the return times directly from the phases, and subsequently, the born and tunneling times. In addition, it allows for the referencing of the delay scale, which in turn, permits the evaluation of tho
E05/3	unrelated_excluded	主题不涉及 Rb/Rydberg/光镊/中性原子阵列或相关量子计算模拟工程。		Coherence and Control	Enhanced Excited State Population and Coherence via Adiabatic Tunneling Ionization and Excitation	https://meetings-archive.aps.org/damop/2026/e05/3/		Ionic coherence created by tunneling ionization and strong-field excitation leads to important ultrafast phenomena such as charge migration and lasing. However, it remains unclear to what extent the coherence can be realistically controlled using strong fields. In this work, an adiabatic excitation regime is identified for a two-level ionic system formed by tunneling, leading to semi-analytical solutions for the ionic population and coherence. It predicts that the excited-state population is enhanced by an order of magnitude, independent of the laser wavelength, while the coherence amplitude can be boosted by about 5 orders of magnitude for a multi-cycle pulse. This work emphasizes the impor
E05/4	unrelated_excluded	主题不涉及 Rb/Rydberg/光镊/中性原子阵列或相关量子计算模拟工程。	molecule	Coherence and Control	Electronic and Nuclear Wavepacket Dynamics in Polyatomic Molecular Cations Probed by XUV Transient Absorption Spectroscopy	https://meetings-archive.aps.org/damop/2026/e05/4/		We report attosecond resolved transient absorption spectroscopy measurements of charge directed chemical reactivity in strong field ionized polyatomic molecules. An octave spanning mid infrared (MIR) pulse drives multiphoton ionization and launches coupled electronic and nuclear wavepackets in the molecular cation, which are probed by a broadband extreme-ultraviolet (XUV) supercontinuum spanning 40–72 eV. Time and energy resolved core to valence absorption features directly track ultrafast population flow and charge transfer dynamics across ionic channels. We have studied iodomethane (CH3I) and iso-iodopropane (i-C3H7I) cations, revealing few femtosecond dynamics and clear signatures of char
E05/5	related_excluded	涉及分子、分子显微镜、polar molecule 或 RbCs/KRb/NaCs 混合系统；不是 Rb87 Rydberg atom tweezer array。	gate_QEC;quantum_sim;molecule	Coherence and Control	Ultrafast Non-adiabatic Dynamics and Electronic Population Control in CH3I+	https://meetings-archive.aps.org/damop/2026/e05/5/		The methyl iodide cation CH3I+ is a compelling model system to investigate complex coupled nuclear electron dynamics on ultrafast time scales. The molecule is open shell, highly spin-orbit coupled, and exhibits sizable derivative coupling between experimentally accessible states. Here we present a construction of a spin-diabatic vibronic coupling Hamiltonian for the X2E3/2, X2E1/2 and A2A1 states of the molecule. Using MCTDH quantum simulations we report a detailed analyses of the electronic and nuclear coherences in these states upon ionization, and develop a Stimulated Raman Adiabatic Passage (STIRAP) scheme to control the population between the X2E3/2 and X2E1/2 states, using the Iodine 4
E05/6	related_excluded	涉及分子、分子显微镜、polar molecule 或 RbCs/KRb/NaCs 混合系统；不是 Rb87 Rydberg atom tweezer array。	gate_QEC;quantum_sim;molecule	Coherence and Control	Control of photoelectric effect of Helonium molecule by an arbitrarily polarized extreme ultraviolet laser pulse	https://meetings-archive.aps.org/damop/2026/e05/6/	[1] H. B. Ambalampitiya, I. Sabry Khalil, and J. M. Ngoko Djiokap, (manuscript submitted to J. Phys. B). [2] A. C. Brown \textit {et al.}, Comp. Phys. Comm., {\bf 250}, 107062 (2022). [3] H. B. Ambalampitiya and J. M. Ngoko Djiokap, Communications Physics {\bf 7}, 359 (2024).	"We theoretically investigate the Einstein's photoelectric effect in the helonium (HeH^+) molecule driven by an arbitrarily polarized extreme-ultraviolet (XUV) pulse^{1}. The main objective is to examine the impact of the asymmetric electron distribution of the initial bound state on the photoelectron momentum distribution (PMD) and the probability current density (PCD). This study focuses on the role of the initial electronic structure, in particular the asymmetry of the highest-occupied molecular orbital (HOMO), and its influence on photoelectron emission. Solving the full-dimensional time-dependent Schr\""{o}dinger equation (TDSE) within the time-dependent R-matrix (RMT) method^{2,3} for th"
E05/7	unrelated_excluded	主题不涉及 Rb/Rydberg/光镊/中性原子阵列或相关量子计算模拟工程。	molecule	Coherence and Control	Measurements of electronic coherence and population decay with pulse-shape spectroscopy	https://meetings-archive.aps.org/damop/2026/e05/7/		Measuring the motion of electrons is at the core of attosecond science, but it is challenging to create laser pulses that are short enough to resolve this motion. Here, we use a pulse shaper to generate few-cycle, pump-probe pulse pairs in the deep ultraviolet that have sub-6 attosecond timing stability. The timing stability is crucial and allows us to measure coupled electronic and nuclear dynamics by interfering multiple ionization pathways, which gives access to the relative phase between different electronic states. This pulse-shape spectroscopy method enables separate tracking of the diagonal and off-diagonal elements of the reduced electronic density matrix. In other words, the probabi
E05/8	unrelated_excluded	主题不涉及 Rb/Rydberg/光镊/中性原子阵列或相关量子计算模拟工程。	molecule	Coherence and Control	An ultraslow optical centrifuge with arbitrarily low rotational acceleration	https://meetings-archive.aps.org/damop/2026/e05/8/	arXiv preprint arXiv:2512.20568	"We outline the design and characterization of a laser pulse shaper, which creates an ""ultraslow optical centrifuge"" (usCFG) - a linearly polarized field whose polarization vector rotates with arbitrarily low angular acceleration. We experimentally demonstrate that the angular acceleration of the constructed centrifuge is three orders of magnitude lower than had been attained with previous designs, which should expand its utility to molecules with significantly greater moments of inertia than have been previously studied. Our usCFG is especially well-suited to study superfluidity on the atomic scale, by rotating molecules in helium nanodroplets, where their moments of inertia are effectively "
E05/9	unrelated_excluded	主题不涉及 Rb/Rydberg/光镊/中性原子阵列或相关量子计算模拟工程。	molecule	Coherence and Control	Strong-field rotational kicks and ballistic alignment of Hubbard molecules	https://meetings-archive.aps.org/damop/2026/e05/9/		When a molecular ensemble interacts with a linearly polarized femtosecond laser pulse, the molecules receive differentiated rotational kicks, which lead to a field-free alignment in the ensemble in the pulse wake and periodic revivals of this alignment manifested as induced birefringence. We study how the interplay of many-body effects in the molecular electronic system and the effects of transient nonadiabatic charge localization determines the character of the rotational kicks in the strong-field interaction regime. We consider the electron-electron interaction in a model diatomic molecule in the framework of the Hubbard Hamiltonian, follow the electronic subsystem evolution during the las
E07/1	unrelated_excluded	读完摘要后未发现可归入 Rb87 Rydberg 光镊平台近期实验/工程问题的内容。	Rb;metrology	Fundamentals of Quantum Metrology and Control	Measuring the time that a photon spends as an atomic excitation before being scattered	https://meetings-archive.aps.org/damop/2026/e07/1/		When a single photon traverses a cloud of two-level atoms, how much time does it spend as a collective atomic excitation? On average, this time turns out to be given by the product of the atoms' spontaneous lifetime and the probability of the photon being scattered to the side, suggesting that scattered photons spend one spontaneous lifetime as atomic excitations while transmitted photons spend zero time. However, our recent theoretical work (APL Quantum 2, 036108 (2025)) challenges this interpretation, predicting instead that transmitted photons spend a time equal to the group delay as atomic excitations, whereas scattered photons experience an additional Wigner scattering delay time. We ha
E07/2	related_excluded	光镊/中性原子阵列相关，但摘要没有 Rb87 或 Rydberg 核心实验。	neutral_atom_array;metrology	Fundamentals of Quantum Metrology and Control	Gravitational wave-induced photon superradiance in atoms	https://meetings-archive.aps.org/damop/2026/e07/2/	"""Selective Amplification of a Gravitational Wave Signal Using an Atomic Array,"" Navdeep Arya and Magdalena Zych, arXiv:2408.12436"	The effects of spacetime curvature on atoms are typically very small. However, we argue that spontaneous buildup of quantum coherence enables atoms in an array to cooperate and amplify their response to gravitational waves. This cooperation manifests as gravitational wave-induced photon superradiance --- delayed, intense, and directional emission of photons at frequencies shifted by the gravitational wave frequency. This effect arises in a regime distinct from flat-spacetime superradiance, which allows gravitational effects to dominate the collective atomic response. The effect persists despite common experimental challenges like position disorder and partial filling, motivating an assessmen
E07/3	related_excluded	涉及分子、分子显微镜、polar molecule 或 RbCs/KRb/NaCs 混合系统；不是 Rb87 Rydberg atom tweezer array。	metrology;molecule	Fundamentals of Quantum Metrology and Control	A scalable technique for designing shortcuts to adiabaticity with Lie algebras	https://meetings-archive.aps.org/damop/2026/e07/3/		Many experiments in atomic and molecular physics rely on slow adiabatic processes. It is desirable to find dynamics which produce the same populations, but more rapidly. Invariant based shortcuts to adiabaticity (STA) have proven a popular method for finding such processes. In this talk, we present a general method for deriving STA protocols for Lie algebras with few dimensions. The approach is similar to that presented by Torrontegui et al. [1], which multiplies the pseudo-inverse of a matrix that depends on the invariant to the invariant to solve for the Hamiltonian. By contrast, our method restricts invariants to solutions of a linear differential equation in time. This makes our techniqu
E07/4	related_excluded	光镊/中性原子阵列相关，但摘要没有 Rb87 或 Rydberg 核心实验。	tweezer;gate_QEC;quantum_sim;metrology	Fundamentals of Quantum Metrology and Control	From Universal to Useful: Local Efficiency in Symmetry-constrained Universal Tunnel-coupled Quantum Simulators	https://meetings-archive.aps.org/damop/2026/e07/4/		"Neutral-atom platforms, including tunnel-coupled optical tweezer arrays and optical superlattices, are emerging as versatile quantum hardware for simulating strongly correlated dynamics and potentially for broader computational tasks. This promise relies on ""universality"": given the hardware-native gate set, one can in principle approximate arbitrary state transformations. However, continuous symmetries—such as particle number conservation or spin symmetries—are ubiquitous, and with these constraints it is not obvious whether universality implies locally efficient state transformations, as it does when the symmetries are absent. Here, we ask a consequential question: can continuous symmetrie"
E07/5	unrelated_excluded	读完摘要后未发现可归入 Rb87 Rydberg 光镊平台近期实验/工程问题的内容。	quantum_sim;metrology	Fundamentals of Quantum Metrology and Control	Dynamical Phase Transitions and Quantum Metrology in an Optical Parametric Oscillator	https://meetings-archive.aps.org/damop/2026/e07/5/		Optical parametric oscillators (OPOs) are increasingly explored as sources of nonclassical light, making their parameter-dependent sensitivity directly relevant for quantum metrology. We study a two-parameter OPO using a combination of mean-field analysis and full quantum simulations. In the mean-field limit, varying the parameters reorganizes the classical equilibrium points and produces distinct regions and new dynamical phase diagrams in parameter space associated with the disappearance of stable solutions and saddle points. Treating each oscillator mode as quantized, we compute the quantum Fisher information (QFI) for various initial states and find pronounced features that trace the sam
E07/6	unrelated_excluded	平台是离子、固态或其他非中性原子光镊平台。	metrology;ion_or_solid	Fundamentals of Quantum Metrology and Control	Algebraic Conditions for Recovering Heisenberg Scaling in Noisy Quantum Metrology Using Dressed States	https://meetings-archive.aps.org/damop/2026/e07/6/	Recovering Heisenberg scaling in quantum metrology using dressed states (to be published soon)	Environmental noise typically limits quantum-enhanced metrology to the standard quantum limit, motivating the search for control strategies that suppress decoherence without sacrificing sensitivity. We analyze how static control fields generating dressed states can recover Heisenberg scaling in open quantum systems and derive general conditions under which this is possible.We consider a microscopic system–bath model leading to a Gorini–Kossakowski–Sudarshan–Lindblad master equation, emphasizing that static control modifies the system eigenbasis and therefore the effective Lindblad operators. This allows access to regimes not captured by analyses assuming fixed noise operators. We study depha
E07/7	unrelated_excluded	读完摘要后未发现可归入 Rb87 Rydberg 光镊平台近期实验/工程问题的内容。	gate_QEC;metrology	Fundamentals of Quantum Metrology and Control	Optimizing Quantum Fisher Information for Quantum Metrology	https://meetings-archive.aps.org/damop/2026/e07/7/		Recent advances in quantum control have enabled the creation of entangled atomic states that surpass the standard quantum limit (SQL) and approach Heisenberg-limited precision. This work presents a practical scheme for generating spin-squeezed states, Dicke states, and their superpositions using engineered atom–atom interactions governed by the one-axis twisting (OAT) Hamiltonian. By leveraging the structure of the OAT energy spectrum and implementing optimized collective rotations, a rapid adiabatic passage protocol is developed to prepare metrologically useful entangled states with high fidelity. The performance of these states is quantified using quantum Fisher information (QFI), which de
E07/8	unrelated_excluded	读完摘要后未发现可归入 Rb87 Rydberg 光镊平台近期实验/工程问题的内容。	gate_QEC;metrology	Fundamentals of Quantum Metrology and Control	Quantum Fisher Information and Curvature of Entanglement in Higher Dimensions	https://meetings-archive.aps.org/damop/2026/e07/8/	https://arxiv.org/abs/2504.13729	We explore the relationship between quantum Fisher information (QFI) and the second derivative of entanglement with respect to the coupling between qubits, referred to as the curvatureof entanglement (CoE). For a two-qubit quantum probe used to estimate the coupling constant appearing in a simple interaction Hamiltonian, choosing concurrence as the entanglement measure we show that at certain times CoE = −QFI. These times can be associated with the concurrence, viewed as a function of the coupling parameter, beinga maximum. We examine the time evolution of the concurrence of the eigenstates of the symmetric logarithmic derivative and show that, for both initially separable and initially enta
E07/9	related_excluded	Rydberg/Rb 相关但平台是 vapor/MOT/molasses/EIT/cold ensemble，不是 optical tweezer array。	metrology;vapor_or_MOT	Fundamentals of Quantum Metrology and Control	Quantum optical equilibrium states classified by Morse theory	https://meetings-archive.aps.org/damop/2026/e07/9/		The topology of the configuration space of any quantum optics (QO) model admitting a RWA frame constrains the number and types of level sets of observables such as absorption and fidelity at equilibrium. Adiabatic flow in the control parameters of the QO model then cause bifurcations between these level sets, analoguous to phase changes and phase boundaries in infinite dimensional systems. For one example we show that the transition to EIT in a three level RWA system is always a pitchfork bifurcation with critical exponent 1/2, even though there is no underlying mean field theory. We introduce the theory, apply it to EIT and EIA transitions and other 4 level, 3 field systems, indicating the 
E09/1	related_excluded	涉及分子、分子显微镜、polar molecule 或 RbCs/KRb/NaCs 混合系统；不是 Rb87 Rydberg atom tweezer array。	quantum_sim;molecule	Electron Interactions and Collisions with Atoms and Molecules	Electron scattering in Fourier reciprocal space maps the scattering potential	https://meetings-archive.aps.org/damop/2026/e09/1/	R. Aiswarya, J. Jose, N. Simonović, B. P. Marinković, and H. S. Chakraborty, Phys. Rev. A Lett. 113, L010801 (2026)	Diffraction-like fringe structures appear in the differential cross-section (DCS) of elastic electron–atom scattering [1]. A recent investigation of e–C60 scattering [2] revealed that such diffraction can be probed in two ways: (i) through the angular DCS of scattering at a fixed impact energy and (ii) through the energy DCS at a fixed scattering angle, the latter promising applications in ultrafast electron diffraction studies. In the current theory-experiment joint research, we present a novel analysis of diffraction in DCS of atomic targets to establish a connection to the scattering potential. Scattering parameters are calculated using the Dirac–Partial wave formalism [3]. Employing a Fo
E09/2	unrelated_excluded	主题不涉及 Rb/Rydberg/光镊/中性原子阵列或相关量子计算模拟工程。	molecule	Electron Interactions and Collisions with Atoms and Molecules	The role of Coulomb singularity and Coulomb focusing in radiative recombination and related processes	https://meetings-archive.aps.org/damop/2026/e09/2/	[1] I.I. Fabrikant, and H. B. Ambalampitiya, Phys. Rev. A {\bf 101}, 053401 (2020). [2] I.I. Fabrikant, , and H.B. Ambalampitiya. J. Phys. B {\bf 57}, 195201 (2024). [3] H. A. Kramers, Philos. Mag. {\bf 46}, 836 (1923).	Coulomb focusing has been shown to strongly enhance the laser-assisted radiative recombination process [1,2]. Since the radiation occurs at close approach of the radiating particle to the Coulomb center, the Coulomb singularity also plays a crucial role. In this report we use the semiclassical Kramers' theory [3] to calculate the laser-assisted radiative recombination of an electron with a proton and demonstrate the importance of these two effects. Radiative recombination is the last stage of high-order harmonic generation (HHG), therefore we also apply the same approach to the HHG and show that the Coulomb focusing and the Coulomb singularity play an important role in this process leading t
E09/3	related_excluded	涉及分子、分子显微镜、polar molecule 或 RbCs/KRb/NaCs 混合系统；不是 Rb87 Rydberg atom tweezer array。	Rydberg;Rb;gate_QEC;quantum_sim;Cs;molecule	Electron Interactions and Collisions with Atoms and Molecules	Twisted Electron Collisions for Circular Rydberg Excitation	https://meetings-archive.aps.org/damop/2026/e09/3/	"H. S. Parker, S. L. Sims, D. J. Lamphere, and A. L. Harris, ""Twisted Electron Collisions Enhance the Production of Circular Rydberg States,"" arXiv:2511.17785, https://doi.org/10.48550/arXiv.2511.17785."	Many quantum information and quantum simulation techniques make use of circular Rydberg states, taking advantage of their long lifetimes and strong dipole–dipole interactions. Unfortunately, the production of these states remains technically challenging. Here we investigate twisted electron collisions as an alternative technique for generating circular Rydberg states. Twisted electrons carry quantized orbital angular momentum that can be transferred to the electronic state of the atom during excitation and offer a potentially efficient means of generating circular Rydberg states. Using a fully quantum mechanical approach, we calculate total excitation cross sections for circular Rydberg stat
E09/4	unrelated_excluded	主题不涉及 Rb/Rydberg/光镊/中性原子阵列或相关量子计算模拟工程。	molecule;ion_or_solid	Electron Interactions and Collisions with Atoms and Molecules	Theoretical investigation of near-threshold photoionization of N2	https://meetings-archive.aps.org/damop/2026/e09/4/		Photoionization (PI) spectrum of the N2 molecule is modelled using a first-principles approach combining the multichannel quantum defect theory and electron scattering calculations performed using the UK R-matrix codes. The PI spectra were determined starting from the ground and several excited vibrational levels of N2 in the ground electronic state X1Σg+. Excited electronic states and vibrational motion of the N2+ ion are accounted for. The spectrum obtained for the lowest vibrational level of N2 was compared to available experimental data. Major resonances in the obtained spectrum were characterized using the quantum defect technique.
E09/5	related_excluded	涉及分子、分子显微镜、polar molecule 或 RbCs/KRb/NaCs 混合系统；不是 Rb87 Rydberg atom tweezer array。	Rydberg;molecule	Electron Interactions and Collisions with Atoms and Molecules	Dissociative Recombination of NeH+ with Low-Energy Electrons: A Multichannel Quantum Defect Theory Approach Including Non-Adiabatic Couplings	https://meetings-archive.aps.org/damop/2026/e09/5/	"R. Hassaine, J. Z. Mezei, D. Talbi, J. Tennyson, and I. F. Schneider, ""Dissociative recombination of NeH+ with low-energy electrons: Multichannel quantum defect theory including non-adiabatic couplings,"" https://doi.org/10.48550/arXiv.2509.05859"	We present a theoretical study of the dissociative recombination (DR) of NeH+ with low-energy electrons, using Multichannel Quantum Defect Theory (MQDT). In contrast to typical DR processes driven by Rydberg-valence interactions, our approach focuses on the non-adiabatic couplings between molecular states. This study addresses a significant gap in the available theoretical data at low energies (&lt;2 eV), where no detailed quantum calculations have been performed. The resulting cross-sections exhibit good agreement with experimental results, providing new insights into the DR process. Our findings have some implications for fusion edge plasmas and may also be relevant for astrochemistry.
E09/6	unrelated_excluded	主题不涉及 Rb/Rydberg/光镊/中性原子阵列或相关量子计算模拟工程。	molecule;ion_or_solid	Electron Interactions and Collisions with Atoms and Molecules	Electron-impact rotational excitation of dipolar asymmetric top molecular ions	https://meetings-archive.aps.org/damop/2026/e09/6/		The reliability of astrochemical models depends largely on an accurate understanding of the underlying chemical processes that inform our ability to interpret observations.This includes formation and destruction mechanisms, but also non-destructive inelastic collisions.One such process is that of electron-impact rotational (de-)excitation of molecules.Rotational excitation rates can be used to trace physically distinct regions in objects like planetary nebulae, and accurate rates are needed to keep pace with rapidly developing observational capabilities.Additionally, such rates are also used in ground-based experiments to accurately infer the internal state distribution of molecules while ma
E09/7	unrelated_excluded	主题不涉及 Rb/Rydberg/光镊/中性原子阵列或相关量子计算模拟工程。	molecule;optical_lattice_or_gas;ion_or_solid	Electron Interactions and Collisions with Atoms and Molecules	Dissociative Electron Attachment to the HNC3 Molecule	https://meetings-archive.aps.org/damop/2026/e09/7/	Aubin, E.; Loison, J.-C.; Ayouz, M.; Forer, J.; Kokoouline, V. Dissociative Electron Attachment to the HNC₃ Molecule, Physical Review Letters, accepted 9 January 2026. DOI: 10.1103/mc31-kbnf	Dissociative electron attachment (DEA) to the HNC3 is modeled theoretically using a first-principles approach. In HNC3 + e- collisions, there is a low-energy resonance, which has a repulsive character along the H + NC3 coordinate and becomes a bound electronic state of the HNC-3 anion near the equilibrium of HNC3. The anion state dissociates without a potential barrier toward C3N- + H. The cross section and the rate coefficient of the process are computed. The obtained rate coefficient at low temperatures is 5 × 10-9 cm3/s at 300 K. Such a value of the DEA rate coefficient makes the DEA process three orders of magnitude more efficient at producing negative molecular ions in the interstellar 
E09/8	unrelated_excluded	主题不涉及 Rb/Rydberg/光镊/中性原子阵列或相关量子计算模拟工程。	molecule	Electron Interactions and Collisions with Atoms and Molecules	Surface Modification of Reduced Graphene Oxide by Electron Bombardment Characterized by Multimodal Spectroscopic Analysis	https://meetings-archive.aps.org/damop/2026/e09/8/		Graphene is a potential candidate for hydrogen storage. One method of producing graphene in commercial quantities is through reduction of graphene oxide powder. We study the hydrogenation of reduced graphene oxide (rGO) powders by electron irradiation in the keV energy range using X-ray Photoelectron Spectroscopy (XPS). We examine whether electron-molecule interactions induced through electron bombardment can modify rGO's surface chemistry by introducing newly functionalized hydrogen-containing groups while maintaining graphene-like structural integrity. To do so, rGO powder dispersed in SiO2 was irradiated with electrons in an ultra-high vacuum with a current of 2 to 2.5 nA, a dosage of 3 ×
E09/9	unrelated_excluded	主题不涉及 Rb/Rydberg/光镊/中性原子阵列或相关量子计算模拟工程。	Cs;molecule;vapor_or_MOT;ion_or_solid	Electron Interactions and Collisions with Atoms and Molecules	Production of intense spin-polarized hydrogen beams using Raman-polarized Cs	https://meetings-archive.aps.org/damop/2026/e09/9/		We argue that it should be possible to produce multi-ampere nuclear-spin-polarized negative ion beams of hydrogen isotopes by repeated H-H^- charge-transfer collisions with high density spin-polarized Cs vapor. The required spin-polarized alkali-metal densities of 1e14/cc can be attained by off-resonant spontaneous Raman scattering from high-intensity laser light, largely avoiding depolarization by radiation trapping. The transmitted Raman light can be recycled multiple times to produce the meter-scale spin-polarized column of polarized alkali-metal vapor required for production of nuclear-spin-polarized beams. Such beams are of substantial interest for boosting the efficiency of magneticall
E03/1	unrelated_excluded	读完摘要后未发现可归入 Rb87 Rydberg 光镊平台近期实验/工程问题的内容。	gate_QEC;quantum_sim;cavity	Quantum Simulation with Atoms	Atoms at the Interface of Quantum Theory and Gravity	https://meetings-archive.aps.org/damop/2026/e03/1/	"1) J Paczos, N Arya, S Qvarfort, D Braun, M Zych ""Gravitational wave imprints on spontaneous emission"", arXiv:2506.13872 2) N Arya, M Zych ""Selective Amplification of a Gravitational Wave Signal Using an Atomic Array"", arXiv:2408.12436 3) G Tobar, J Foo, S Qvarfort, F Costa, R Bekenstein, M Zych ""Quantum metasurfaces as probes of vacuum particle content"", arXiv:2503.03838"	Atomic and optical platforms provide a powerful route to exploring the interface between quantum theory, relativity, and field theory in experimental settings. In this talk, I will present our broader research program aimed at identifying observable signatures of relativistic and gravitational effects in quantum systems and assessing their relevance for precision measurements and quantum technologies. First, I will discuss our recent results showing how gravitational waves imprint amplitude and frequency information on spontaneous emission of atoms through spectral sidebands, directional photon emission, and how they lead to collective effects (gravitational wave induced photon superradiance
E03/2	included_in_topic_abstract	已写入 abstract.qmd。	Rydberg;neutral_atom_array;quantum_sim	Quantum Simulation with Atoms	Quantum Simulation on A Cloud-Accessible Analog Neutral-Atom Platform	https://meetings-archive.aps.org/damop/2026/e03/2/		Programmable neutral atom arrays have emerged as a powerful platform for quantum simulation, enabling controlled studies of quantum dynamics across condensed-matter and high-energy physics. In this talk, I will review a range of quantum simulation experiments performed on Aquila, QuEra’s cloud-accessible, analog neutral-atom device [1]. I will highlight two recent studies: (i) experiments observing string breaking in both equilibrium and real-time dynamics on a (2+1)D Rydberg quantum simulator [2]; and (ii) observations of emergent prethermal dynamics and dynamical phase transitions following systematic quenches in 1D and 2D neutral-atom arrays [3]. I will also discuss additional studies car
E03/3	related_excluded	Rydberg/Rb 相关但平台是 vapor/MOT/molasses/EIT/cold ensemble，不是 optical tweezer array。	quantum_sim;vapor_or_MOT	Quantum Simulation with Atoms	Emergent Quantum Simulators	https://meetings-archive.aps.org/damop/2026/e03/3/	[1] T. Schweigler et al., Nature 545, 323 (2017), arXiv:1505.03126 [2] F. Cataldini et al. Phys. Rev. X 12, 041032 (2022) [3] T. Zache et al. Phys. Rev. X 10, 011020 (2020) [4] R. Ott et al. Phys. Rev. Res. 6, 043284 (2024) [5] M. Gluza et al., Communication Physics 3, 12 (2020) [6] F. Møller et al., arXiv:2509.13821	Quantum Simulation promises insight into quantum physics problems which are beyond the ability to calculate with conventional methods. Conventional quantum simulators are built either using a ‘digital’ Trotter decomposition of the problem or by directly building the Hamiltonian in the lab and performing ‘analogue’ experiments. I will present here a different approach, by which the model to simulate emerges naturally from a completely different microscopic Hamiltonian implemented in the lab. I will illustrate this in the example of the emergence of the Sine-Gordon quantum field theory from the microscopic description of two tunnel coupled super fluids [1] and in the emergence of Fermionic Pau
E03/4	related_excluded	涉及分子、分子显微镜、polar molecule 或 RbCs/KRb/NaCs 混合系统；不是 Rb87 Rydberg atom tweezer array。	gate_QEC;quantum_sim;molecule;optical_lattice_or_gas;ion_or_solid	Quantum Simulation with Atoms	Quantum Simulations with Atoms and Molecules in Optical Lattices	https://meetings-archive.aps.org/damop/2026/e03/4/		Forty years ago, Richard Feynman outlined his vision for a quantum computer, specifically for simulating complex physical problems through quantum calculations. Today, his dream of analog and digital quantum simulations has become a reality, making it a highly active field of research across various platforms, ranging from ultracold atoms and ions to superconducting qubits and photons. In my talk, I will outline how ultracold atoms in optical lattices initiated this vibrant and interdisciplinary research field 20 years ago and now enable the probing of quantum many-body phases in- and out-of-equilibrium with fundamentally new tools, providing single-particle resolution and control. Novel (hi
E06/1	unrelated_excluded	平台是离子、固态或其他非中性原子光镊平台。	metrology;ion_or_solid	Advances in Atomic Clocks I	Comparison of two 176Lu+ optical frequency references having 1x10−19 systematic uncertainty with 5.3 × 10-19 precision	https://meetings-archive.aps.org/damop/2026/e06/1/		The 176Lu+ 1S0-3D1 optical frequency standard is insensitive to electromagnetic shifts to the extent that it can readily achieve uncertainties below 10-18 when operated at room temperature without thermal or magnetic shielding. This has allowed us to construct two single-ion optical references each with a fractional frequency uncertainty near 1 x 10-19, which is several times more accurate than the best reported references to date.We support our accuracy claim by direct comparison of two independent systems via correlation spectroscopy, demonstrating frequency agreement of [-2.4 ± (5.3)stat ± (1.0)sys] x 10-19 where stat and sys indicate the statistical and systematic uncertainties respectiv
E06/2	unrelated_excluded	主题不涉及 Rb/Rydberg/光镊/中性原子阵列或相关量子计算模拟工程。	Sr;optical_lattice_or_gas	Advances in Atomic Clocks I	Continuous longitudinal Rabi spectroscopy on clock atoms transported in a moving optical lattice	https://meetings-archive.aps.org/damop/2026/e06/2/		Optical lattice clocks have achieved unprecedented accuracy and stability, yet their operation remains fundamentally constrained by dead time associated with sequential cooling, state preparation, and interrogation. Eliminating this dead time is essential for realizing continuous optical clocks with improved stability scaling. Here we present a new spectroscopy paradigm in which Rabi interrogation is performed on clock atoms transported in a moving optical lattice under continuous atomic flux. By exploiting longitudinal excitation of the magnetically induced 1S0-3P0 clock transition of 88Sr, spectroscopy is defined in space rather than in time while maintaining Lamb–Dicke confinement. A unif
E06/3	related_excluded	平台是 optical lattice、BEC、quantum gas 或 gas microscope，不是 Rb87 optical tweezer Rydberg array。	gate_QEC;cavity;metrology;Sr;optical_lattice_or_gas	Advances in Atomic Clocks I	Spin-squeezed clock precision beyond the standard quantum limit at the 10-18 level	https://meetings-archive.aps.org/damop/2026/e06/3/	Y. A. Yang et al., Phys. Rev. Lett. 135, 193202 (2025)	Optical atomic clocks, with unrivaled precision and accuracy, have advanced the frontier of precision measurement science and opened new avenues for exploring fundamental physics [1–3]. A fundamental limitation to clock precision is the Standard Quantum Limit (SQL), set by uncorrelated projection noise. State-of-the-art optical lattice clocks mitigate the SQL by interrogating large ensembles, but density-dependent frequency shifts hinder further scaling of the atom number. Entanglement offers a route beyond SQL, yet achieving a clear quantum advantage at state-of-the-art stability has remained challenging. In this talk, I will present a spin-squeezed optical lattice clock operating beyond th
E06/4	unrelated_excluded	主题不涉及 Rb/Rydberg/光镊/中性原子阵列或相关量子计算模拟工程。	Yb;optical_lattice_or_gas	Advances in Atomic Clocks I	A GR redshift test between optical lattice clocks on the peaks and plains of Colorado	https://meetings-archive.aps.org/damop/2026/e06/4/		We describe an ongoing test of the gravitational redshift using an optical lattice clock at high altitude. We briefly summarize the performance and benchmarking of the NIST transportable Yb optical lattice clock (OLC) and associated fieldable clock laser. Transportable optical clocks enable many new measurement opportunities including international clock comparisons, geodetic surveying via clock shift, and tests of general relativity. We present a preliminary measurement campaign from 2025 using optical two-way time transfer to observe general relativistic clock frequency shifts between a laboratory OLC and an OLC located at the summit of a 4300 m (14,100 ft) mountain. We will also present p
E06/5	unrelated_excluded	平台是离子、固态或其他非中性原子光镊平台。	cryo;metrology;Sr;ion_or_solid	Advances in Atomic Clocks I	Direct comparison of multi-ion optical clocks based on 40Ca+ and 88Sr+	https://meetings-archive.aps.org/damop/2026/e06/5/	The paper is in the process.	We present a direct optical frequency comparison between two multi-ion trapped-ion clocks based on the S1/2 - D5/2 electric quadrupole transitions in Ca+ and Sr+. The clocks operate with linear ion chains containing up to 10 ions, enabling enhanced stability through the simultaneous interrogation of multiple ions. The measured joint stability reaches 1.37x10-15 at one second, placing an upper bound of 9.6×10−16 for one of the clocks. In addition, we determine the frequency ratio between the two clocks to less than 3x10-17, with the uncertainty dominated by the evaluation of room-temperature blackbody radiation shifts. This direct comparison improves the accuracy of existing indirect measurem
E06/6	unrelated_excluded	平台是离子、固态或其他非中性原子光镊平台。	quantum_sim;optical_lattice_or_gas;ion_or_solid	Advances in Atomic Clocks I	Magnetic Dipolar Broadening in Fluorine-Based Solid-State 229Th Nuclear Clocks	https://meetings-archive.aps.org/damop/2026/e06/6/		Recent experimental demonstrations of laser excitation of the 229Th nuclear isomer transition have established the feasibility of nuclear optical clocks. Because the transition lies in the vacuum ultraviolet, transparent host materials containing fluorine have been considered for solid-state implementations. However, such materials present a significant challenge due to broadening from the dense bath of 19F nuclear spins. We analyze the impact of dipolar magnetic fields from fluorine nuclei on the Th clock transition, including static inhomogeneous broadening as well as dynamic contributions arising from spin fluctuations and phonon-mediated processes. In addition, we examine the role of nuc
E06/7	unrelated_excluded	平台是离子、固态或其他非中性原子光镊平台。	quantum_sim;ion_or_solid	Advances in Atomic Clocks I	When the Nucleus Meets the Solid: Nuclear–Electronic Interactions in Thorium-229 Nuclear Solid-State Clocks	https://meetings-archive.aps.org/damop/2026/e06/7/	1.) Constraining the Evolution of the Fundamental Constants with a Solid-State Optical Frequency Reference Based on the 229Th Nucleus - Rellergert et al. 2.) Theory of Internal Conversion of the 229Th Nuclear Isomer in Solid-State Hosts - Morgan et al. 3.) Host-Dependent Frequency Offsets in 229Th Nuclear Clockwork - Perera et al. 4.) Photoinduced quenching of the 229Th isomer in a solid-state host - Terhune et al. 5.) Laser-based conversion electron Mössbauer spectroscopy of 229ThO2 - Elwell et al.	Solid-state realizations of the low-energy nuclear transition in thorium-229 offer a promising route toward compact and robust nuclear clocks. They also introduce a rich set of nuclear–electronic interactions that can significantly modify the nuclear dynamics. In this talk, I present a broad theoretical picture of these interactions for a thorium-229 nucleus embedded in a solid-state host. Starting from a multipole-expanded nuclear–electronic Hamiltonian, I discuss how electronic structure in the host material gives rise to nuclear energy shifts, splittings, and broadenings that are critical for clock operation. These interactions connect well-known solid-state effects—such as electric field
E08/1	related_excluded	涉及分子、分子显微镜、polar molecule 或 RbCs/KRb/NaCs 混合系统；不是 Rb87 Rydberg atom tweezer array。	tweezer;quantum_sim;metrology;molecule	Molecules at the Frontiers of Quantum Science	Spin Squeezing in a Molecular Tweezer Array	https://meetings-archive.aps.org/damop/2026/e08/1/		Optical tweezer arrays of laser-cooled molecules are an emerging platform for quantum science, combining the rich internal structure of molecules with versatile single-particle control. In this talk, we will focus on our investigations of quantum-enhanced metrology with interacting molecules. Using the native electric dipolar interactions that naturally realize an XX spin Hamiltonian, we have created spin-squeezed states of molecules and observed metrological gain for the first time. We further demonstrate squeezing using a Floquet-engineered XXZ model and find that the Ising strength strongly affects the spatial structure of squeezing correlations. Lastly, we show that spin squeezed states 
E08/2	related_excluded	涉及分子、分子显微镜、polar molecule 或 RbCs/KRb/NaCs 混合系统；不是 Rb87 Rydberg atom tweezer array。	tweezer;gate_QEC;quantum_sim;molecule;optical_lattice_or_gas	Molecules at the Frontiers of Quantum Science	Spin-motion coupled quantum many-body dynamics with polar molecules	https://meetings-archive.aps.org/damop/2026/e08/2/	Science 388 (6745), 381-386 Nature 637 (8047), 821-826	Polar molecules promise new opportunities for quantum technologies. Their rotational states can encode highly coherent spin systems, and dipolar interactions mediate controlled quantum entanglement between molecules. Furthermore, molecular motion can be tuned by optical lattice or tweezer potentials. In lattices, motion and interactions have comparable rates, leading to a complex interplay between spin and motion dynamics, described by generalizations to the paradigmatic tJ model. Here, we have studied the out-of-equilibrium quantum many-body dynamics of such spin-motion-coupled molecules. We study magnetization relaxation in a Ramsey contrast experiment. The relaxation dynamics follow a str
E08/3	related_excluded	涉及分子、分子显微镜、polar molecule 或 RbCs/KRb/NaCs 混合系统；不是 Rb87 Rydberg atom tweezer array。	cryo;molecule;ion_or_solid	Molecules at the Frontiers of Quantum Science	Towards full quantum state control for a molecular ion in ground electronic state	https://meetings-archive.aps.org/damop/2026/e08/3/	High-Fidelity Quantum State Control of a Polar Molecular Ion in a Cryogenic Environment Dalton Chaffee, Baruch Margulis, April Sheffield, Julian Schmidt, April Reisenfeld, David R. Leibrandt, Dietrich Leibfried, and Chin-Wen Chou Phys. Rev. Lett. 135, 240801 (2025).	Molecules possess rotational and vibrational degrees of freedom absent in atoms. The additional complexities are challenging for quantum state control but present unique opportunities in quantum science. To exploit the diversity in molecules, we are developing general capabilities for manipulating molecular ions with single quantum-state resolution (SQSR). In quantum-logic spectroscopy [1], a molecular ion and an atomic ion are held in a trap. The coupled ion motion enables cooling for the translational motion and state measurement of the molecular ion via the atomic ion [2-5]. This leads to SQSR in tracking of state dynamics in a proof-of-principle species, CaH+ [6]. In a cryogenic setup, w
E08/4	related_excluded	涉及分子、分子显微镜、polar molecule 或 RbCs/KRb/NaCs 混合系统；不是 Rb87 Rydberg atom tweezer array。	tweezer;gate_QEC;quantum_sim;metrology;molecule;vapor_or_MOT	Molecules at the Frontiers of Quantum Science	Ultracold polyatomic molecules for quantum science and metrology-based particle physics	https://meetings-archive.aps.org/damop/2026/e08/4/		Nineteenth century physics and chemistry – in particular, spectroscopy - gave birth to classical electromagnetic theory and laid the groundwork for the development of quantum mechanics. The richness of the spectra from both earth-based and astronomical sources was at the same time beautiful and bedeviling. It took tremendous care and thought to make sense of these spectra. Wave resonances and complex structures were part of many models of “atoms”, long before the electron was discovered and the Schrodinger equation was written down. Today, we need spectroscopy to design schemes for single quantum state control over ever more complex atom-based quantum systems. A recent result is that we can 
E10/1	related_excluded	Rydberg/Rb 相关但平台是 vapor/MOT/molasses/EIT/cold ensemble，不是 optical tweezer array。	Rydberg;Rb87;vapor_or_MOT;optical_lattice_or_gas	Control of Rydberg Atoms	Detecting Rydberg Atoms with Electromagnetically Induced Transparency in a Dual-Isotope Neutral Atom Ensemble	https://meetings-archive.aps.org/damop/2026/e10/1/		Scalable quantum networking protocols require the verification of the successful transfer of quantum information from one network node to another. In this talk, we present a method of performing a nondestructive measurement in a dual isotope ensemble with 85Rb and 87Rb. The presence of a Rydberg excitation stored in one isotope can be verified by measuring electromagnetically induced transparency (EIT) using a second isotope. Because the two isotopes have different resonant frequencies, each ensemble can be independently controlled without crosstalk. If a Rydberg excitation is present, the EIT signal will be distorted by long range inter-isotope Rydberg interactions. The EIT measurement can 
E10/2	related_excluded	Rydberg/Rb 相关但平台是 vapor/MOT/molasses/EIT/cold ensemble，不是 optical tweezer array。	Rydberg;cavity;metrology;Cs;vapor_or_MOT	Control of Rydberg Atoms	Micro-Electro-Mechanical System Vapor Cells with Passivated Internal Cavities	https://meetings-archive.aps.org/damop/2026/e10/2/	R. Pandiyan et al., arXiv:2512.00245 (2025).	Micro-Electro-Mechanical vapor cells are key components in atom-based quantum sensors, such as clocks, gyroscopes, electric field sensors and magnetometers. MEMs vapor cell fabrication for Rydberg atom radio frequency sensors is particularly demanding. The Rydberg states used for the sensor can shift in a constant electric field which can be generated by the internal surfaces of the vapor cell cavity. MEMs vapor cells with low background electric fields are superior devices for Rydberg atom sensors. Known inert, organic coatings cannot survive the bonding temperatures required for conventional anodic bonding of a MEMs vapor cell. Applying inert, organic coatings to the internal cavities of M
E10/3	related_excluded	中性原子/Rydberg/tweezer 方向相近，但物种是 Yb/Sr/Cs 等，不是 Rb87。	Rydberg;metrology;Cs	Control of Rydberg Atoms	Rydberg atomic sensing and laser stabilization using an inverted ladder excitation scheme	https://meetings-archive.aps.org/damop/2026/e10/3/	Microwave Field Sensing and Laser Stabilization with Rydberg Atoms Excited through the 7P1/2 State (under review)	We present a Cesium Rydberg atom excitation scheme using a probe transition of 6S1/2 →7P1/2 (λp = 459 nm) and coupling transition of 71/2 →nD3/2 (λc &gt;1038 nm) for microwave and mm-wave electric field sensing. With development of compact and vibration robust systems in mind, we use this inverted ladder scheme (λp &lt; λc) as an alternative to schemes that use the D1 and D2 probe laser transitions and 494 nm and 510 nm green light coupling laser transitions which can require sophisticated laser architectures as a result of second harmonic generation. We demonstrate 459 nm probe laser stabilization to the F=3 to F=4 hyperfine transitions in a saturated absorption spectroscopy configuration, 
E10/4	related_excluded	Rydberg 相关但没有指向 Rb87 optical tweezer array；多为传感、分子、理论或其他平台。	Rydberg;metrology	Control of Rydberg Atoms	Interaction-enhanced Rydberg sensing	https://meetings-archive.aps.org/damop/2026/e10/4/	related manuscripts: - arXiv:2509.02810 - arXiv:2505.01506	Dipole transitions between Rydberg levels in alkali atoms have emerged as a powerful tool for the ultra-sensitive sensing of external microwave and terahertz fields. However, current methods are rapidly approaching quantum-limited performance, constrained by atomic or photonic shot noise and fundamental thermal fluctuations. While conventional quantum metrological paradigms suggest that exploiting inter-atomic interactions can enable scaling beyond standard quantum limits, practical implementation in already highly sensitive systems remains a significant challenge.In this talk, I will present our recent advances in leveraging Rydberg interactions across both cold and hot-atom platforms. In c
E10/5	related_excluded	涉及分子、分子显微镜、polar molecule 或 RbCs/KRb/NaCs 混合系统；不是 Rb87 Rydberg atom tweezer array。	Rydberg;quantum_sim;metrology;molecule;optical_lattice_or_gas	Control of Rydberg Atoms	Probing interference effects of A2 and A●p optical drives in lattice-trapped Rydberg atoms	https://meetings-archive.aps.org/damop/2026/e10/5/		Rydberg atoms possess a broad range of advantageous properties, from extended lifetimes and large geometric and collisional cross-sections to a heightened sensitivity to external electromagnetic (EM) fields. Such attributes lend themselves to both fundamental and applied quantum research. Present applications include studies of many-body dynamics in Rydberg quantum simulators, formation of exotic Rydberg molecules, and Rydberg-atom-based EM field sensing [1-2]. Previously, methods of Rydberg atom spectroscopy relying on amplitude- and phase-modulated, far-off-resonant optical lattice potentials have been demonstrated [3-5]. Such ponderomotive transitions can be driven in a Doppler-free manne
E10/6	related_excluded	涉及分子、分子显微镜、polar molecule 或 RbCs/KRb/NaCs 混合系统；不是 Rb87 Rydberg atom tweezer array。	Rydberg;tweezer;Cs;molecule	Control of Rydberg Atoms	Simultaneous nondestructive measurement of many polar molecules using Rydberg atoms	https://meetings-archive.aps.org/damop/2026/e10/6/	arXiv:2601.08921	Tweezer arrays of polar molecules present new opportunities for quantum science and quantum information. However, a major challenge, especially in bialkali molecule platforms, is the fact that current measurement schemes for the internal states are destructive. In this talk, I will present a method to use Rydberg atoms to nondestructively measure the internal state of a molecular qubit. This is achieved via microwave dressing of both molecules and Rydberg atoms, allowing one to tune the interactions so that there are minimal Rydberg-Rydberg interactions and many measurements can take place simultaneously. To demonstrate this approach, I will consider two experimentally-motivated examples of 
E10/7	related_excluded	相关但未写入：cryogenic atom array 与 Rydberg T1 很重要，但 oral 是 Cs 单光子方案；Rb87 低温平台已由 F06/8 直接覆盖。	Rydberg;tweezer;neutral_atom_array;gate_QEC;quantum_sim;cryo;metrology	Control of Rydberg Atoms	Extended Rydberg Lifetimes in a Cryogenic Atom Array	https://meetings-archive.aps.org/damop/2026/e10/7/		Neutral atoms in optical tweezer arrays are a promising platform for large-scale quantum computing. Two-qubit gate fidelities are increasingly limited by the ground-Rydberg T1 lifetime. We report on the realization of atom arrays in a cryogenic blackbody radiation environment. Combined with a single-photon Rydberg excitation scheme, this allows us to achieve long ground-Rydberg qubit T1, about 400 µs for the 55P3/2 Rydberg state, a factor of 3.3 longer than the T1 at room temperature. This corresponds to an effective blackbody-radiation (BBR) temperature of ~10 K and more than an order-of-magnitude suppression of BBR-induced decay. Compared with two-photon schemes, single-photon Rydberg exci
E10/8	included_in_topic_abstract	已写入 abstract.qmd。	Rydberg;gate_QEC;Sr	Control of Rydberg Atoms	Expanding the Neutral Atom Gate Set: Native iSWAP and Exchange Gates from Dipolar Rydberg Interactions	https://meetings-archive.aps.org/damop/2026/e10/8/	Ildefonso, P., Byun, A., Konovalov, A., Kazemi, J., Schuler, M., & Lechner, W. (2025). Expanding the Neutral Atom Gate Set: Native iSWAP and Exchange Gates from Dipolar Rydberg Interactions. arXiv preprint arXiv:2512.05037.	Neutral-atom quantum processing units scale to large qubit numbers, yet their native entangling gate set is largely limited to diagonal Rydberg-blockade gates [1, 2]. We present a native implementation of non-diagonal iSWAP and arbitrary-angle exchange gates [3] by exploiting strong dipole–dipole exchange between two distinct, dipole-coupled Rydberg states, moving beyond the usual van der Waals regime. Using quantum optimal control [4], we design time-efficient, high-fidelity protocols while keeping experimental overhead low by restricting to global driving fields that address both atoms identically. A noise-aware pulse selection step identifies candidates with reduced sensitivity to dominan
E10/9	included_in_topic_abstract	已写入 abstract.qmd。	Rydberg;gate_QEC	Control of Rydberg Atoms	Quantum Gates for Neutral Atoms Separated by a Few Tens of Micrometers	https://meetings-archive.aps.org/damop/2026/e10/9/	"M. Bergonzoni, R. R. Riso, G. Pupillo, ""Fast Quantum Gates for Neutral Atoms Separated by a Few Tens of Micrometers"",https://arxiv.org/pdf/2511.20437"	We present theoretical schemes for a family of fast and high-fidelity two-qubit gates between neutral atoms separated by more than 20 um. We first show that, by using resonant dipole–dipole spin-exchange interactions between Rydberg states, it is possible to harness coherent excitation–exchange–deexcitation dynamics between the qubit and Rydberg states within a single, smooth laser pulse to produce the desired gate. Furthermore, we propose a second protocol that aims to realize a quantum gate between two distant atoms via a chain of ancillary atoms that mediate the interaction. We employ optimal control methods to achieve theoretical gate fidelities and durations comparable to those of block
E10/10	related_excluded	Rydberg/Rb 相关但平台是 vapor/MOT/molasses/EIT/cold ensemble，不是 optical tweezer array。	Rydberg;Rb;metrology;vapor_or_MOT	Control of Rydberg Atoms	Hyperfine Structure and Optical Pumping in Three-Photon Rydberg EIT	https://meetings-archive.aps.org/damop/2026/e10/10/		We present a comprehensive framework for three-photon Rydberg Electromagnetically Induced Transparency (EIT) in 85Rb vapor, accounting for hyperfine-structure (HFS) and optical-pumping effects. While traditional models often employ simplified few-level schemes (such as 10-level [1] and 5-level [2] models), they frequently fail to capture nuances that are experimentally observed in Rydberg-EIT spectra in vapor cells. In our complete model, we consider the 5S1/2-5P1/2-5D3/2-25F5/2 3-photon Rydberg-EIT cascade, including partial decay via 5P3/2. The state space has 108 magnetic sublevels, which are coupled through coherent interactions and various spontaneous-decay channels. Using a Quantum Mon
E11/1	unrelated_excluded	读完摘要后未发现可归入 Rb87 Rydberg 光镊平台近期实验/工程问题的内容。	quantum_sim	Frontiers in Synthetic Gauge Fields and Exotic Excitations	Quantum simulation - from fractional quantum Hall physics and Pfaffian states to magnon excitations and pseudogap in the Hubbard model	https://meetings-archive.aps.org/damop/2026/e11/1/		I will present recent breakthroughs in quantum simulation. Using Floquet engineering, we create artificial gauge fields that enable the realization of strongly correlated topological states of matter. I will report on the observation of fractional quantum Hall and Pfaffian states in few-particle systems. I will then describe a recent breakthrough in Fermi–Hubbard quantum simulations, where we have significantly lowered temperatures and accessed regimes beyond current computational capabilities. I will focus on directly probing elementary excitations, such as magnon modes, in the pseudogap regime of the doped Hubbard model.
E11/2	unrelated_excluded	平台是离子、固态或其他非中性原子光镊平台。	gate_QEC;quantum_sim;optical_lattice_or_gas;ion_or_solid	Frontiers in Synthetic Gauge Fields and Exotic Excitations	Probing supersolidity through excitations in a spin-orbit-coupled Bose-Einstein condensate	https://meetings-archive.aps.org/damop/2026/e11/2/	C. S. Chisholm*, S. Hirthe*, V. B. Makhalov*, R. Ramos*, R. Vatré*, J. Cabedo, A. Celi, and L. Tarruell, arXiv:2412.13861. Science, in press.	Spin-orbit-coupled Bose-Einstein condensates are a flexible experimental platform to engineer synthetic quantum many-body systems. In particular, they host the so-called stripe phase, an instance of a supersolid state of matter. The peculiar excitation spectrum of the stripe phase, a definite footprint of its supersolidity, had so far remained out of experimental reach. In my talk, I will present recent experiments where we achieve in situ imaging of the stripes and directly observe both superfluid and crystal excitations using a matter-wave optics magnification scheme. We exploit the resulting images to investigate superfluid hydrodynamics and reveal a stripe compression mode, thus demonstr
E11/3	related_excluded	Rydberg/Rb 相关但平台是 vapor/MOT/molasses/EIT/cold ensemble，不是 optical tweezer array。	quantum_sim;cavity;vapor_or_MOT;optical_lattice_or_gas	Frontiers in Synthetic Gauge Fields and Exotic Excitations	S, P, D… BEC… Easy as I, II, III: Pairing Games in a Cavity	https://meetings-archive.aps.org/damop/2026/e11/3/	[1] D. Young, E. Song, A. Chu, D. Barberena, Z. Niu, V. Scha¨fer, R. Lewis-Swan, A. Rey, and J. Thompson, Time-Resolved Spectral Gap Spectroscopy in a Quantum Simulator of Fermionic Superfluidity inside an Optical Cavity, Physical Review Letters 134, 183404 (2025). [2] D. Young, A. Chu, E. Song, D. Barberena, D. Wellnitz, Z. Niu, V. Scha¨fer, R. Lewis-Swan, A. M. Rey, and J. Thompson, Observing Dynamical Phases of BCS Superconductors in a Cavity QED Simulator, Nature 625, 679–684 (2024). [3] A. Chu, J. Kwan, E. Song, S. Chew, J. K. Thompson, A. M. Rey Simulation of topological superconductors and their competing orders using photon-mediated interactions, arXiv:2512.17889	Many quantum materials display striking behavior because different types of order compete with one another. This competition is especially important in unconventional and topological superconductors, where the symmetry of electron pairing can produce robust edge currents and other exotic effects—yet it remains difficult to observe and control directly.In this talk, I will introduce a quantum simulation platform based on atoms trapped in a two-dimensional optical lattice inside an optical cavity, where light-mediated interactions can be precisely engineered and continuously monitored. By tailoring cavity-induced couplings between atomic pseudospins, the simulator emulates momentum-dependent p
E11/4	unrelated_excluded	读完摘要后未发现可归入 Rb87 Rydberg 光镊平台近期实验/工程问题的内容。	quantum_sim	Frontiers in Synthetic Gauge Fields and Exotic Excitations	Beyond Vector Potentials: Synthetic Tensor Gauge Fields	https://meetings-archive.aps.org/damop/2026/e11/4/		The study of synthetic gauge fields has led to a wealth of exciting developments across multiple areas of physics over the past two decades. Until recently, these efforts have focused almost exclusively on vector gauge fields. In this talk, I will show how this paradigm can be extended to a new and largely unexplored regime of synthetic tensor gauge fields. I will discuss experimentally realistic routes for realizing such fields and highlight the qualitatively new phenomena that emerge from their coupling to exotic quantum phases. I will also demonstrate that these tensor gauge fields can be made complex, enabling access to an entirely new class of non-Hermitian phenomena.
F09/1	unrelated_excluded	主题不涉及 Rb/Rydberg/光镊/中性原子阵列或相关量子计算模拟工程。	molecule;ion_or_solid	Atom-Ion Interactions and Ultralong-range Molecules	Closed-Form Solution of the First Born Approximation for Direct Excitation in Simple Ion-Atom Collisions	https://meetings-archive.aps.org/damop/2026/f09/1/		Direct excitation, ionization, and electron transfer are the three basic processes in simple ion-atom collisions such as those between protons and hydrogen-like ions. At high energies or high Z, the first two processes are described closely by the first Born approximation1 and scale as 1/Z4 with target nuclear charge Z, while the third is described by a second Born approximation2 scaling as 1/Z7. The coupled-state, impact parameter approach developed by Bates1 has been used by the author3 and others. Bates stated1 that “The impact parameter version of the first Born approximation [for excitation or ionization] does not readily lead to closed expressions for the various cross sections … but i
F09/2	related_excluded	涉及分子、分子显微镜、polar molecule 或 RbCs/KRb/NaCs 混合系统；不是 Rb87 Rydberg atom tweezer array。	gate_QEC;quantum_sim;molecule;ion_or_solid	Atom-Ion Interactions and Ultralong-range Molecules	Three-Body Recombination in Ion–Atom Systems: Effects of Statistics and Universality	https://meetings-archive.aps.org/damop/2026/f09/2/		We investigate three-body recombination in ion–atom–atom collision systems using finite-range two-body interaction potentials. The study focuses on a charged ion interacting with two neutral atoms and examines how the recombination dynamics depend on the underlying particle statistics. We consider three distinct cases: an ion with two distinguishable atoms, an ion with two identical bosons, and an ion with two identical fermions. By comparing these scenarios, we analyze the influence of quantum statistics on recombination rates and threshold behavior. Furthermore, we explore the degree of universality of three-body recombination by employing different model interaction potentials and assessi
F09/3	related_excluded	涉及分子、分子显微镜、polar molecule 或 RbCs/KRb/NaCs 混合系统；不是 Rb87 Rydberg atom tweezer array。	cryo;molecule;vapor_or_MOT;ion_or_solid	Atom-Ion Interactions and Ultralong-range Molecules	Classical Description of He2+ Recombination	https://meetings-archive.aps.org/damop/2026/f09/3/		The ternary association reaction He+ + 2He → He2+ + He has been studied extensively for its application in obtaining ion temperatures in cryogenic rf traps. The temperature-dependent rate coefficient for this reaction is the basis for calibrating the translational energy distribution of trapped He+ ions, which has been experimentally determined in the temperature range 10K – 350 K. Theoretical descriptions aimed at capturing the recombination rate coefficient have relied on quantum dynamical studies based on a two-step Lindemann mechanism, which predict a significant decline of the rate coefficient at low temperatures, demonstrating a significant deviation from experimental results. In this 
F09/4	related_excluded	涉及分子、分子显微镜、polar molecule 或 RbCs/KRb/NaCs 混合系统；不是 Rb87 Rydberg atom tweezer array。	quantum_sim;molecule;ion_or_solid	Atom-Ion Interactions and Ultralong-range Molecules	Coordination-driven magic numbers in protonated argon clusters	https://meetings-archive.aps.org/damop/2026/f09/4/	"Saajid Chowdhury, María Judit Montes de Oca-Estévez, Florian Foitzik, Elisabeth Gruber, Paul Scheier, Pablo Villarreal, Rita Prosmiti, Tomás González-Lezana, and Jesús Pérez-Ríos (2026). ""Coordination-driven magic numbers in protonated argon clusters"". (Under review)."	"Charged atom clusters give a way to study charged-neutral interactions at the borderline between few-body and many-body physics. Protonated argon clusters ArnH+ have been one of the more difficult systems to explain. In this talk, we present a theoretical quantum mechanical study of protonated argon clusters [1], successfully predicting all the ArnH+ magic numbers, agreeing with the latest experimental data. Assuming that 2 argon atoms very close to the proton form a fixed linear ""core"" Ar2H+, we employ a 4-body potential energy surface fit from accurate quantum chemistry calculations which includes 2-body Ar-Ar interaction terms, and 4-body terms for other Ar atoms interacting with the core"
F09/5	related_excluded	涉及分子、分子显微镜、polar molecule 或 RbCs/KRb/NaCs 混合系统；不是 Rb87 Rydberg atom tweezer array。	Rydberg;gate_QEC;molecule;optical_lattice_or_gas;ion_or_solid	Atom-Ion Interactions and Ultralong-range Molecules	Intramolecular electronic and rotational angular momentum coupling in 84Sr 1D2 ultralong-range Rydberg dimers	https://meetings-archive.aps.org/damop/2026/f09/5/	C. Wang, A. Li, S. K. Kanungo, T. C. Killian, F. B. Dunning, and S. Yoshida. Intramolecular electronic and rotational angular momentum coupling in 84Sr n1D2 ultralong-range Rydberg dimers. Submitted to Phys. Rev. A, under review.	We use photoassociative spectroscopy to study 84Sr 1D2 ultralong-range Rydberg molecule (ULRRM) dimers and develop a model incorporating diabatic rovibrational mixing. The measured binding energies are fit well by theory, yielding s-wave and p-wave electron-atom scattering parameters as = -13.84 a0 and ap = 9.7 a0, where a0 is the Bohr radius, consistent with previous studies of 3S1 Rydberg dimers. Excitation in the zero-temperature limit will only populate K = 2 molecular states, where K=L+N is the sum of the electronic and rotational angular momenta. At the finite temperature of the experiment, higher partial-wave initial scattering channels become populated, leading to rotational-state mi
F09/6	related_excluded	涉及分子、分子显微镜、polar molecule 或 RbCs/KRb/NaCs 混合系统；不是 Rb87 Rydberg atom tweezer array。	Rydberg;Rb;molecule;vapor_or_MOT;ion_or_solid	Atom-Ion Interactions and Ultralong-range Molecules	Observation of spin singlet butterfly Rydberg molecules in an ultracold atomic Rb gas	https://meetings-archive.aps.org/damop/2026/f09/6/	https://arxiv.org/pdf/2510.21620	We report the observation of spin-singlet ultra-long range Rydberg butterfly molecules consisting of a ground-state atom bound to a Rydberg atom by P-wave scattering of ^{87}Rb Rydberg electrons from ^{87}Rb(5s) atoms. A three-photon excitation scheme enables the photoassociation of these molecules by weakly admixing Rb(18f_{7/2}) states. The measured binding energies, kilo-Debye permanent electric dipole moments, and lifetimes are in excellent agreement with theory. Two long-lived vibrational levels, red detuned from the Rb(18f_{7/2}) threshold, are observed. This experiment is a foundational step in the production of ultra-cold anions and heavy Rydberg ion-pair systems.
F09/7	related_excluded	涉及分子、分子显微镜、polar molecule 或 RbCs/KRb/NaCs 混合系统；不是 Rb87 Rydberg atom tweezer array。	Rydberg;quantum_sim;Yb;molecule;ion_or_solid	Atom-Ion Interactions and Ultralong-range Molecules	Revealing Electron–Ytterbium Interactions through Rydberg Molecular Spectroscopy	https://meetings-archive.aps.org/damop/2026/f09/7/	https://arxiv.org/pdf/2512.20609	Divalent atoms have emerged as powerful alternatives to alkalis in ultracold atom platforms, offering unique advantages arising from their two-electron structure. Among these species, ytterbium (Yb) is especially promising, yet its anionic properties and its Rydberg spectrum remain comparatively unexplored.In this work, we perform a first and comprehensive experimental and theoretical investigation of ultralong-range Rydberg molecules (ULRMs) of ^{174}Yb in 6sns\,^1S_0 Rydberg states across nearly two decades in principal quantum number n and three orders of magnitude in molecular binding energy.Using the Coulomb Green’s function formalism, we compute Born–Oppenheimer molecular potentials de
F09/8	related_excluded	涉及分子、分子显微镜、polar molecule 或 RbCs/KRb/NaCs 混合系统；不是 Rb87 Rydberg atom tweezer array。	quantum_sim;molecule;ion_or_solid	Atom-Ion Interactions and Ultralong-range Molecules	Machine Learning for Three-Body Recombination Rates Across 8 Decades of Energy	https://meetings-archive.aps.org/damop/2026/f09/8/	Julian, Daniel & Pérez-Ríos, Jesús. (2025). Machine learning prediction of a chemical reaction over 8 decades of energy. Physical Review Research. 7. 10.1103/gkwq-ls2k.	Three-body recombination reactions are ubiquitous in atomic and molecular physics and are essential for understanding a wide variety of phenomena from losses in traps to the microscopic underpinnings of nucleation. The 3-body problem of solving the classical dynamics of individual reactants, which is needed for ab initio studies, involves chaos and as such must be addressed computationally, leading to high computational costs for determining reaction rates. We present a simple feed-forward neural network approach for predicting the opacity function of atom-atom-ion and atom-atom-atom three-body recombination reactions using only a small training dataset. The models developed are succesful ov
F12/1	unrelated_excluded	读完摘要后未发现可归入 Rb87 Rydberg 光镊平台近期实验/工程问题的内容。	metrology	Precision Sensing with Levitated Optomechanics	Quantum-limited impulse sensing with optically-levitated nanoparticles	https://meetings-archive.aps.org/damop/2026/f12/1/		Recent progress in levitated optomechanics has yielded many novel applications to fundamental physics in the quantum measurement regime. Optically trapped nanoparticles in high vacuum can be used as impulse sensors with momentum sensitivity approaching the standard quantum limit, enabling competitive searches for physics beyond the Standard Model. Our group has already achieved world-leading constraints on dark matter that couples to neutrons via long range interactions using this approach, while efforts are currently underway to extend this technique to the study of weak nuclear decays. By doping silica nanoparticles with radioactive isotopes, decay-induced recoils can be used to reconstruc
F12/2	unrelated_excluded	读完摘要后未发现可归入 Rb87 Rydberg 光镊平台近期实验/工程问题的内容。	gate_QEC;metrology	Precision Sensing with Levitated Optomechanics	Optically levitated microspheres for precision force sensing at micron scales	https://meetings-archive.aps.org/damop/2026/f12/2/		Optically levitated microspheres form mechanical oscillators that eliminate clamping losses. Direct optical control and readout of the microsphere motion enables precise force sensing at micrometer length scales that are difficult to access with conventional approaches. This talk will present the experimental setup of a table-top optical levitation system at Stanford and our recent instrumentation developments for signal readout. Background reduction techniques and latest results on searching new gravity-like forces will also be discussed.
F12/3	unrelated_excluded	平台是离子、固态或其他非中性原子光镊平台。	gate_QEC;metrology;ion_or_solid	Precision Sensing with Levitated Optomechanics	Balancing force sensing and spin-motion entanglement in levitated diamond	https://meetings-archive.aps.org/damop/2026/f12/3/		Levitated systems, such as small diamond crystals in magnetic traps, have remarkable mechanical properties. They also benefit from integrated quantum spin sensors in the form of nitrogen vacancy (NV) centers, which enable a variety of potential experiments exploring the landscape of mechanical-spin interaction. We study a setup where the NV center spin is coupled to the center-of-mass motion of its host diamond in a magnetic trap. The large gradients of the magnetic field in the trap lead to a strong coupling between spin and motion. We find this enables a new paradigm for back-action-evading measurement. Alternatively, by carefully maximizing the back action, we are able to explore the poss
F12/4	unrelated_excluded	平台是离子、固态或其他非中性原子光镊平台。	metrology;optical_lattice_or_gas;ion_or_solid	Precision Sensing with Levitated Optomechanics	Force and acceleration sensing with optically levitated microparticles	https://meetings-archive.aps.org/damop/2026/f12/4/		Optomechanical sensors have transformed our ability to measure weak forces and accelerations. Among them, optically levitated particles are compelling because they are largely decoupled from their environment, enabling high sensitivity in high vacuum. We demonstrate impulse and acceleration sensing with optically levitated nanogram masses using silica microspheres and noble‑gas solid particles. I describe our experimental platforms, measurement protocols, and calibration strategies, and I compare sensing performance across materials and operating conditions.
F12/5	unrelated_excluded	读完摘要后未发现可归入 Rb87 Rydberg 光镊平台近期实验/工程问题的内容。	metrology	Precision Sensing with Levitated Optomechanics	Mechanical Magnetometry with a Levitated Magnet	https://meetings-archive.aps.org/damop/2026/f12/5/		Levitated systems have emerged as powerful platforms for precision sensing, enabling the detection of weak forces, torques, and magnetic and electric fields. We demonstrate a magnetometer based on a micrometer-scale permanent magnet levitated above a type-II superconductor. The magnet's librational and translational modes exhibit high mechanical quality factors and couple directly to external magnetic fields and field gradients through its large intrinsic magnetic moment. The measured magnetic field sensitivity is limited by the thermal fluctuations of the levitated magnet. Notably, we experimentally achieve a magnetic field sensitivity beyond the energy resolution limit (ERL), a practical q
F12/6	unrelated_excluded	读完摘要后未发现可归入 Rb87 Rydberg 光镊平台近期实验/工程问题的内容。	quantum_sim;cryo;metrology	Precision Sensing with Levitated Optomechanics	Levitated Sensor for Magnetometry in Ambient Environment	https://meetings-archive.aps.org/damop/2026/f12/6/	https://arxiv.org/html/2504.21524v1	Levitated particle systems provide a promising platform for precision sensing due to their strong isolation from mechanical dissipation and environmental noise. Most room-temperature levitation approaches are primarily sensitive to acceleration, while high-performance magnetic sensing often relies on cryogenic techniques such as superconducting quantum interference devices (SQUIDs) or atomic magnetometers. We report a diamagnetically stabilized, magnetically levitated magnet magnetometer (LeMaMa) operating at room temperature and under Earth's magnetic field. The motion of the levitated ferromagnet is read out optically, enabling sensitive detection of magnetic field fluctuations. Strong spi
F12/7	related_excluded	Rydberg/Rb 相关但平台是 vapor/MOT/molasses/EIT/cold ensemble，不是 optical tweezer array。	cavity;metrology;vapor_or_MOT	Precision Sensing with Levitated Optomechanics	Levitated Superfluid Helium Drops for Optomechanics	https://meetings-archive.aps.org/damop/2026/f12/7/		Superfluid helium is a material with considerable potential for use in cavity optomechanics. These include low optical absorption, low mechanical loss, low temperatures, low stiffness, and high thermal conductivity. In addition, isolated drops of liquid helium cool to roughly 300 mK via evaporation.I will describe measurements of mm-scale drops of superfluid helium that are magnetically levitated in ultrahigh vacuum. We have found that the drops can be retained for months at a time, and that their bulk temperature and the noise temperature of their surface modes both reach T= 300 mK. Precise measurements of the drop's surface modes show good agreement with theory, along with signatures of th
F12/8	related_excluded	平台是 optical lattice、BEC、quantum gas 或 gas microscope，不是 Rb87 optical tweezer Rydberg array。	gate_QEC;metrology;optical_lattice_or_gas	Precision Sensing with Levitated Optomechanics	Probing short time Brownian motion regimes in liquids with bright and dark optical traps	https://meetings-archive.aps.org/damop/2026/f12/8/	J. Boynewicz, M.C. Thumann, & M.G. Raizen. (2025). Observation of Super-ballistic Brownian Motion in Liquid. arXiv preprint arXiv:2508.05031.	Brownian motion is a foundational physical process characterized by a mean squared displacement that scales linearly with time in thermal equilibrium, known as diffusion. At short times, the mean squared displacement becomes ballistic, scaling as t^2. We show that this ballistic picture, while true for the ensemble average, obscures underlying noisy dynamics. By conditioning on times when the particle starts close to rest, we predict theoretically and confirm by experiment that the mean squared displacement becomes super-ballistic, with a power scaling law of t^(5/2). This result is due to the colored noise of incompressible fluids, distinct from the t^3 super-ballistic scaling characteristi
F05/1	related_excluded	涉及分子、分子显微镜、polar molecule 或 RbCs/KRb/NaCs 混合系统；不是 Rb87 Rydberg atom tweezer array。	quantum_sim;molecule;ion_or_solid	Generation and Applications of Ultrashort X-ray Pulses	Imaging Three-Dimensional Molecular Structure and Dynamics with Multiparticle Covariance and Cumulant Coulomb Explosion Analysis	https://meetings-archive.aps.org/damop/2026/f05/1/		Coulomb explosion imaging (CEI) has emerged as a powerful approach for imaging molecular structure in the gas phase by leveraging momentum correlations between ionic fragments produced in strong-field or X-ray–driven fragmentation. CEI provides direct access to molecular geometry by correlating fragment ion momenta following breakup of a highly charged molecular ion. Here we demonstrate three-body covariance and four-body cumulant analysis to extract three-dimensional structural information from the X-ray–induced Coulomb explosion of tert-butyl iodide (C4​H9​I). Site-selective ionization at the iodine 4d edge using intense femtosecond soft X-ray pulses from the SACLA X-ray Free-Electron Lase
F05/2	unrelated_excluded	主题不涉及 Rb/Rydberg/光镊/中性原子阵列或相关量子计算模拟工程。	molecule;vapor_or_MOT;ion_or_solid	Generation and Applications of Ultrashort X-ray Pulses	Isomer-dependent charge transfer dynamics in the dissociation of alkyl iodide isomers	https://meetings-archive.aps.org/damop/2026/f05/2/		Alkyl iodides have played a key role in understanding excited-state photodynamics that give rise to bond cleavage. We utilized femtosecond extreme ultraviolet (XUV) free electron laser (FEL) pulses to probe dissociation mechanisms in the alkyl iodide isomers 1-iodobutane and tert-butyl iodide (C4H9I). We used a 267 nm UV pump to excite the molecules and probed with a 100 eV XUV pulse that ionized the iodine 4d orbital. This ionization subsequently caused a Coulomb explosion due to Auger-Meitner decay, and the momentum of the resulting ions was measured using a velocity map imaging (VMI) spectrometer. Our study shows that energy disposal within these alkyl iodides is highly distributed toward
F05/3	related_excluded	涉及分子、分子显微镜、polar molecule 或 RbCs/KRb/NaCs 混合系统；不是 Rb87 Rydberg atom tweezer array。	gate_QEC;quantum_sim;molecule;ion_or_solid	Generation and Applications of Ultrashort X-ray Pulses	Impact of Atomic Substitution on Core-Hole Relaxation Dynamics: A Study of Br2 and IBr	https://meetings-archive.aps.org/damop/2026/f05/3/		Understanding inner-shell decay processes in heavy-element molecules is essential for unraveling x-ray-induced photodynamics and advancing molecular imaging techniques. In this study, we investigate the influence of atomic substitution on core-hole relaxation dynamics and molecular fragmentation in Br2 and IBr, initiated by x-ray absorption at the Br K-edge. Using a combination of X-ray/ion coincidence measurements and Monte Carlo/molecular dynamics simulations, we track charge distribution and the kinetic energy release (KER) of fragment ions with a total charge from 2+ to 8+. For both molecules, the simulated KER values show good agreement with experiment across different fragmentation cha
F05/4	related_excluded	涉及分子、分子显微镜、polar molecule 或 RbCs/KRb/NaCs 混合系统；不是 Rb87 Rydberg atom tweezer array。	gate_QEC;Cs;molecule;ion_or_solid	Generation and Applications of Ultrashort X-ray Pulses	Momentum-resolved X-ray photoelectron spectroscopy of CS2 photofragmentation	https://meetings-archive.aps.org/damop/2026/f05/4/		Time-resolved X-ray photoelectron spectroscopy (TRXPS) provides a unique view into the evolving electron charge densities and binding energies of specific atoms in a molecule undergoing a photochemical change. While TRXPS measurements provide rich information on the chemical environment of a particular atomic species, contributions from the same species present in distinct molecular fragments can overlap and obscure one another. Here, we present results of a TRXPS study of the photodissociation of gas-phase CS2 probed above the S 2p edge that utilizes electron-ion covariance techniques to separate the overlapping contributions of the S and CS fragments. Both the X-ray photoelectrons and the 
F05/5	related_excluded	涉及分子、分子显微镜、polar molecule 或 RbCs/KRb/NaCs 混合系统；不是 Rb87 Rydberg atom tweezer array。	gate_QEC;quantum_sim;molecule	Generation and Applications of Ultrashort X-ray Pulses	Vibrationally resolved transient absorption between ground and core-excited states of molecules	https://meetings-archive.aps.org/damop/2026/f05/5/		Here we present our work on developing an algorithm for approximating the vibrational structure of core excited states in ionic molecules and motivate its utility by calculating the transient absorption spectra of selected molecules to investigate how vibrational structure manifests in transitions to these states. In order to compute the hessian and gradient of the ionic system for energetically low-lying and core-excited states, we compute a series of single point electronic structure calculations along displaced geometries to probe the potential energy surfaces. We generate the displaced geometries along the directions of the normal modes plus the 5 or 6 translations/rotations of the neutr
F05/6	unrelated_excluded	主题不涉及 Rb/Rydberg/光镊/中性原子阵列或相关量子计算模拟工程。	molecule	Generation and Applications of Ultrashort X-ray Pulses	Inducing and probing ultrafast correlated-electron dynamics in molecules with x-ray pulses	https://meetings-archive.aps.org/damop/2026/f05/6/	[1] G. Visentin et al., arXiv:2509.08245 (2025) [2] A. Bartunek et al., arXiv:2601.09885 (2026)	The development of attosecond soft x-ray pulses at free-electron laser (XFEL) facilities has opened new opportunities for inducing and probing ultrafast dynamics in atoms and molecules, including correlated-electron processes in increasingly larger and complex systems. In this presentation, I will discuss recent theoretical efforts at LSU for modeling correlated electron molecular systems and their interaction with XFEL pulses [1,2].[1] G. Visentin et al., arXiv:2509.08245 (2025)[2] A. Bartunek et al., arXiv:2601.09885 (2026)
F05/7	unrelated_excluded	主题不涉及 Rb/Rydberg/光镊/中性原子阵列或相关量子计算模拟工程。	Yb	Generation and Applications of Ultrashort X-ray Pulses	Creating the shortest light pulses in the world	https://meetings-archive.aps.org/damop/2026/f05/7/		Generating ever-shorter and brighter light pulses has long been a central pursuit in ultrafast science, as it benchmarks our ability to create and manipulate the coherence on the intrinsic timescale of sub-atomic electron motion. The current state-of-the-art in attosecond pulse generation reaches durations of 40–50 attoseconds (1 as = 10^-18 seconds), produced via high-order harmonic generation (HHG) driven by secondary mid-infrared light sources. However, these sources often suffer from low stability and poor HHG conversion efficiency. In this presentation, I will talk about the generation of 18+-2 attosecond light pulses—a new world record for the shortest light pulse—driven by a post-comp
F05/8	related_excluded	涉及分子、分子显微镜、polar molecule 或 RbCs/KRb/NaCs 混合系统；不是 Rb87 Rydberg atom tweezer array。	gate_QEC;quantum_sim;molecule;ion_or_solid	Generation and Applications of Ultrashort X-ray Pulses	Subcycle electron-electron correlation effects on high-harmonic generation	https://meetings-archive.aps.org/damop/2026/f05/8/	K. Buczolich et al., Phys. Rev. Res. 7, 043322 (2025). https://doi.org/10.1103/zbfh-qfd2	High-harmonic generation (HHG) is one of the fundamental processes at the heart of attosecond physics. Traditionally viewed as an effective single-particle effect, recent advances have focused on contributions to the harmonic spectrum beyond this single-particle picture [1, 2], as well as on probing electron correlations through HHG in atoms, molecules, and solids [3, 4]. In this work, we quantify the influence of time-dependent electron-electron correlations on HHG using correlation measures from quantum information theory. By explicitly solving the time-dependent Schrödinger equation with the multi-configurational time-dependent Hartee-Fock method [5], we obtain fully correlated results fo
F05/9	unrelated_excluded	主题不涉及 Rb/Rydberg/光镊/中性原子阵列或相关量子计算模拟工程。	molecule	Generation and Applications of Ultrashort X-ray Pulses	A powerful method to calculate high-order harmonic generation from aligned or randomly distributed molecules	https://meetings-archive.aps.org/damop/2026/f05/9/		We extend our recently developed semiclassical strong-field Herman–Kluk (SFHK) propagator method to calculate high-order harmonic generation (HHG) in diatomic molecules driven by few-cycle intense laser fields. For N2 and H2, we show that the high level of accuracy previously demonstrated for atomic systems, both in HHG yield and phase when compared with exact numerical solutions of the time-dependent Schrödinger equation, is preserved for molecules. Furthermore, we present a detailed analysis of the angular dependence of high-order harmonics. To compare with experimental data, HHG calculations require averaging over molecular orientations, which typically involve multidimensional integratio
F10/1	related_excluded	平台是 optical lattice、BEC、quantum gas 或 gas microscope，不是 Rb87 optical tweezer Rydberg array。	gate_QEC;quantum_sim;optical_lattice_or_gas	Advances in Matterwave Interferometry I	Progress toward large wave packet separation in atom interferometry	https://meetings-archive.aps.org/damop/2026/f10/1/		The sensitivity of a light-pulse atom interferometer scales with the spacetime area enclosed by the interferometer. One technique for increasing this area is to create large quantum superposition states by transferring many sequential photon momentum recoils to the atoms. As the wave packet separation grows, the interferometer becomes increasingly susceptible to dephasing from spatially varying forces and from optical wavefront or intensity imperfections across the atomic ensemble. In addition, long pulse sequences can reduce signal through atom loss from scattering and through imperfect transfer efficiency. We explore experimental approaches to mitigate these limitations, including improvem
F10/2	related_excluded	Rydberg/Rb 相关但平台是 vapor/MOT/molasses/EIT/cold ensemble，不是 optical tweezer array。	cavity;metrology;vapor_or_MOT;optical_lattice_or_gas	Advances in Matterwave Interferometry I	Towards a multi-minute lattice atom interferometer	https://meetings-archive.aps.org/damop/2026/f10/2/		Matter wave interferometry using a spatial superposition of ultracold atoms is a powerful tool for precision metrology. In our lattice atom interferometer, the interrogation time is increased by levitating the atoms in an optical lattice generated by the mode of an optical cavity. Our recent demonstrations of minute scale spatial coherence in a lattice atom interferometer have shown that decoherence is caused by ensemble dephasing of the thermal atoms in the presence of tilt-noise. We are constructing a new experiment to extend coherence to the multi-minute scale by suppressing tilt-noise in the most vulnerable frequency band with active vibration isolation of the whole mechanical system, as
F10/3	related_excluded	平台是 optical lattice、BEC、quantum gas 或 gas microscope，不是 Rb87 optical tweezer Rydberg array。	Rb87;optical_lattice_or_gas	Advances in Matterwave Interferometry I	Sagnac Tractor Atom Interferometer on a Photonic Integrated Circuit	https://meetings-archive.aps.org/damop/2026/f10/3/	arXiv:2511.05405	We present the theory of, and an experimental design for, a Sagnac tractor atom interferometer based on a photonic integrated circuit (PIC). The atoms are trapped in counter-rotating azimuthal optical lattices, formed by interfering evanescent fields of laser modes injected into circular PIC waveguides.We develop quantum models for the radial and azimuthal dynamics of the interfering atoms in adiabatic frames, which provide computational efficiency. The theory is applied to an exemplary PIC, for which we first compute field modes and atom trappingpotentials for 87Rb. We then evaluate non-adiabaticity, fidelity, and sensitivity of the exemplary PIC.
F10/4	unrelated_excluded	主题不涉及 Rb/Rydberg/光镊/中性原子阵列或相关量子计算模拟工程。		Advances in Matterwave Interferometry I	Development of a UHV-Compatible Absorptive Coating for Implementation in MAGIS-100	https://meetings-archive.aps.org/damop/2026/f10/4/		The bedrock of light pulse atom interferometery is light-atom interactions. As such, it is crucial to ensure the quality of the laser wavefront that interacts with the atoms. One source of wavefront imperfections can come from diffracted beams entering the interferometry region, such as those spawned by aberrations from optics. The metallic surface of the inner tube is reflective– thus creating the potential scenario in which diffracted beams propagating at an angle reflect off those surfaces and interfere with the main beam. One solution to this problem is to apply an absorptive coating on the interior of the interferometry tube. However, a critical constraint is the outgassing properties o
F10/5	unrelated_excluded	读完摘要后未发现可归入 Rb87 Rydberg 光镊平台近期实验/工程问题的内容。	gate_QEC;quantum_sim;metrology	Advances in Matterwave Interferometry I	Progress on Minimizing Laser Pointing Fluctuations in MAGIS-100 via Structural Analysis	https://meetings-archive.aps.org/damop/2026/f10/5/		MAGIS-100 is a 100-m-baseline atom interferometer under construction at Fermilab, designed for precision quantum sensing and searches for new physics. To ensure long-term stability and avoid drift associated with active stabilization systems, the experiment prioritizes passive noise suppression. A dominant technical challenge arises from vibrations of the retro-reflecting mirror, which is mounted on a side wall and mechanically coupled to seismic and structural noise. These vibrations introduce both angular pointing fluctuations of the interferometer laser beam and mirror velocity noise. The latter produces Doppler shifts that appear as detuning noise, directly impacting how the atoms intera
F10/6	unrelated_excluded	主题不涉及 Rb/Rydberg/光镊/中性原子阵列或相关量子计算模拟工程。	vapor_or_MOT	Advances in Matterwave Interferometry I	Machine learning techniques in image-based 3D reconstruction of atom clouds for atom interferometry	https://meetings-archive.aps.org/damop/2026/f10/6/		The next generation of atom interferometers strive for longer interrogation times and improved sensitivities, motivating more precise control and characterization of systematic effects. Accurate knowledge of the atomic density distribution in the interferometer output ports is essential for understanding the spatial dependence of the interference pattern, as well as diagnosing phase errors that arise from imperfections in optical elements and inhomogeneities in the laser wavefront. Imaging these clouds on the beam propagation axis is ideal, but unrealistic in our system due to limited optical access. As a solution, we present computational imaging techniques for reconstructing 3D atom clouds
F10/7	unrelated_excluded	读完摘要后未发现可归入 Rb87 Rydberg 光镊平台近期实验/工程问题的内容。	Rb;quantum_sim;metrology	Advances in Matterwave Interferometry I	Realizing a T-Cubed Scaling Interferometer	https://meetings-archive.aps.org/damop/2026/f10/7/		As most atom interferometers' (AI) phase sensitivity scales proportionally to T-squared, we will highlight modeling and experimental progress toward a T-cubed scaling AI. The T-cubed sensitivity comes from utilization of magnetically sensitive transitions of Rb (85) in the weak field limit. The AI provides improved sensitivity scaling to both gravitational acceleration and magnetic gradient over similar short baseline AIs, improving upon current sensors with a selective option to magnetic gradient sensitivity. Our simulation utilizes a fully three dimensional magnetic field and gradient to model the closure, path integral and associated phase sensitivity of the AI. In this, we match our mode
F10/8	related_excluded	Rydberg/Rb 相关但平台是 vapor/MOT/molasses/EIT/cold ensemble，不是 optical tweezer array。	gate_QEC;metrology;vapor_or_MOT	Advances in Matterwave Interferometry I	A compact, high data rate, and high sensitivity atom interferometer	https://meetings-archive.aps.org/damop/2026/f10/8/		Laboratory-based light pulse atom interferometers (LPAIs) based on laser-cooled atoms exhibit remarkable sensitivity to accelerations. However, these systems are often bulky and typically operate at a cycle rate of approximately 1 Hz. For practical quantum sensing applications, LPAIs must (1) be compact enough for integration into ground and flight vehicles; (2) operate at a sufficiently high bandwidth to remain robust against sensor dynamics; and (3) demonstrate sensitivity and stability that surpass conventional accelerometers. In this work, we utilize our compact grating magneto-optical trap to investigate the trade-offs between rapid operation and high sensitivity, specifically at rates 
F10/9	related_excluded	Rydberg/Rb 相关但平台是 vapor/MOT/molasses/EIT/cold ensemble，不是 optical tweezer array。	gate_QEC;metrology;vapor_or_MOT	Advances in Matterwave Interferometry I	Improving the contrast of a compact atomic gradiometer by optimizing Raman laser power and detuning	https://meetings-archive.aps.org/damop/2026/f10/9/		Atom interferometry is a precise tool for quantum sensing, with applications ranging from inertial measurements to precision tests of fundamental constants. Compact atom interferometers have been used to develop transportable atomic gravimeters and gradiometers for gravity surveys and mineral exploration. Here, we report a compact atomic gradiometer using two pyramidal magneto-optical traps in a single laser beam. Using a two-photon Raman transition pulse with a Gaussian intensity profile and a square-wave temporal profile, we characterize its efficiency as a function of laser power and single-photon detuning. Furthermore, we investigate the ellipsoidal contrast of the atomic gradiometer and
F03/1	unrelated_excluded	读完摘要后未发现可归入 Rb87 Rydberg 光镊平台近期实验/工程问题的内容。	gate_QEC	Photonic Quantum Computing	Photonic quantum computing with GKP qubits	https://meetings-archive.aps.org/damop/2026/f03/1/		We present a novel architecture for a scalable and fault-tolerant photonic quantum computer, introducing several new results that address the key challenges of quantum computation. At the heart of this architecture are Gottesman-Kitaev-Preskill (GKP) bosonic qubits, generated all-optically with high probability. These GKP qubits are routed through a shallow network of static beamsplitters to create universal resources with arbitrary connectivity. This unique approach provides an inherent long-range connectivity between physical qubits, enabling more efficient quantum error correction and simplifying the implementation of fault-tolerant quantum gates. Computation, syndrome data extraction, an
F03/2	unrelated_excluded	主题不涉及 Rb/Rydberg/光镊/中性原子阵列或相关量子计算模拟工程。		Photonic Quantum Computing	Optical quantum computers with quantum teleportation	https://meetings-archive.aps.org/damop/2026/f03/2/	NONE	We invented the scheme of teleportation-based quantum computing in 2013. In this scheme, we can multiplex quantum information in the time domain and we can build a large-scale optical quantum computer only with four squeezers, five-six beam splitters, and two optical delay lines. We built a real machine of optical quantum computer in Riken and put it on the cloud. We succeeded in the realization of machine learning with the real machine.
F03/3	unrelated_excluded	读完摘要后未发现可归入 Rb87 Rydberg 光镊平台近期实验/工程问题的内容。	gate_QEC;quantum_sim	Photonic Quantum Computing	Photonic platforms for universal quantum computing, quantum simulation, and neuromorphic computing	https://meetings-archive.aps.org/damop/2026/f03/3/		Quantum photonics offers a variety of ways to realize scalable computational architectures, be they for universal, fault tolerant quantum computing, quantum simulation, or neuromorphic computing. In this talk, I will review our work, at the University of Virginia, on all these topics as well as on machine-learning-enabled photonic quantum state generation. Particular emphasis will be placed on field-based, a.k.a. qumode, implementations which leverage the natural spectral, temporal, and spatial scalability of quantum optics while still allowing fault tolerant qubit encodings such as the Gottesman-Kitaev-Preskill one. The formalism of measurement-based quantum computing, e.g. based on cluster
F03/4	unrelated_excluded	读完摘要后未发现可归入 Rb87 Rydberg 光镊平台近期实验/工程问题的内容。	gate_QEC;quantum_sim;cavity;cryo	Photonic Quantum Computing	Pathway to scalable photonic quantum computing beyond linear optics	https://meetings-archive.aps.org/damop/2026/f03/4/	https://arxiv.org/abs/2510.06890	Photons hold great promise as a platform for quantum computing: they are fast, experience few noise processes, can be natively networked using optical fibre, and require minimal cryogenics. However, standard approaches using linear optics are fundamentally limited by probabilistic photon generation and entangling gates, leading to substantial hardware overheads. I will describe a novel architecture for fault-tolerant quantum computing that incorporates strong single-photon nonlinearities into a photonic GHZ-measurement-based approach. These interactions substantially reduce resource overheads compared to linear-optical approaches and yield a significantly higher baseline loss tolerance, reac
F04/1	related_excluded	光镊/中性原子阵列相关，但摘要没有 Rb87 或 Rydberg 核心实验。	neutral_atom_array;cavity	Collective Emission Dynamics	Superlinear scaling of cavity cooperativity via selective radiance in atomic arrays	https://meetings-archive.aps.org/damop/2026/f04/1/		We demonstrate that the collective coupling of an atom array to a cavity can be increased beyond the conventional linear scaling with atom number. Exploiting selective radiance, one can harness the collimated emission of the array to enhance its coupling to the cavity mode, while simultaneously suppressing its coupling to other optical modes (i.e., the modes for transverse spontaneous emission out of the cavity). We develop a spin model describing field-mediated atomic interactions via a Green’s function for the combined “free space + cavity” environment that cleanly separates cavity channels from the radiative continuum, excludes far-field directions blocked by the mirrors, and avoids doubl
F04/2	unrelated_excluded	读完摘要后未发现可归入 Rb87 Rydberg 光镊平台近期实验/工程问题的内容。	gate_QEC;quantum_sim	Collective Emission Dynamics	Engineering Collective Dissipation with Multi-Photon Processes	https://meetings-archive.aps.org/damop/2026/f04/2/		Many-body decay is an emergent phenomenon arising from the collective relaxation of multiple emitters and governed by interference among their emitted fields. Such collective dissipation provides a versatile platform for a range of applications, including the preparation of entangled dark states, building photonic sources and components, and the study of dissipative dynamics. Achieving these goals requires control over the structure and strength of the dissipative interactions. We propose to engineer programmable, long-range dissipative couplings using multi-photon processes. For multi-level atoms prepared in ground-state manifolds and driven far off-resonance, virtual excitation pathways in
F04/3	unrelated_excluded	读完摘要后未发现可归入 Rb87 Rydberg 光镊平台近期实验/工程问题的内容。	gate_QEC	Collective Emission Dynamics	Many-Body, Non-Markovian, Collective Radiance in Waveguide QED	https://meetings-archive.aps.org/damop/2026/f04/3/		Multi-atom waveguide QED provides an ideal setting to explore emergent many-body behavior, including collective phenomena such as superradiance and subradiance. For atoms separated on macroscopic scales, photon propagation mediates retarded interactions due to finite traversal times. When propagation delays are short, it is common to adopt a Markovian treatment, effectively assuming inter-atomic feedback to be instantaneous. Here, we examine the validity of the Markov approximation as a function of atom number.Using a delayed-feedback framework, we investigate the decay of single-excitation superradiant states in waveguide QED platforms. For small ensembles and short propagation delays, the 
F04/4	related_excluded	Rydberg 相关但没有指向 Rb87 optical tweezer array；多为传感、分子、理论或其他平台。	Rydberg;gate_QEC	Collective Emission Dynamics	Superradiant quantum beats driven by ground-state–Rydberg-state coherences	https://meetings-archive.aps.org/damop/2026/f04/4/	"""Superradiant quantum beats driven by ground-state-Rydberg-state coherences"" Z. Wang, B. Yang, P. R. Berman and A. Kuzmich, Physical Review A 112, 033717 (2025)"	Quantum beats in superradiance arise from coherent interference between collective emission from independent transitions, fundamentally distinct from single-atom quantum beats. In this work, we report the observation of quantum beats generated from ground-state–Rydberg-state atomic coherences in a cold atomic ensemble. Using phase-matched emission, we observe various time-resolved and time-integrated beating patterns that depend on the storage time between excitation and readout pulses. We develop a detailed model of the readout and emission processes, which quantitatively reproduces all observed beating signatures.
F04/5	unrelated_excluded	主题不涉及 Rb/Rydberg/光镊/中性原子阵列或相关量子计算模拟工程。		Collective Emission Dynamics	Motion-induced directionality of collective emission in a non-chiral waveguide	https://meetings-archive.aps.org/damop/2026/f04/5/	Y. Spahn, J.Hartmann, B. Saalfrank, M.Fleischhauer, T. Halfmann, T. Peters, Motion-induced directionality of collective emission in a non-chiral waveguide (in preparation)	We discuss the first observation of motion-induced directionality in the collective emission of light from atoms confined within a hollow-core waveguide [1]. The atoms form effective two-level systems created by a far off-resonant Raman process an as a consequence their effective dipole matrix element has a phase factor which oscillates in space. This phase factor has no consequence for atoms at rest. However, in a thermal cloud of atoms the combination of atomic motion and the spatially oscillating phase of the dipoles leads to a preferred collective emission in the forward direction. To understand the underlying effect we use the Truncated Wigner Approximation for spins [2] to simulate the
F04/6	unrelated_excluded	主题不涉及 Rb/Rydberg/光镊/中性原子阵列或相关量子计算模拟工程。		Collective Emission Dynamics	Exact Analytical Treatment of Collectively Pumped Dicke Superradiant Systems	https://meetings-archive.aps.org/damop/2026/f04/6/		Solving the dynamics of many-body open systems is usually intractable due to the exponential scaling of the Hilbert space. An important exception is the case of Dicke superradiance, in which the full permutational symmetry of the system leads to a significant reduction in complexity, thus admitting an exact solution. In this work, we present an analytical framework to describe the dynamics of an ensemble of collectively pumped two-level emitters undergoing Dicke superradiance. We use a quantum jump unraveling of the Lindblad master equation to derive exact expressions for the system's time evolution, without resorting to mean-field or other approximate methods. This work establishes rigorous
F04/7	related_excluded	平台是 optical lattice、BEC、quantum gas 或 gas microscope，不是 Rb87 optical tweezer Rydberg array。	gate_QEC;cavity;optical_lattice_or_gas	Collective Emission Dynamics	Atomic correlations in superradiance	https://meetings-archive.aps.org/damop/2026/f04/7/		Superradiance is a cooperative many-body phenomenon where identical two-level atoms collectively emit a burst of radiation. Here, we investigate the superradiance of atoms coupled to a bad cavity, elucidate how the light field builds up, and show that the radiation rate is determined by atomic correlations. In particular, we identify experimentally realistic protocols to control the burst time by engineering atomic correlations in an optical lattice.
F04/8	related_excluded	中性原子/Rydberg/tweezer 方向相近，但物种是 Yb/Sr/Cs 等，不是 Rb87。	cavity;Sr	Collective Emission Dynamics	Progress towards continuous superradiant lasing in a cavity-QED system	https://meetings-archive.aps.org/damop/2026/f04/8/		Superradiant lasers operate in the bad-cavity regime where, the coherence of the laser is stored in ultra-narrow atomic transitions. This makes them intrinsically robust against mechanical perturbations. Additionally, using the phenomenon of superradiance, this allows for efficient collection of light on ultra-narrow clock transitions with mHz linewidths. In order to make use of this ultra-narrow linewidth, this kind of laser must operate in a continuous manner. Most cold atom experiments operate in a time-sequenced fashion where successive cooling and trapping stages initialize the atoms, often leading to cycle times of several seconds or longer. We can continuously cool and load 3x105 87Sr
F04/9	unrelated_excluded	读完摘要后未发现可归入 Rb87 Rydberg 光镊平台近期实验/工程问题的内容。	gate_QEC;cavity	Collective Emission Dynamics	Phase diagram of the chiral Dicke model	https://meetings-archive.aps.org/damop/2026/f04/9/		We consider a collection of N two-level atoms coupled to a two-mode cavity, where each cavity mode appears only in co-rotating or counter-rotating terms with different coupling strengths. This model has a U(1) symmetry associated with the conservation of angular momentum. We dub this model the chiral Dicke model, in analogy with the recently proposed chiral Rabi model. We investigate the ground-state phase diagram and the associated quantum phase transition. We show that, while the U(1)-broken superradiant phase is destroyed over most of the phase diagram by the inclusion of cavity dissipation, it survives when both coupling constants are equal in strength.
F04/10	related_excluded	光镊/中性原子阵列相关，但摘要没有 Rb87 或 Rydberg 核心实验。	tweezer;gate_QEC;cavity	Collective Emission Dynamics	Higher symmetry breaking and non-reciprocity in a driven-dissipative Dicke model	https://meetings-archive.aps.org/damop/2026/f04/10/	"Ho, Jacquelyn, Yue-Hui Lu, Tai Xiang, Tsai-Chen Lee, Zhenjie Yan, and Dan M. Stamper-Kurn. ""Higher Symmetry Breaking and Non-Reciprocity in a Driven-Dissipative Dicke Model."" arXiv:2510.04288. Preprint, arXiv, October 5, 2025. https://doi.org/10.48550/arXiv.2510.04288."	Higher symmetries in interacting many-body systems often give rise to new phases and unexpected dynamical behavior. The canonical Dicke model, which describes identical coupling of many two-level systems to a single bosonic mode, exhibits a Z2 symmetry-breaking superradiant phase. Here, we theoretically investigate a variant of the Dicke model with higher-order discrete symmetry, resulting from complex-valued coupling coefficients between quantum emitters and a bosonic mode. We propose a driven-dissipative realization of this model focusing on optomechanical response of a driven atom tweezer array comprised of n sub-ensembles and placed within an optical cavity, with the phase of the driving
F06/1	related_excluded	相关但未写入：Yb-171 tweezer/Rydberg array；强依赖 Yb 平台，不是 Rb87。	Rydberg;tweezer;neutral_atom_array;gate_QEC;quantum_sim;metrology;Yb;vapor_or_MOT	Quantum Simulation with Neutral Atom Array	A Programmable Yb-171 Atom Array for Quantum Information Science	https://meetings-archive.aps.org/damop/2026/f06/1/		Atoms trapped in arrays of optical tweezers provide a scalable and versatile platform for applications in quantum computing, simulation and metrology. Recently, Yb-171 has emerged as an ideal candidate for these applications due to the availability of multiple qubit manifolds such as the OMG architecture, and narrow-line cooling and imaging transitions. These features enable high-fidelity qubit control, rapid readout, continuous reloading of atoms, and efficient erasure conversion. Here, we present progress on the development of a scalable and programmable Yb-171 atom array. To enable rapid loading and high-fidelity control, our apparatus utilizes a dual-wavelength core-shell magneto-optical
F06/2	related_excluded	光镊/中性原子阵列相关，但摘要没有 Rb87 或 Rydberg 核心实验。	neutral_atom_array;quantum_sim	Quantum Simulation with Neutral Atom Array	Scaling up a modular and industrial neutral-atom-based quantum processing platform	https://meetings-archive.aps.org/damop/2026/f06/2/	arXiv:2511.19340 arXiv:2511.20388 2-3 other preprints should come by the time of the conference.	Fault-tolerant universal quantum computers (FTQC) should allow solving complex problems in the fields of optimization, material science, chemistry. However, error-corrected digital quantum computing able to provide high-value to these industrial businesses should feature thousands of logical qubits and will require to overcome many technical challenges. It will thus probably be a long-standing R&amp;D effort for all quantum technologies.Meanwhile, Noisy-Intermediate-Scale Quantum (NISQ) devices with hundreds of physical qubits prone to noise and errors can already be used today to implement quantum algorithms in the analog quantum computing mode and to explore applications, including in regi
F06/3	included_in_topic_abstract	已写入 abstract.qmd。	Rydberg;neutral_atom_array;gate_QEC;quantum_sim	Quantum Simulation with Neutral Atom Array	Local accessibility of quantum information in programmable Rydberg atom arrays	https://meetings-archive.aps.org/damop/2026/f06/3/		We investigate open-system dynamics in programmable Rydberg neutral atom array quantum simulators. Focusing on interacting spin Hamiltonians realizable with neutral-atom arrays using Rydberg-mediated interactions, we study how local quantum information spreads, scrambles, and how the initial states memory can be partially retrieved in open many-body systems. We consider how local perturbations propagate across one-dimensional chains and extended geometries, and how coupling to effective environments modifies scrambling, relaxation, and non-equilibrium dynamics. This work provides a framework for exploring information dynamics in near-term neutral-atom quantum simulation platforms, and highli
F06/4	related_excluded	光镊/中性原子阵列相关，但摘要没有 Rb87 或 Rydberg 核心实验。	tweezer;neutral_atom_array;quantum_sim	Quantum Simulation with Neutral Atom Array	Programmable quantum walk in synthetic dimension using an optical tweezer	https://meetings-archive.aps.org/damop/2026/f06/4/		We use the motional states of a single atom trapped in an optical tweezer as a synthetic lattice for a tight-binding model. Each motional Fock state acts as a lattice site, and driven couplings between these states implement hopping. By exploiting the trap anharmonicity with spatial shaking and intensity modulation, we can independently program on-site disorder and complex nearest- and next-nearest-neighbor tunneling. This gives us a highly controllable platform for Hamiltonian engineering and for generating non-Gaussian motional states through quantum walk dynamics.
F06/5	included_in_topic_abstract	已写入 abstract.qmd。	Rydberg;Rb87;Rb;tweezer;neutral_atom_array;quantum_sim	Quantum Simulation with Neutral Atom Array	Frozen membrane states and chaotic dynamics in few- and many-body Rydberg synthetic dimensions	https://meetings-archive.aps.org/damop/2026/f06/5/		Optical tweezer platforms permit the design of scalable and robust neutral atom quantum simulators, many with highly tunable arrays of Rydberg atoms. On our recently constructed rubidium-87 tweezer apparatus, we combine the Rydberg states' native resonant dipole-dipole exchanges with microwave drives between levels to realize interactions in a so-called synthetic dimension. We characterize the transition from free gases of Rydberg electrons to frozen states that are immobilized by strong interactions, both for many-atom arrays (quantum membranes) and for few-atom clusters (bound dimers and trimers). We also demonstrate evidence for a chaotic regime at intermediate interactions, characterized
F06/6	included_in_topic_abstract	已写入 abstract.qmd。	Rydberg;tweezer;neutral_atom_array;gate_QEC;quantum_sim	Quantum Simulation with Neutral Atom Array	Interaction-induced freezing in synthetic dimensions realized with Rydberg atom arrays	https://meetings-archive.aps.org/damop/2026/f06/6/		Synthetic dimensions realized using internal atomic states provide a powerful route to engineering interacting quantum dynamics beyond real-space motion. We present theory describing ongoing experiments with tweezer arrays of interacting Rydberg atoms, in which Rydberg levels form a synthetic dimension. Starting from an initial state with each atom in the central synthetic level, we investigate few- and many-particle dynamics. At weak interactions, the system undergoes a modified quantum walk, whereas strong interactions suppress transport and lead to dynamically frozen configurations with the structure of strings or membranes. In the intermediate regime, richer dynamics emerges, lying in a 
F06/7	related_excluded	相关但未写入：Yb Rydberg dipolar array；物种和 ion-core transition 工程不可直接视为 Rb87。	Rydberg;tweezer;neutral_atom_array;quantum_sim;Yb;ion_or_solid	Quantum Simulation with Neutral Atom Array	A Dipolar Rydberg Atom Array for Many-Body Quantum Simulation	https://meetings-archive.aps.org/damop/2026/f06/7/		Neutral atoms interacting via Rydberg states in optical tweezer arrays have emerged as a powerful platform for many-body quantum simulation due to their programmability and scalability. By encoding effective spins in two Rydberg states of opposite parity, long-range dipolar interactions can be engineered, enabling the realization of dipolar quantum magnets. A central challenge in preparing and probing the physics of these magnets is their strong sensitivity to positional disorder in frustrated geometries, which is further exacerbated by the anti-trapping nature of Rydberg electrons in optical tweezers. In addition, scalable local control for adiabatic state preparation and for measurement of
F06/8	included_in_topic_abstract	已写入 abstract.qmd。	Rydberg;Rb87;tweezer;neutral_atom_array;quantum_sim;cryo;metrology;molecule	Quantum Simulation with Neutral Atom Array	Rydberg atom arrays in a cryogenic environment	https://meetings-archive.aps.org/damop/2026/f06/8/	"Zhang, Zhenpu, Ting-Wei Hsu, Ting You Tan, Daniel H. Slichter, Adam M. Kaufman, Matteo Marinelli, and Cindy A. Regal. ""High optical access cryogenic system for Rydberg atom arrays with a 3000-second trap lifetime."" PRX Quantum 6, no. 2 (2025): 020337."	We present an optical tweezer array of 87Rb atoms housed in a cryogenic environment that successfully combines a 4 K cryopumping surface, a &lt;50 K cold box surrounding the atoms, and a room-temperature high-numerical-aperture objective lens. We have measured a 3000 s atom trap lifetime, sufficiently long to measure and optimize losses due to imaging and cooling at the 10^-4 level. Minimizing these losses is important for achieving large defect-free arrays through rearrangement. We have implemented two-photon coherent control of Rydberg states, with the local electric field tuned to zero through integrated electrodes on an ordered 2D array. We will report our progress towards measuring supp
F06/9	included_in_topic_abstract	已写入 abstract.qmd。	Rydberg;Rb;neutral_atom_array;gate_QEC;quantum_sim;Cs;vapor_or_MOT	Quantum Simulation with Neutral Atom Array	Quantum Cellular Automata on a Rydberg Atom-Array	https://meetings-archive.aps.org/damop/2026/f06/9/		Neutral atom arrays have recently scaled up to 1000s of physical qubits, but still face the challenge of large-scale individual qubit control to successfully implement the circuit model of quantum computing. An alternative paradigm, quantum cellular automata (QCAs) offer near-term opportunities to explore digital quantum simulation. QCAs are a class of systems that require only global control operations applied on a suitable initial state with local update constraints. In this talk, I will describe our recent work on implementing multiple QCAs on a one-dimensional chain of interleaved rubidium (Rb) and cesium (Cs) atoms. The first automaton we explore is based on a Floquet-PXP model. Under t
F06/10	related_excluded	光镊/中性原子阵列相关，但摘要没有 Rb87 或 Rydberg 核心实验。	neutral_atom_array;gate_QEC;quantum_sim	Quantum Simulation with Neutral Atom Array	Context Aware, Resource Conditioned and Mid-Circuit Benchmarking of Neutral Atom Quantum Processors	https://meetings-archive.aps.org/damop/2026/f06/10/		Neutralatom quantum processors offer exceptional scalability and flexible connectivity, but their computational performance is fundamentally shaped by constrained control, readout, and feedback resources. In these systems, gate performance depends sensitively on spatial geometry, motional dynamics, laser noise, and circuit history. A simple but generic example is an atom that moves between distinct gate regions, such that successive applications of the same logical gate to the same qubit occur at different spatial locations and therefore implement physically different operations. This challenges conventional benchmarking approaches that assume fixed, contextindependent calibrated gates, whil
F07/1	related_excluded	Rydberg/Rb 相关但平台是 vapor/MOT/molasses/EIT/cold ensemble，不是 optical tweezer array。	Rydberg;metrology;vapor_or_MOT;optical_lattice_or_gas	Advances in Rydberg Atom Metrology	Microwave nonlinearity and sensing with Rydberg atoms	https://meetings-archive.aps.org/damop/2026/f07/1/		Rydberg electromagnetically induced transparency (EIT) has emerged as a powerful platform for quantum microwave field sensing, offering broadband operation and intrinsic SI-traceability. In most microwave sensing protocols, the system response is assumed to remain in a linear regime with respect to the applied microwave field. However, as the microwave Rabi frequency increases, nonlinear effects become increasingly significant and can fundamentally alter the spectral response.In this talk, I will present our experimental investigation of nonlinearity in a cold-atom Rydberg EIT system. We employ microwave coupling between Rydberg states and extract field amplitudes through multi-parameter spe
F07/2	related_excluded	Rydberg/Rb 相关但平台是 vapor/MOT/molasses/EIT/cold ensemble，不是 optical tweezer array。	Rydberg;Rb;gate_QEC;metrology;vapor_or_MOT	Advances in Rydberg Atom Metrology	Electric field measurement in a continuous RF plasma using Rydberg-EIT	https://meetings-archive.aps.org/damop/2026/f07/2/	[1] arXiv:2512.16867	Non-perturbative measurement of plasma electric fields is essential for modeling sheath dynamics and impurity transport, yet conventional optical diagnostics generally lack the sensitivity required to probe low-pressure (sub-Torr) discharges. We leverage Rydberg Stark shifts for in situ electric-field sensing with ~V/cm sensitivity in an inductively coupled (ICP) rf plasma generated in a few mTorr of Argon. Rubidium tracer vapor seeded into the plasma and interrogated via Electromagnetically Induced Transparency (EIT) enables field measurement within the plasma bulk. In the absence of plasma, the EIT spectra exhibit signatures of both rf electric and magnetic fields caused by RF Zeeman and R
F07/3	related_excluded	Rydberg/Rb 相关但平台是 vapor/MOT/molasses/EIT/cold ensemble，不是 optical tweezer array。	Rydberg;metrology;Cs;vapor_or_MOT	Advances in Rydberg Atom Metrology	Phase-resolved atomic imaging of millimeter-wave fields	https://meetings-archive.aps.org/damop/2026/f07/3/	[1] D. A. Anderson, R.E. Sapiro, L.F. Gonçalves, R. Cardman, and G. Raithel, Phys. Rev. Applied 17, 044020 (2022).	All-optical, phase-sensitive measurements of radio-frequency (RF) electric fields in Rydberg atom vapors are realized by introducing coherent phase references via optical modulation, forming interferometric loops within the internal Hilbert space of atoms [1]. In this talk, we present recent work extending this method to millimeter-wave detection using constructed interferometric loops in the cesium state space {6P_{3/2}, 41S_{1/2}, 42S_{1/2}, 41P_{3/2}}, and apply it to position-resolved amplitude and phase imaging of over-the-air 60 GHz fields. A key enabling technology for access to millimeter-wave transitions is a phase-stable optical phase-locked loop (OPLL) operating at laser frequency
F07/4	related_excluded	Rydberg/Rb 相关但平台是 vapor/MOT/molasses/EIT/cold ensemble，不是 optical tweezer array。	Rydberg;gate_QEC;metrology;vapor_or_MOT	Advances in Rydberg Atom Metrology	Simultaneous Reception, Demodulation, and Angle-of-Arrival Determination of Standard Communication Signals Using a Rydberg Atom-Based Sensor	https://meetings-archive.aps.org/damop/2026/f07/4/	"S. B. Oliver, S. Berweger, E. E. Mikhailov, D. Manchaiah, N. Prajapati, C. L. Holloway, and M. T. Simons, ""Simultaneous Detection, Demodulation, and Angle-of-Arrival Determination of Communication Signals Using a Dual Ladder Rydberg Receiver,"" To be submitted"	Given their large dipole moments, high polarizability, and long excited state lifetimes, Rydberg atoms serve as excellent radio-frequency (RF) electric field sensors. In this talk, I will discuss the design and demonstration of a Rydberg atom-based receiver which we call a dual ladder Rydberg receiver. To construct the dual ladder receiver, we use two spatially overlapped but otherwise independent Rydberg receivers. We achieve this by accessing different Doppler classes through the use of frequency detuned laser beams, setting the local oscillator (LO) fields of each receiver 90 degrees out of phase with one another, and matching the polarization of the LO fields with the optical polarizatio
F07/5	related_excluded	涉及分子、分子显微镜、polar molecule 或 RbCs/KRb/NaCs 混合系统；不是 Rb87 Rydberg atom tweezer array。	Rydberg;quantum_sim;metrology;molecule;vapor_or_MOT;optical_lattice_or_gas	Advances in Rydberg Atom Metrology	All-optical multiband quantum Rydberg radiometer	https://meetings-archive.aps.org/damop/2026/f07/5/	All-optical multiband quantum Rydberg radiometer (TBA)	Radiometry at microwave (GHz) and mm-wave (THz) frequencies is a fundamental technique for measuring the power of incoherent thermal radiation, serving as a critical tool for meteorology, oceanography, and Earth observation to retrieve crucial parameters for climate models and forecasts. Furthermore, at THz frequencies, these measurements allow for the detection of faint thermal signatures from molecular transitions, which is essential for tracking ozone depletion and studying line emission from diverse objects such as molecular clouds, galaxies and comets.Here, we introduce a novel all-optical radiometer based on coherent photon-to-photon upconversion mediated by Rydberg atoms in a hot vapo
F07/6	related_excluded	Rydberg/Rb 相关但平台是 vapor/MOT/molasses/EIT/cold ensemble，不是 optical tweezer array。	Rydberg;metrology;vapor_or_MOT;optical_lattice_or_gas	Advances in Rydberg Atom Metrology	Measuring plasma fields in Rydberg based MW sensor	https://meetings-archive.aps.org/damop/2026/f07/6/		In this work, we report measurements of plasma-generated electric fields using an electromagnetically induced transparency (EIT) scheme in a four-level atomic ladder system. The scheme employs the electric-dipole-forbidden 41D5/2 → 39G9/2 microwave transition, which becomes allowed in the presence of a DC electric field. The atomic states are coupled as follows: a 780 nm probe beam connects the ground state 5S1/2 to the intermediate state 5P3/2; a 480 nm coupling beam connects 5P3/2 to the Rydberg state 41D5/2; and a microwave field at around 71.212 GHz couples 41D5/2 to 39G9/2. The forbidden nature of this microwave transition is overcome by the plasma electric field, which mixes opposite-p
F07/7	related_excluded	相关但未写入：cold 87Rb Rydberg metrology，并提到未来 optical tweezers；当前 oral 的实际实验是 MOT trap-loss spectroscopy，不是光镊阵列。	Rydberg;Rb;tweezer;metrology;vapor_or_MOT	Advances in Rydberg Atom Metrology	Metrology of electromagnetic fields with cold Rydberg Atoms	https://meetings-archive.aps.org/damop/2026/f07/7/	Duverger, R., Bonnin, A., Granier, R., Marolleau, Q., Blanchard, C., Zahzam, N., ... & Schwartz, S. (2024). Metrology of microwave fields based on trap-loss spectroscopy with cold Rydberg atoms. Physical Review Applied, 22(4), 044039..	Rydberg atoms have large dipole moments, making them good candidates for sensitive measurements of electromagnetic fields [1]. Compared to classical antennae, their size is independent of the wavelength to be measured, and they are broadly tunable, from MHz to THz typically. While most of intense research effort worldwide have focused on room-temperature vapors so far, using cold atoms (nowadays compatible with field applications [3]) has the advantage of strongly reducing the frequency broadening associated with Doppler effect, while increasing the interaction time between the atoms and the probing beams. We have recently developed at ONERA a novel approach to sense electromagnetic fields w
F07/8	related_excluded	Rydberg/Rb 相关但平台是 vapor/MOT/molasses/EIT/cold ensemble，不是 optical tweezer array。	Rydberg;metrology;Cs;vapor_or_MOT	Advances in Rydberg Atom Metrology	All-Optical RF Phase Detection in Rydberg Atom-Based Sensors using Closed-Loop Dynamics	https://meetings-archive.aps.org/damop/2026/f07/8/		Rydberg atom-based radio frequency (RF) sensors offer multiple advantages over traditional RF receivers, including self-calibration and electromagnetic transparency, but to date have focused on amplitude sensing as a square law detector. Detection of phase is an important receiver feature especially for communications applications, but requires an external heterodyning field or an atomic closed-loop interferometer. Here we demonstrate all-optical RF phase detection using a closed-loop excitation scheme in a room temperature cesium vapour cell that avoids the disadvantages of heterodyning. We show that the probe laser’s transmission oscillates at a frequency determined by the detuning of the 
F07/9	included_in_topic_abstract	已写入 abstract.qmd。	Rydberg;neutral_atom_array;gate_QEC;metrology	Advances in Rydberg Atom Metrology	Quantum metrology with time-reversed interactions in Rydberg atom array	https://meetings-archive.aps.org/damop/2026/f07/9/		The precision of measurements using uncorrelated particles is limited by the standard quantum limit. Quantum-enhanced metrology can overcome this bound by exploiting entanglement, for example through spin-squeezed states that reduce quantum projection noise. Here we demonstrate enhanced spin-squeezing–based metrology using a time-reversed interaction protocol implemented in a Rydberg atom array with N=54 atoms. Collective spin states undergo nonlinear evolution governed by a dipolar XY model, are subjected to a weak perturbation, and then experience a reversed evolution that amplifies the metrological signal. We show that the detection sensitivity can be optimized by tuning the measurement a
F07/10	related_excluded	Rydberg/Rb 相关但平台是 vapor/MOT/molasses/EIT/cold ensemble，不是 optical tweezer array。	Rydberg;gate_QEC;quantum_sim;metrology;Cs;vapor_or_MOT	Advances in Rydberg Atom Metrology	Radio Frequency Driven Nonlinear Dynamical Rydberg Dissipative Time Crystal	https://meetings-archive.aps.org/damop/2026/f07/10/		Strongly driven interacting Rydberg atomic media provides a powerful platform for exploring nonlinear and nonequilibrium dynamics under continuous driving and dissipation. In this work, we investigate the various regimes ranging from stable steady state response to emergence of bistability and self sustained oscillations in a Rydberg driven system in Cesium atomic vapor. We demonstrate that intrinsic dynamics evolve into a rich nonlinear response under radio-frequency (RF) heterodyne excitation. In the absence of RF driving, the system exhibits bistable optical transmission accompanied by a robust intrinsic oscillation, consistent with a dissipative time-crystal phase arising from the interp
F08/1	unrelated_excluded	主题不涉及 Rb/Rydberg/光镊/中性原子阵列或相关量子计算模拟工程。	molecule;optical_lattice_or_gas	Honoring the Legacy of William C. Stwalley: Cold Atoms, Molecules, and Quantum Control	From photoassociation to BEC of ultracold polar molecules: a personal perspective in memory of Dr. Stwalley	https://meetings-archive.aps.org/damop/2026/f08/1/		Dr. Stwalley was one of the pioneers in ultracold polar molecules, and I was fortunate to be introduced to this field as his PhD student more than 20 years ago. In this talk, I will briefly review some of my PhD work on spectroscopy and cold molecule creation via photoassociation, and highlight Dr. Stwalley insights into several important directions in the field. I will then present our recent results on creating a BEC of polar molecules using microwave shielding, and discuss what these advances may enable next.
F08/2	related_excluded	涉及分子、分子显微镜、polar molecule 或 RbCs/KRb/NaCs 混合系统；不是 Rb87 Rydberg atom tweezer array。	quantum_sim;Cs;molecule;vapor_or_MOT;optical_lattice_or_gas	Honoring the Legacy of William C. Stwalley: Cold Atoms, Molecules, and Quantum Control	Bose-Einstein Condensation of Dipolar Molecules	https://meetings-archive.aps.org/damop/2026/f08/2/	[1] Bigagli, Yuan, Zhang, et al., Observation of Bose-Einstein condensation of dipolar molecules, Nature 631, 289-293 (2024) [2] Yuan, Zhang, et al., Extreme loss suppression and wide tunability of dipolar interactions in an ultracold molecular gas, arXiv:2505.08773 (2025) [3] Zhang, Yuan, et al., Observation of self-bound droplets of ultracold dipolar molecules, arXiv:2507.15208 (2025)	Half a century ago, Bill Stwalley described the vision of realizing atomic Bose-Einstein condensates and why this would be an exciting scientific goal. A quarter century ago, he formulated the concept of creating dipolar molecules from ultracold gases of atoms. These visions have independently become a reality and opened two major directions in AMO physics. They have now come together in the form of Bose-Einstein condensates of dipolar molecules.Recently, we have created the first Bose-Einstein condensate of dipolar molecules [1]. We evaporatively cool a gas of sodium-cesium molecules to below 10 nanokelvin, deep in the quantum degenerate regime. The condensates live for several seconds. Thi
F08/3	unrelated_excluded	主题不涉及 Rb/Rydberg/光镊/中性原子阵列或相关量子计算模拟工程。	molecule	Honoring the Legacy of William C. Stwalley: Cold Atoms, Molecules, and Quantum Control	Molecular Angular Momentum Alignment and Orientation Using Dressed States	https://meetings-archive.aps.org/damop/2026/f08/3/		In general, molecules are not spherically symmetric objects and as a result most of their interactions with other molecules, atoms, or electromagnetic fields are dependent on their spatial alignment and orientation. The ability to manipulate the rotational angular momentum of molecules makes it possible to obtain molecular frame information as well as allows control of physical and chemical processes whose rates are dependent on the orientation of the molecular axis. We have experimentally demonstrated state selective molecular angular momentum alignment and orientation using dressed states created by a cw optical field. The experiment was carried out with Li2 molecules and combinations of l
F08/4	related_excluded	涉及分子、分子显微镜、polar molecule 或 RbCs/KRb/NaCs 混合系统；不是 Rb87 Rydberg atom tweezer array。	Rb87;Rb;molecule;ion_or_solid	Honoring the Legacy of William C. Stwalley: Cold Atoms, Molecules, and Quantum Control	High-resolution laser spectroscopy of the (2) 3∏g state of Rb2	https://meetings-archive.aps.org/damop/2026/f08/4/	1] S. Haze et al., Controlling few-body reaction pathways using a Feshbach resonance, Nat. Phys. 21, 228 (2025) [2] Ye Huang, Production, detection and trapping of ultracold molecular rubidium, PhD thesis, University of Connecticut (2006) [3] Marco Ascoli, Spectroscopy of states with ion-pair character near Rb(5s)+Rb(4d), PhD thesis, University of Connecticut (2015)	High-resolution molecular spectroscopy is a key technology to enable advanced research, e.g., with cold molecules and cold chemistry. As an example, in our recent experiments on state-to-state chemistry we use resonance-enhanced multiphoton ionization (REMPI) to state-selectively detect molecules which have been produced in a cold chemical reaction, see e.g. [1]. In order to achieve high selectivity and efficiency for the REMPI path the resonant intermediate molecular states have to be precisely known and wisely chosen. About two decades ago, the group around William Stwalley at the University of Connecticut set out to explore such REMPI paths for Rb2 via the state (2) 3∏g which correlates t
F08/5	related_excluded	涉及分子、分子显微镜、polar molecule 或 RbCs/KRb/NaCs 混合系统；不是 Rb87 Rydberg atom tweezer array。	quantum_sim;molecule;vapor_or_MOT	Honoring the Legacy of William C. Stwalley: Cold Atoms, Molecules, and Quantum Control	Evaporative cooling of polar molecules to Fermi degeneracy in 3D and 2D confinement	https://meetings-archive.aps.org/damop/2026/f08/5/		Production of low-entropy samples of ultracold dipolar molecules would enable observations of novel phases and dynamics predicted by spin-motion models [1, 2], such as the generalized t-J model [3]. Here, we report evaporative cooling of ultracold KRb molecules confined in either 3D or 2D trap geometries into deep Fermi degeneracy. Efficient evaporation is initiated by providing a favorable ratio of elastic to inelastic dipolar collisions, enabled by resonant electric field shielding for 3D samples [4, 5] or by purely repulsive dipolar interactions for quasi-2D samples [6] predominantly residing in a single layer. We observed that the evaporation efficiency into deep degeneracy is limited by
F08/6	related_excluded	涉及分子、分子显微镜、polar molecule 或 RbCs/KRb/NaCs 混合系统；不是 Rb87 Rydberg atom tweezer array。	tweezer;gate_QEC;molecule	Honoring the Legacy of William C. Stwalley: Cold Atoms, Molecules, and Quantum Control	Observation of van der Waals shielding between ultracold polar molecules in optical tweezers	https://meetings-archive.aps.org/damop/2026/f08/6/		Ultracold collisions between molecules often lead to rapid loss. Often, the two-body loss rates are observed to be near universal loss rates that are independent of scattering lengths and arise from short-range loss. Previously, two-body loss rates well below the universal limit have been demonstrated through repulsive barriers engineered using strong DC or microwave electric fields. Recently, it has been theoretically predicted that collisions between certain rotational and hyperfine states are shielded due to repulsive van der Waals interactions. Here, we report the first observation of such sub-universal loss rates for CaF molecules trapped in optical tweezers. Notably, we observe suppres
F08/7	unrelated_excluded	主题不涉及 Rb/Rydberg/光镊/中性原子阵列或相关量子计算模拟工程。	molecule	Honoring the Legacy of William C. Stwalley: Cold Atoms, Molecules, and Quantum Control	Coherent Formation of Ground-State Lithium Dimers via Magnetoassociation and STIRAP	https://meetings-archive.aps.org/damop/2026/f08/7/	"J. Zhang, P. S. Julienne, and Y. Liu, ""​​​​​​​Characterization of Fesbach resonances in ${ }^6 \mathrm{Li}-{ }^7 \mathrm{Li}$ using improved interaction potentials"", in preparation(2026)"	We present a coherent assembly scheme for producing ground-state lithium dimers across all stable isotopologues: ^{6}Li_2, ^{7}Li_2, and ^{6}Li^{7}Li. First, we construct optimized adiabatic potentials by refitting threshold data based on spectroscopically accurate Morse/Long-Range (MLR) potentials with correction terms. Using these refined potentials, we characterize the properties of Feshbach resonances in ^{6}Li^{7}Li and identify resonances suitable for molecule formation. Second, we design feasible optical transfer routes to the rovibrational ground state via magnetoassociation followed by a two-step STIRAP sequence, with magnetoassociation pathways tailored to the Feshbach molecule pro
F11/1	unrelated_excluded	平台是离子、固态或其他非中性原子光镊平台。	gate_QEC;quantum_sim;optical_lattice_or_gas;ion_or_solid	Long-Ranged Interactions in Degenerate Gases	Long Range Interacting Models and Progress Towards Cooperative Photon Capture, Storage, and Release in a Subwavelength Erbium Quantum Gas Microscope	https://meetings-archive.aps.org/damop/2026/f11/1/		Quantum gas microscopes enable direct, real-space studies of strongly correlated matter at the level of individual atoms. When combined with intrinsically long-range interactions, they provide a powerful platform for exploring collective phenomena with no analog in short-range systems. In this talk, I will present our work with a quantum gas microscope based on erbium atoms confined in an optical lattice.I will highlight a series of landmark results realized with this apparatus, each based on a different long-range interaction. Specifically, the observation of dipolar quantum solids, spin squeezing in the fermionic t–J model, and cooperative effects such as superradiance and subradiance at t
F11/2	unrelated_excluded	主题不涉及 Rb/Rydberg/光镊/中性原子阵列或相关量子计算模拟工程。	optical_lattice_or_gas;ion_or_solid	Long-Ranged Interactions in Degenerate Gases	Exploring the supersolid phase of matter with dipolar quantum gases	https://meetings-archive.aps.org/damop/2026/f11/2/		Supersolids are a fundamental quantum phase of matter combining properties of crystals and superfluids. A supersolid phase was recently discovered in Bose-Einstein condensates of strongly dipolar atoms. I will discuss the exceptional properties of dipolar supersolids, spanning from double symmetry breaking to mixed superfluid and classical dynamics. I will in particular show how a supersolid can behave as a self-induced Josephson junction array, and how it is possible to deduce from the Josephson dynamics the superfluid fraction, which is the universal property quantifying the deviation of supersolids from both crystals and superfluids. I will discuss recent progresses towards the realizatio
F11/3	unrelated_excluded	主题不涉及 Rb/Rydberg/光镊/中性原子阵列或相关量子计算模拟工程。	optical_lattice_or_gas	Long-Ranged Interactions in Degenerate Gases	Probing coherences and itinerant magnetism in a dipolar lattice gas made of magnetic chromium atoms	https://meetings-archive.aps.org/damop/2026/f11/3/	https://doi.org/10.48550/arXiv.2501.11402	I will report on the study of itinerant magnetism of lattice-trapped chromium atoms, driven by magnetic dipole-dipole interactions, in the low-entropy and close-to-unit filling regime. We have used advanced dynamical decoupling techniques to efficiently suppress the sensitivity of the system to magnetic field fluctuations. Thanks to this effort, we have extended the spin coherence time by roughly three orders of magnitude.We have thus measured the spin coherence of an itinerant spin 3 Bose dipolar gas throughout a quantum phase transition from a superfluid phase to a Mott insulating phase. In the superfluid phase, a metastable ferromagnetic behavior is observed below a dynamical instability 
F11/4	related_excluded	涉及分子、分子显微镜、polar molecule 或 RbCs/KRb/NaCs 混合系统；不是 Rb87 Rydberg atom tweezer array。	gate_QEC;molecule;optical_lattice_or_gas	Long-Ranged Interactions in Degenerate Gases	Observation of phase doubling and entanglement generation in coherent matter-wave reactions	https://meetings-archive.aps.org/damop/2026/f11/4/	https://arxiv.org/abs/2505.20581	Chemical reactions in a statistical ensemble are conventionally regarded as incoherent processes driven by thermodynamics. In the classical regime, reactions are expected to proceed faster at high temperatures and slow to a halt in the zero temperature limit according to Arrhenius kinetics. In the quantum degenerate regime, where bosonic atoms and molecules form coherent matter waves, reactions are instead described by nonlinear mixing of matter-wave fields, leading to Bose-enhanced reactions and coherent amplification. This leads to the following question: how does matter-wave coherence evolve during a reaction and how can it affect reaction dynamics? In the quantum regime, the matter-wave 
G01/1	unrelated_excluded	主题不涉及 Rb/Rydberg/光镊/中性原子阵列或相关量子计算模拟工程。		Industry Careers in AMO Physics Panel Discussion	Joan Dreiling	https://meetings-archive.aps.org/damop/2026/g01/1/		Physics training can lead to a variety of career paths at the bachelor's, master's, and PhD level across industry, academia, and national labs/government. The skills and experience that should be emphasized for employment in the private are usually different from academia. In this session, physicists and employers from outside academia will share their insights on how one can prepare for a career in industry or national lab.
G01/2	unrelated_excluded	主题不涉及 Rb/Rydberg/光镊/中性原子阵列或相关量子计算模拟工程。		Industry Careers in AMO Physics Panel Discussion	Eduardo Oteiza	https://meetings-archive.aps.org/damop/2026/g01/2/		Physics training can lead to a variety of career paths at the bachelor's, master's, and PhD level across industry, academia, and national labs/government. The skills and experience that should be emphasized for employment in the private are usually different from academia. In this session, physicists and employers from outside academia will share their insights on how one can prepare for a career in industry or national lab.
G01/3	unrelated_excluded	主题不涉及 Rb/Rydberg/光镊/中性原子阵列或相关量子计算模拟工程。		Industry Careers in AMO Physics Panel Discussion	Emily Grace	https://meetings-archive.aps.org/damop/2026/g01/3/		Physics training can lead to a variety of career paths at the bachelor's, master's, and PhD level across industry, academia, and national labs/government. The skills and experience that should be emphasized for employment in the private are usually different from academia. In this session, physicists and employers from outside academia will share their insights on how one can prepare for a career in industry or national lab.
G01/4	unrelated_excluded	主题不涉及 Rb/Rydberg/光镊/中性原子阵列或相关量子计算模拟工程。		Industry Careers in AMO Physics Panel Discussion	Brian Patton	https://meetings-archive.aps.org/damop/2026/g01/4/		Physics training can lead to a variety of career paths at the bachelor's, master's, and PhD level across industry, academia, and national labs/government. The skills and experience that should be emphasized for employment in the private are usually different from academia. In this session, physicists and employers from outside academia will share their insights on how one can prepare for a career in industry or national lab.
G08/1	unrelated_excluded	平台是离子、固态或其他非中性原子光镊平台。	Rydberg;neutral_atom_array;quantum_sim;vapor_or_MOT;ion_or_solid	Quantum Simulation of Dynamics in Lattice Gauge Theories	Repulsively bound hadrons in a Z2 lattice gauge theory	https://meetings-archive.aps.org/damop/2026/g08/1/	1. Meson dynamics from locally exciting a particle-conserving Z2 lattice gauge theory; Quantum 9, 1872 (2025) 2. Repulsively Bound Hadrons in a ℤ2 Lattice Gauge Theory; arXiv:2510.23618	The Z2 lattice gauge theory is a paradigmatic model that exhibits gauge-field-mediated confinement of pairs of particles into mesons, drawing connections to quantum chromodynamics. In the absence of any additional attractive interactions between particles, mesons are not known to bind in this model. In this talk, I will show that resonant pair-production terms give rise to two separate mechanisms to form stable “hadron” bound states of two mesons: either induced by an effective attractive interaction, or a new dynamical binding mechanism induced by an effective repulsion. The repulsively bound hadron is a high-energy state stabilized by being energetically separated from the two-meson contin
G08/2	unrelated_excluded	读完摘要后未发现可归入 Rb87 Rydberg 光镊平台近期实验/工程问题的内容。	gate_QEC;quantum_sim	Quantum Simulation of Dynamics in Lattice Gauge Theories	Rico, Enrique - Quantum simulation of dynamics in lattice gauge theories Probing Confinement with Superconducting Circuits: From Z₂ String Dynamics to Continuous U(1) Electrodynamics	https://meetings-archive.aps.org/damop/2026/g08/2/	arXiv:2507.08088 [quant-ph] and arXiv:2601.23150 [quant-ph]	Rico, Enrique - Quantum simulation of dynamics in lattice gauge theoriesUnderstanding confinement and gauge-field dynamics beyond the reach of classical computation is one of the driving motivations for quantum simulation. I will present two complementary advances using superconducting circuits as a platform for lattice gauge theories (LGTs).First, I will report on a digital quantum simulation of the Z2-Higgs model in (2+1) dimensions on a superconducting processor with up to 144 qubits and circuit depths reaching 192 two-qubit layers. Matter and gauge fields are mapped directly onto vertex and link qubits of a heavy-hex architecture. Combining error suppression, mitigation, and correction s
G08/3	unrelated_excluded	平台是离子、固态或其他非中性原子光镊平台。	gate_QEC;quantum_sim;ion_or_solid	Quantum Simulation of Dynamics in Lattice Gauge Theories	Experimental Quantum Simulation of the Yukawa Model on a Hybrid Spin-Phonon Quantum Computer	https://meetings-archive.aps.org/damop/2026/g08/3/	https://arxiv.org/abs/2509.11477	The Yukawa model is a scalar field theory which captures fundamental elements of the strong force by modeling the interaction between nucleons and pions. While the fermionic nucleons can be efficiently encoded into qubits, simulating the bosonic pions on a traditional quantum computer necessitates truncation of the bosonic field, leading to truncation errors mitigated only at considerable cost in qubit number and/or gate depth. In this work we demonstrate an alternative way to encode the model's bosonic field into a controlled degree of freedom which is natively bosonic, the joint harmonic motion of trapped ions. Using a hybrid spin-phonon quantum computer consisting of just three ions, we q
G05/1	unrelated_excluded	读完摘要后未发现可归入 Rb87 Rydberg 光镊平台近期实验/工程问题的内容。	gate_QEC;quantum_sim	Quantum and Topological Light Applications	Quantum entanglement in HHG and topological light probes for chirality in strong-field physics	https://meetings-archive.aps.org/damop/2026/g05/1/	"O. Neufeld, ""Symmetries and selection rules in photoelectron chiral dichroism"", PNAS 122, e2504816122 (2025), https://doi.org/10.1073/pnas.2504816122. G. Bouskila, A. Fleischer, O. Neufeld, ""Photoelectron chiral dichroism induced by lasers without helicity via chiral hole wave-packets"", https://arxiv.org/abs/2512.12412. S. De-la-Pena, H. Appel, A. Rubio, O. Neufeld, ""Fully quantum theory of strong-field driven tunable entangled multi-photon states in HHG"", https://arxiv.org/abs/2512.03987."	I will discuss our advancements along two main research directions. First, I will present a truly quantum optical theory of high-harmonic generation (HHG); this is the first approach that utilizes purely quantum simulations for both light and matter. In particular, we avoid using averaging procedures over 'semi-classical trajectories' for sampling quantum distribution functions of the electromagnetic field; rather, we solve the full time-dependent problem in a multi-dimensional manner on a real-space grid representation. This permits formulating entanglement measures by directly evaluating the photonic wave-functions. We show the first agreement with recent experiments, and predict various i
G05/2	unrelated_excluded	主题不涉及 Rb/Rydberg/光镊/中性原子阵列或相关量子计算模拟工程。		Quantum and Topological Light Applications	David Ayuso - Quantum and Topological Light Applications	https://meetings-archive.aps.org/damop/2026/g05/2/		David Ayuso - Quantum and Topological Light Applications
G05/3	unrelated_excluded	读完摘要后未发现可归入 Rb87 Rydberg 光镊平台近期实验/工程问题的内容。	gate_QEC;quantum_sim	Quantum and Topological Light Applications	Few-Cycle High-Harmonic Generation of Attosecond Vortex Pulses	https://meetings-archive.aps.org/damop/2026/g05/3/		We theoretically investigate high-harmonic generation (HHG) and the subsequent formation of attosecond pulses in gas-phase systems driven by few-cycle infrared (IR) optical vortex beams (OVBs) carrying orbital angular momentum (OAM). While low-intensity, linearly polarized OVB drivers generate harmonics whose OAM scales linearly with the harmonic order, we show that this simple scaling breaks down for intense few-cycle drivers. In this nonperturbative regime, higher-order strong-field processes lead to a more complex OAM composition of the harmonics, which in turn imprints a rich spatiotemporal structure on the emitted attosecond pulses. Using numerical simulations and a theoretical model, w
G05/4	unrelated_excluded	主题不涉及 Rb/Rydberg/光镊/中性原子阵列或相关量子计算模拟工程。		Quantum and Topological Light Applications	Two-Color Strong-Field Ionization with Non-Classical Light	https://meetings-archive.aps.org/damop/2026/g05/4/		Strong-field ionization in intense laser fields is commonly described within a tunneling framework based on classical driving fields, where key concepts such as Volkov states, the ponderomotive energy, and the Keldysh parameter rely on a well-defined classical field amplitude and phase. Extending strong-field tunneling ionization to non-classical driving fields raises fundamental questions about how these quantities and the tunneling picture itself are modified when the driving field can no longer be approximated by a coherent state of light.We generate bright squeezed vacuum (BSV) pulses at 800 nm via parametric down-conversion as a non-classical source for strong-field experiments. We meas
G05/5	related_excluded	涉及分子、分子显微镜、polar molecule 或 RbCs/KRb/NaCs 混合系统；不是 Rb87 Rydberg atom tweezer array。	gate_QEC;cavity;molecule	Quantum and Topological Light Applications	Ultrafast Charge Migration in Molecules Placed in Strong field Cavity	https://meetings-archive.aps.org/damop/2026/g05/5/		Optical cavities can hybridize electronic structure of molecules with quantized radiation, thereby influencing their properties and behavior. Predictive modeling of the cavity-induced effects requires the development of correlated electronic-structure theory consistent with cavity QED Hamiltonians. Here, we extend the high-level Green’s function–based algebraic diagrammatic construction (ADC) scheme to describe ionic states of molecules embedded in an optical cavity. Computing cavity-modified energies of electronic states and their spectral signatures, we enable quantitative analysis of polaritonic states and cavity-induced effects on the molecule. We further investigate the effects of the c
G12/1	unrelated_excluded	读完摘要后未发现可归入 Rb87 Rydberg 光镊平台近期实验/工程问题的内容。	quantum_sim	Synthetic Gauge Fields and Spin-Orbit Coupling in Bose and Fermi Gases	​​Measuring non-Abelian topological charges in the band structure of an optical kagome lattice​	https://meetings-archive.aps.org/damop/2026/g12/1/		Band degeneracies in real Bloch Hamiltonians carry topological charges associated with rotations of the eigenstate frame. In lattices with three or more bands, such as the kagome lattice, these charges are non-Abelian so that their ability to annihilate is path-dependent. Here we present experimental measurements of frame charges using ultracold bosons in an optical kagome lattice. Our approach employs an interferometric protocol in which a single wave packet sequentially probes two band nodes along a chosen path, allowing the relative frame charges to be extracted from the measured band populations. Due to their non-Abelian nature, the relative frame charges that we measure depend on this c
G12/2	related_excluded	平台是 optical lattice、BEC、quantum gas 或 gas microscope，不是 Rb87 optical tweezer Rydberg array。	gate_QEC;quantum_sim;optical_lattice_or_gas	Synthetic Gauge Fields and Spin-Orbit Coupling in Bose and Fermi Gases	Dynamical Phase Transitions and the Kibble Zurek Mechanism in Spin-Orbit Coupled BECs	https://meetings-archive.aps.org/damop/2026/g12/2/		We investigate non-equilibrium dynamics using a spin-orbit coupled Bose-Einstein condensate with a tunable optical matching lattice in momentum space. Based on previous work with self-trapping in a double well dispersion relation, we explore the phase space in order to study second-order phase transitions relating to the Kibble Zurek Mechanism (KZM). This is realized by combining two fixed-angle Raman beams to couple the spin and linear momentum of the atoms. Momentum space dynamics are induced by an appropriate quench protocol with the Raman detuning. An added weak optical lattice is used to enhance the coupling between the spin-orbit coupled states. Spin and momentum resolved imaging provi
G12/3	related_excluded	平台是 optical lattice、BEC、quantum gas 或 gas microscope，不是 Rb87 optical tweezer Rydberg array。	Rb87;gate_QEC;quantum_sim;optical_lattice_or_gas	Synthetic Gauge Fields and Spin-Orbit Coupling in Bose and Fermi Gases	Engineering and probing the bosonic Pfaffian quantum Hall state with ultracold atoms in an optical lattice	https://meetings-archive.aps.org/damop/2026/g12/3/		Ultracold atoms with synthetic gauge fields provide a powerful platform for quantum simulation of topological matter, including fractional quantum Hall (FQH) phases [1]. Among the most sought-after examples is the Moore–Read (Pfaffian) state, long predicted to host pairing and nontrivial topological order. Here we realize a bosonic Pfaffian with a quasi-hole state of three particles in a 5-by-5 lattice sites system using ultracold 87Rb in an optical lattice subjected to an artificial magnetic field. Starting from a topologically trivial Fock state, we prepare the target FQH state through a sequence of adiabatic ramps, with the protocol design optimized via machine-learning techniques [2].Usi
G12/4	unrelated_excluded	读完摘要后未发现可归入 Rb87 Rydberg 光镊平台近期实验/工程问题的内容。	quantum_sim	Synthetic Gauge Fields and Spin-Orbit Coupling in Bose and Fermi Gases	Experimental observation of parity anomaly in a synthetic two-dimensional quantum system	https://meetings-archive.aps.org/damop/2026/g12/4/		Quantum anomalies reflect the breakdown of classical symmetries by quantum fluctuations and give rise to unconventional topological responses. A paradigmatic example is the parity anomaly of a two-dimensional Dirac fermion, where lattice regularisation prevents global parity conservation and leads to a half-quantised Hall conductance. While this effect appears at magnetically gapped surfaces of three-dimensional topological insulators, its realisation in a genuinely two-dimensional system remains challenging. Here, we experimentally observe a parity-anomalous Hall response in a synthetic two-dimensional system of ultracold dysprosium atoms tuned to the critical point of a quantum Hall topolo
G12/5	unrelated_excluded	读完摘要后未发现可归入 Rb87 Rydberg 光镊平台近期实验/工程问题的内容。	gate_QEC;quantum_sim	Synthetic Gauge Fields and Spin-Orbit Coupling in Bose and Fermi Gases	Synchronized Aharonov-Bohm Motifs via Engineered Dissipation	https://meetings-archive.aps.org/damop/2026/g12/5/	arXiv:2511.19219	The interplay between external gauge fields and lattice geometry can induce extreme localization dynamics through complete destructive interference. We show that combining this flux-induced localization with engineered dissipation leads to robust spin synchronization in rotationally symmetric spin geometries, referred to as Aharonov–Bohm motifs, with cyclic symmetries of any order. The synchronized dynamics is independent of initial conditions and features entanglement among spins within each motif. We further demonstrate that multiple motifs can fully synchronize when coupled, which is achieved by applying additional collective dissipation acting on all intra-motif spins. These results reve
G12/6	related_excluded	平台是 optical lattice、BEC、quantum gas 或 gas microscope，不是 Rb87 optical tweezer Rydberg array。	Rb87;Rb;gate_QEC;quantum_sim;optical_lattice_or_gas	Synthetic Gauge Fields and Spin-Orbit Coupling in Bose and Fermi Gases	The 1D anyon Hubbard model and beyond: towards experimental realization of a non-abelian holonomy in an optical lattice experiment	https://meetings-archive.aps.org/damop/2026/g12/6/		In this quantum gas microscopy experiment, we use quasi-periodic driving to engineer the effective exchange statistics of bosonic Rb-87 atoms in a 1-dimensional (1D) optical lattice, realizing the 1D Anyon-Hubbard Model (AHM) with a tunable statistical phase. In our previous work, we engineered the ground state of this Hamiltonian at multiple values of the statistical phase θ, measuring key characteristics of the ground state through both in situ density and expansion dynamics.With this successful demonstration of adiabatic control in the AHM, we are now equipped to use this model as the foundation for engineering non-abelian holonomy [1]. The AHM hosts a chirally protected degenerate zero e
G12/7	unrelated_excluded	读完摘要后未发现可归入 Rb87 Rydberg 光镊平台近期实验/工程问题的内容。	quantum_sim	Synthetic Gauge Fields and Spin-Orbit Coupling in Bose and Fermi Gases	Topological properties of lattice solitons in the two-dimensional Harper-Hofstadter model	https://meetings-archive.aps.org/damop/2026/g12/7/		Since the discovery of the integer quantum Hall effect, topological 2D lattice models have attracted significant interest in many-body physics. Recent experiments investigating solitons in waveguides with nonlinear Kerr media [1] have observed interaction-induced transitions between phases of integer and fractional quantized topological transport in 1D lattice models.In one-dimensional systems a quantum mechanical description of lattice solitons is typically done by exact diagonalization or tensor network approaches. These approaches are however strongly limited by system size or not suitable in higher dimensions. Mapping the interacting many-body model of quantum solitons to an effective de
G12/8	unrelated_excluded	读完摘要后未发现可归入 Rb87 Rydberg 光镊平台近期实验/工程问题的内容。	Rb87;Rb;quantum_sim	Synthetic Gauge Fields and Spin-Orbit Coupling in Bose and Fermi Gases	Topological Monopole Sources of Synthetic Gauge Fields using Spin-1 Bose Einstein Condensates	https://meetings-archive.aps.org/damop/2026/g12/8/		Topological and geometric structures in parameterized quantum systems play important roles spanning many areas of physics. We experimentally realize an artificial magnetic monopole using three states of an ultracold rubidium-87 ensemble, where the monopole charge is quantified by the first Chern number. By extending quantum simulations of U(1) monopole sources to regimes requiring spin–tensor–momentum coupling in the Hamiltonian, we access a richer topological and geometric landscape. We directly measure the Berry curvature and extract the first Chern number across distinct topological phases, observing a clear topological phase transition. Additional signatures of each phase are revealed th
G03/1	unrelated_excluded	读完摘要后未发现可归入 Rb87 Rydberg 光镊平台近期实验/工程问题的内容。	gate_QEC	Foundational Aspects of Quantum Optics	The Private Lives of Photons: asking particles where they spent the night	https://meetings-archive.aps.org/damop/2026/g03/1/		While photons famously don’t follow definite trajectories, there are questions one can ask – experimentally as well as theoretically – about where they have spent their time before being observed. This raises thorny issues about how to talk about the past of a quantum system. The interaction of a resonant laser with a cloud of two-level atoms is so well studied that one would hardly expect it to hold any more mystery, and yet it turns out to still have surprises in store when one considers the effect of post-selection.I will describe an experiment studying optical nonlinearity at the single-photon level, giving particular attention to the novel effects observed when post-selecting on the fin
G03/2	unrelated_excluded	主题不涉及 Rb/Rydberg/光镊/中性原子阵列或相关量子计算模拟工程。		Foundational Aspects of Quantum Optics	Foundational Aspects of Quantum Optics	https://meetings-archive.aps.org/damop/2026/g03/2/		Foundational Aspects of Quantum Optics
G03/3	unrelated_excluded	读完摘要后未发现可归入 Rb87 Rydberg 光镊平台近期实验/工程问题的内容。	gate_QEC;quantum_sim	Foundational Aspects of Quantum Optics	Dissipative Phase Transition in a Parametrically Amplified Quantum Rabi Model with Two-photon decay	https://meetings-archive.aps.org/damop/2026/g03/3/		We investigate dissipative phase transitions(DPTs) in a parametrically amplified open quantum Rabi model (QRM) with both single-photon and two-photon decay. In the classical oscillator limit, four composite phases emerge, arising from the possible normal or superradiant regimes across the upper and lower spin branches. A mean-field analysis reveals regimes of first- and second-order transitions and a tricritical point. Using adiabatic quantum calculations, we further show that the tricriticality stems from the intrinsic nonlinearity of QRM, unveiled by the interplay of coherent and dissipative two-photon processes. The universality classes of the DPTs are identified, with corresponding criti
G03/4	unrelated_excluded	读完摘要后未发现可归入 Rb87 Rydberg 光镊平台近期实验/工程问题的内容。	metrology	Foundational Aspects of Quantum Optics	Frequency Engineered Measurements Connecting Homodyne and Heterodyne	https://meetings-archive.aps.org/damop/2026/g03/4/	Lordi, N., Tsao, E. J., Lind, A. J., Diddams, S. A., & Combes, J. (2024). Quantum theory of temporally mismatched homodyne measurements with applications to optical-frequency-comb metrology. Phys. Rev. A, 109, 033722. doi:10.1103/PhysRevA.109.033722	Extracting information from optical and RF fields is an essential part of quantum metrology, quantum networking, and quantum computing protocols. Alongside direct detection, the two most widely used measurements are homodyne and heterodyne which both incorporate mixing with a local oscillator (LO) to retain phase information. Homodyne measures a single quadrature of the field while heterodyne measures both quadratures simultaneously. There are myriad reasons to prefer homodyne or heterodyne for specific applications in quantum optics. We present a fully quantum and measurement theoretic description of the frequency dependent mixed measurement apparatus that is used for both homodyne and hete
G03/5	related_excluded	光镊/中性原子阵列相关，但摘要没有 Rb87 或 Rydberg 核心实验。	neutral_atom_array;optical_lattice_or_gas	Foundational Aspects of Quantum Optics	Theory of photon statistics in inverted waveguide-coupled atom arrays in the thermodynamic limit	https://meetings-archive.aps.org/damop/2026/g03/5/	Manuscript is being prepared for publication	Waveguide quantum electrodynamics (WQED) offers a powerful theoretical framework for controlling light–matter interactions and realizing collective phenomena such as super- and subradiance. In general waveguide settings, the quantum dynamics spans the full Hilbert space, rendering exact theoretical treatments exponentially difficult and currently out of reach, and only a few models admit exact analytical solutions. In this work, we treat the thermodynamic limit of the number of atoms, N → ∞, while the homogeneous atom–waveguide coupling β → 0, keeping the optical depth, 4Nβ, fixed. We derive exact analytical solutions for photon statistics in chiral and symmetric waveguide setups starting fr
G03/6	unrelated_excluded	主题不涉及 Rb/Rydberg/光镊/中性原子阵列或相关量子计算模拟工程。		Foundational Aspects of Quantum Optics	Irreversibility and quantum measurement	https://meetings-archive.aps.org/damop/2026/g03/6/	A manuscript (journal still to be decided) will be submitted within a few days. A preprint with the same (or a similar) title should be available in ArXiv by the presentation date.	"It may not be necessary to invoke the classical nature of a measurement apparatus in order to justify the collapse postulate. A realistic example of a measurement is presented where system and ""apparatus"" are both treated quantum mechanically, and the collapse of the density matrix to diagonal form is justified by an assumption of irreversibility at the microscopic level (specifically, spontaneous emission), enforced by suitable boundary conditions. The result makes use of an epistemic interpretation of the quantum state, which nevertheless is compatible with the belief in the reality of definite physical properties, each in its appropriate context."
G06/1	related_excluded	相关但未写入：87Rb Rydberg polaritons in twisted optical cavity；平台是 cavity polariton/ensemble，不是 optical tweezer Rydberg atom array。	Rydberg;Rb87;Rb;quantum_sim;cavity;vapor_or_MOT	Quantum Simulation with Cavity QED	Many-body physics and disorder in a twisted optical cavity	https://meetings-archive.aps.org/damop/2026/g06/1/		Optical cavities with degenerate transverse modes provide a versatile platform for exploring complex physical phenomena. We employ a twisted four-mirror optical cavity containing two intracavity lenses to engineer an artificial gauge field for light, providing the platform for the study of topological physics. By loading cold (Rubidium 87) atoms into the waist of the cavity and utilizing an Electromagnetically Induced Transparency (EIT) scheme, we create Rydberg polaritons. These quasiparticles — hybridized light-matter excitations — inherit their properties from their respective constituents: topological characteristics from the cavity geometry and strong interactions from the Rydberg compo
G06/2	unrelated_excluded	平台是离子、固态或其他非中性原子光镊平台。	quantum_sim;cavity;optical_lattice_or_gas;ion_or_solid	Quantum Simulation with Cavity QED	Simulation of topological superconductors and their competing orders using photon-mediated interactions	https://meetings-archive.aps.org/damop/2026/g06/2/	arXiv:2512.17889	Realizing and controlling the unconventional pairing featured by topological superconductors remains a central challenge. We introduce a cavity QED quantum simulator that engineers competing chiral px+ipy and dx^2-y^2+idxy orders by tailoring cavity-mediated couplings between atomic pseudospins that emulate momentum-dependent pairing channels. The desired spatially inhomogeneous cavity-mediated couplings can be engineered in a 2D optical lattice using incommensurate cavity-lattice wavelengths naturally occurring in cavity QED systems. This minimal and fully tunable platform enables controlled state preparation and continuous measurement of superconducting order parameters, revealing phases i
G06/3	unrelated_excluded	读完摘要后未发现可归入 Rb87 Rydberg 光镊平台近期实验/工程问题的内容。	gate_QEC;quantum_sim;cavity	Quantum Simulation with Cavity QED	Interplay of collective and short-range interactions on critical phenomena	https://meetings-archive.aps.org/damop/2026/g06/3/		There has been considerable recent attention on studying the effects of strong light-matter couplings on quantum many-body systems in both AMO and condensed matter systems. The Dicke-Ising model provides a minimal setting for exploring the interplay of collective couplings and local interactions in a quantum many-body system. We investigate the implications for critical phenomena in one dimension. In particular, using a combination of analytical and numerical methods, we describe how the universality class governing the Ising model evolves to the different universality class of the Dicke model. Our work helps pave the way for future experimental and theoretical research in non-local quantum 
G06/4	related_excluded	中性原子/Rydberg/tweezer 方向相近，但物种是 Yb/Sr/Cs 等，不是 Rb87。	gate_QEC;quantum_sim;cavity;metrology;Sr	Quantum Simulation with Cavity QED	Exploring correlated hopping along a synthetic dimension in a strontium cavity QED system	https://meetings-archive.aps.org/damop/2026/g06/4/		Cavity quantum electrodynamics (cavity QED) is a promising platform for quantum science, enabling the engineering of long-range correlations between atoms, which has led to recent applications in quantum sensing, computing, and simulation. A recent theory proposal [1] discussed a possible new interaction for the cavity QED toolbox: correlated hopping of atoms within a manifold of hyperfine sublevels acting as a synthetic ladder of states. In an ensemble of 87-Sr atoms, which features a ladder of 10 sublevels in the F=9/2 ground state manifold, this proposed interaction induces atoms to coherently hop up or down several rungs of the ladder in pairs, extending previous demonstrations of pair c
G06/5	unrelated_excluded	平台是离子、固态或其他非中性原子光镊平台。	gate_QEC;quantum_sim;cavity;optical_lattice_or_gas;ion_or_solid	Quantum Simulation with Cavity QED	Integration of a low finesse optical cavity with a microfabricated surface ion trap	https://meetings-archive.aps.org/damop/2026/g06/5/		We present initial data on a new system in which a 37-mm long optical cavity is integrated coaxially with a silicon micro-fabricated surface electrode ion trap (Roadrunner, Sandia National Laboratories [1]), with the goal of scaling systems up to more ions for computation and simulation. The system makes use of broadband visible-spectrum HR-coated mirrors to create a medium-finesse optical cavity coupled to a chain of barium ions. We present data on cavity cooperativity and finesse across a range of wavelengths, as well as the characteristics of the new Roadrunner ion trap. This new system will allow us to explore several new schemes, including a fast, coherent, photonic interface between io
G06/6	related_excluded	中性原子/Rydberg/tweezer 方向相近，但物种是 Yb/Sr/Cs 等，不是 Rb87。	gate_QEC;quantum_sim;cavity;Sr	Quantum Simulation with Cavity QED	Detection and Manipulation of F=9/2 nuclear spin ground states in a Strontium Cavity QED System	https://meetings-archive.aps.org/damop/2026/g06/6/		Cavity quantum electrodynamics (cavity QED) is a powerful platform for the quantum simulation of many-body physics. In this work, we demonstrate a single-shot readout of the populations of all ten nuclear spin ground states using a high-finesse cavity and state manipulation with RF coils. This scheme enables inducing cavity-mediated interactions close to one excited hyperfine manifold while performing readout via a separate manifold, ~GHz-detuned from the first. We show that this approach is compatible with quantum nondemolition (QND) measurements, facilitating ground-state entanglement for applications in state-of-the-art optical atomic clocks and magnetometers. Finally, we present another 
G06/7	unrelated_excluded	读完摘要后未发现可归入 Rb87 Rydberg 光镊平台近期实验/工程问题的内容。	quantum_sim;cavity	Quantum Simulation with Cavity QED	Restoring Bloch's Theorem for Cavity Exciton Polaron-Polaritons	https://meetings-archive.aps.org/damop/2026/g06/7/		In recent years, cavity and polariton physics have advanced dramatically, both experimentally and theoretically. However, as theoretical studies seek to explain increasingly more complicated physical systems, the computational cost grows exponentially. In condensed matter physics, Bloch's theorem drastically simplifies the complexity of calculating periodic systems by allowing each wavevector of the total Hamiltonian to be treated independently, yet this structure breaks down upon interactions with photonic and phononic fields.We introduce a symmetry-informed representation for hybrid photon-exciton-phonon quantum electrodynamics Hamiltonians that restores Bloch's theorem. By taking advantag
G06/8	unrelated_excluded	读完摘要后未发现可归入 Rb87 Rydberg 光镊平台近期实验/工程问题的内容。	quantum_sim;cavity;cryo;metrology	Quantum Simulation with Cavity QED	An apparatus for coupling two-dimensional materials to cavity photons.	https://meetings-archive.aps.org/damop/2026/g06/8/	Bourzutschky, A.N., Lev, B.L. & Keeling, J. Raman-phonon-polariton condensation in a transversely pumped cavity. npj Quantum Mater. 9, 81 (2024)	"We develop a cryogenic, multimode confocal cavity-QED platform for CW hybrid light–matter states. Near confocality yields many near-degenerate transverse modes whose ""supermodes"" concentrate intensity at a 2D sample, boosting cooperativity while keeping wide optical access. The cavity is integrated into a cryostat; the sample is heat-sunk through a vibration-filtering link, and the lock error/feedback serves as an in-situ vibration sensor. Initial experiments probe cavity–exciton coupling in monolayer MoSe2 and WSe2 via longitudinal spectroscopy, tuning the cavity across the exciton and recording the cavity-coupled spectrum to seek vacuum Rabi splitting."
G06/9	unrelated_excluded	读完摘要后未发现可归入 Rb87 Rydberg 光镊平台近期实验/工程问题的内容。	quantum_sim;cavity	Quantum Simulation with Cavity QED	Quantizing open resonators with non-separable boundary conditions to solve the overcounting of modes problem	https://meetings-archive.aps.org/damop/2026/g06/9/		A widely used cavity–free-space interaction model represents the total field as a simple sum of cavity and free-space contributions, which can double-count electromagnetic modes in and near the cavity region. This is especially problematic when the cavity is not driven by one single mode, but by multiple modes and if strong loss to a reservoir is considered. In these cases, the bandwidth of the cavity modes and thus the overlap with the free space system increases, yielding (i) spurious double counting of the free space modes; (ii) loss of a well-defined discrete cavity sector in the bad-cavity/strong-leakage regime; (iii) invalid reservoir tracing and incorrect Lindblad structure when vacuu
G07/1	related_excluded	相关但未写入：Rb-Cs dual-species networking 的 Cs atom-photon entanglement；不是 Rb87 Rydberg 光镊实验本体。	Rydberg;Rb87;Rb;gate_QEC;Cs	Quantum Communication and Quantum Networks I	Demonstration of Single Cesium Atom-Photon Entanglement for Dual Species Quantum Networking	https://meetings-archive.aps.org/damop/2026/g07/1/		Quantum networks for modular quantum computing benefit from atom-photon interfaces with photons that can be transmitted with low loss in telecom fiber. Motivated by dual-species neutral-atom architectures that suppress optical crosstalk by separating communication and processor species while enabling interspecies Rydberg coupling [1], we are demonstrating a single-atom Cs atom-photon entanglement for Rb–Cs dual species networking. Single-atom atom–photon entanglement has been demonstrated with 87Rb, but not yet with single Cs atoms. We generate polarization-encoded photons correlated with a Cs Zeeman qubit states and measure Z- and X-basis parity fringes, from which we extract an atom–photon
G07/2	related_excluded	Rydberg/Rb 相关但平台是 vapor/MOT/molasses/EIT/cold ensemble，不是 optical tweezer array。	gate_QEC;vapor_or_MOT	Quantum Communication and Quantum Networks I	Bell inequality violation with an atom-compatible polarization-entangled NIR–telecom biphoton source from a warm atomic ensemble	https://meetings-archive.aps.org/damop/2026/g07/2/		Quantum networks are rapidly evolving toward hybrid architectures that interconnect distinct physical platforms. Here, we report a practical atom-compatible source of bright polarization-entangled biphotons (1529 nm for signal photon and 780 nm for idler photon) generated from a warm atomic ensemble via spontaneous four-wave mixing (SFWM). By systematically investigating the spectral properties of the SFWM process at 780 nm, we identify frequency shifts of the generated biphotons and efficiently suppress scattering noise from strong pump fields using etalon filters. The intrinsic selection rules inherent to the SFWM process enable direct generation of polarization-entangled photon pairs, in 
G07/3	unrelated_excluded	平台是离子、固态或其他非中性原子光镊平台。	quantum_sim;Cs;vapor_or_MOT;ion_or_solid	Quantum Communication and Quantum Networks I	Hong-Ou-Mandel Interference Between a Warm Cs Atomic Ensemble and a Quantum Dot for Hybrid Quantum Networks	https://meetings-archive.aps.org/damop/2026/g07/3/	(preprint) Kim, K.-Y., Kim, H., Park, D. H., Bea, J., Ju, G., Park, S. I., Song, J. D., Kim, J.-H., & Moon, H. S. Quantum interference between autonomous dissimilar quantum light sources for hybrid quantum networks. arXiv, 2510.05607 (2025). https://doi.org/10.48550/arXiv.2510.05607	Atomic vapor cells are promising platforms for hybrid quantum networks due to their intrinsic spectral uniformity and compatibility with atom-based quantum memories. Establishing quantum interference between heterogeneous quantum nodes is essential for quantum teleportation.In this work, we demonstrate Hong–Ou–Mandel (HOM) interference between a cesium-based heralded single photon source and a quantum-dot-based single photon emitter. Heralded single photons are generated from a warm 133Cs atomic ensemble at 917 nm via spontaneous four-wave mixing on the 6S1/2-6P3/2-6D5/2 transition. We systematically characterize and engineer the spectral properties of the atomic single photon source using a
G07/4	unrelated_excluded	平台是离子、固态或其他非中性原子光镊平台。	gate_QEC;metrology;ion_or_solid	Quantum Communication and Quantum Networks I	Creating a Remote GHZ State in a Trapped Ion Quantum Network	https://meetings-archive.aps.org/damop/2026/g07/4/		Greenberger-Horne-Zeilinger (GHZ) states are a cornerstone of quantum information processing, enabling advancements in quantum computing, communication, and metrology. In this work, we demonstrate the creation of a three-qubit maximally-entangled GHZ state between physically-separated trapped ion qubit nodes via three-photon interference. We generate the photonic qubits by exciting ^{138}Ba^+ ground-state Zeeman qubits and using the spontaneously emitted 493 nm photon's polarization degree-of-freedom. After collection, we interfere the photons through a circuit of polarizing beam-splitters and detect coincident three-photon events that herald a maximally-entangled GHZ state in the three trap
G07/5	unrelated_excluded	读完摘要后未发现可归入 Rb87 Rydberg 光镊平台近期实验/工程问题的内容。	Rb87;tweezer;cavity	Quantum Communication and Quantum Networks I	Experimental study of collective light scattering in dense cold atomic ensembles	https://meetings-archive.aps.org/damop/2026/g07/5/		We study the collective scattering of near-resonant light by a dense cloud of cold atoms.In such an ensemble, the interactions between light-induced dipoles produce nonlinearities potentially useful to deterministically generate non-classical states of light, a resources for quantum information processing. Besides, this system holds fundamental interest as an example of a many-body driven dissipative spin model.We have built a new-generation experiment, where we load up to 15000 87Rb atoms in an optical tweezer with a variable beam waist.The resulting cloud has a length up to ∼ 80λ and a sub-λ width (λ = 780.2 nm). This geometry, sharing similarities with cavity and waveguide QED systems, di
G07/6	related_excluded	相关但未写入：neutral atom array photonic microcavity interface；摘要未给出 Rb87/Rydberg 操作，且被 P03/6 方向覆盖。	tweezer;neutral_atom_array;gate_QEC;cavity	Quantum Communication and Quantum Networks I	A scalable photonic interface for neutral atom arrays using optical microcavities	https://meetings-archive.aps.org/damop/2026/g07/6/		Neutral-atom arrays are a leading platform for quantum computation. Fault-tolerance will require millions of physical qubits, motivating modular architectures that interconnect many-atom registers. A key element of a fault tolerant distributed processor is an interface that allows for high-rate remote entanglement generation with networking qubits. Here we present a photonic interface based on small-mode-volume fiber Fabry-Perot microcavities and demonstrate its integration with optical-tweezer arrays. The microcavity design supports a strong atom-photon coupling of tens of atoms simultaneously and enables a high-bandwidth photon emission. We demonstrate array-cavity coupling for registers o
G07/7	related_excluded	中性原子/Rydberg/tweezer 方向相近，但物种是 Yb/Sr/Cs 等，不是 Rb87。	metrology;Yb	Quantum Communication and Quantum Networks I	Optical Time Transfer Link between NIST and Mt. Blue Sky Connecting Yb-Lattice Clocks for Relativistic Geodesy	https://meetings-archive.aps.org/damop/2026/g07/7/		We present an optical clock comparison over a hybrid optical network, consisting of a 69 km free-space link and an 81 km fiber link. This is an initial quantum sensor network demonstration from the Relativistic Redshift Peak-to-Plains (R2P2) collaboration. The network connects two independent neutral Yb-lattice clocks at two locations: the summit of Mt. Blue Sky (elevation 4300 m) and the NIST campus in Boulder, Colorado (elevation 1650 m), spanning a height difference of ~2700 m. During a technical shakedown in August 2025, the full optical network was operated phase-continuously with instabilities reaching a few parts in 10-17 at an averaging time of ~100 s. The R2P2 collaboration is curre
G07/8	unrelated_excluded	读完摘要后未发现可归入 Rb87 Rydberg 光镊平台近期实验/工程问题的内容。	gate_QEC	Quantum Communication and Quantum Networks I	Heralded distribution of atom-atom entanglement over metropolitan distance	https://meetings-archive.aps.org/damop/2026/g07/8/		A key challenge in the field of quantum information is to distribute entanglement over large distances. While photonic entanglement has been distributed over hundreds of kilometers, future quantum physics tests and applications require storing the entanglement faithfully in distant matter nodes. In my talk I will show our recent results regarding the heralded distribution of entanglement over two individual atoms separated by 14km. A photon qubit entangled with the sending atom node, travels over 24km of deployed fiber, and is stored in the receiving atom node while generating a herald signal. Low-noise quantum frequency conversion between the near-visible and the telecom bands at both the s
G07/9	unrelated_excluded	平台是离子、固态或其他非中性原子光镊平台。	gate_QEC;ion_or_solid	Quantum Communication and Quantum Networks I	Quantum Frequency Conversion for Entangling Nodes in a Trapped Ion Network	https://meetings-archive.aps.org/damop/2026/g07/9/		Realizing distributed quantum computing (DQC) requires remote entanglement via single photons through optical fibers. The native visible wavelength photons from trapped barium ions—a leading qubit platform—suffer from prohibitive attenuation in commercial networks over kilometer-scale distances [1]. We address this challenge by developing a robust, field-deployable quantum frequency conversion [2] device converting 493 nm Ba+ photons to a telecom O-band frequency. We report high photon conversion efficiency and an optical noise floor sufficiently low to preserve high qubit fidelity, demonstrating the device’s viability as an interface between an ion-trap quantum processor and a commercial fi
G09/1	related_excluded	光镊/中性原子阵列相关，但摘要没有 Rb87 或 Rydberg 核心实验。	tweezer;neutral_atom_array;quantum_sim;metrology;optical_lattice_or_gas	Advances in Atomic Optical Tweezers Arrays	Arrays of dark and bright traps for neutral atoms generated by silicon-on-sapphire metasurfaces	https://meetings-archive.aps.org/damop/2026/g09/1/	arXiv preprint arXiv:2601.01038	Arrays of neutral atoms are a promising platform for quantum technologies, including computing and sensing. However, scaling up the size of the arrays remains a big challenge, in significant part due to limits in pixel counts in active optical elements used to form arrays of optical tweezers, e.g., spatial light modulators (SLMs). In this work, we experimentally demonstrate crystalline silicon-on-sapphire (c-SOS) metasurfaces that are readily scalable to generate larger and more complex arrays, including arrays of optical bottle beams that trap atoms in dark regions interleaved with bright tweezer arrays. The high refractive index and indirect band gap of crystalline silicon makes it possibl
G09/2	related_excluded	光镊/中性原子阵列相关，但摘要没有 Rb87 或 Rydberg 核心实验。	tweezer;neutral_atom_array;vapor_or_MOT	Advances in Atomic Optical Tweezers Arrays	Direct Generation of an Array with 78400 Optical Tweezers Using a Single Metasurface	https://meetings-archive.aps.org/damop/2026/g09/2/	Yuqing Wang, Yuxuan Liao, Tao Zhang, Ye Tian, Yujia Wu, Wenjun Zhang, Wei Zhang, Yidong Huang, Hui Zhai, Wenlan Chen, Xue Feng, Zhongchi Zhang. Direct Generation of an Array with 78400 Optical Tweezers Using a Single Metasurface[J]. Chin. Phys. Lett.. DOI: 10.1088/0256-307X/43/1/010606	Currently, the largest number of qubits achieved across leading quantum platforms ranges from hundreds to thousands. In atom arrays, scalability is primarily constrained by the capacity to generate large numbers of optical tweezers, and conventional techniques using acousto-optic deflectors or spatial light modulators struggle to produce arrays much beyond 10, 000 tweezers. Moreover, these methods require additional microscope objectives to focus the light into micrometer-sized spots, which further complicates system integration and scalability. Here, we demonstrate the experimental generation of an optical tweezer array containing 280 × 280 spots using a metasurface, nearly an order of magn
G09/3	related_excluded	光镊/中性原子阵列相关，但摘要没有 Rb87 或 Rydberg 核心实验。	tweezer;neutral_atom_array;cavity	Advances in Atomic Optical Tweezers Arrays	High-speed transport of large optical tweezer arrays over 200mm	https://meetings-archive.aps.org/damop/2026/g09/3/		Arrays of neutral atoms in optical tweezers have enabled a wide range of advances in quantum science. However, the spatial region in which tweezers can be generated is limited by design constraints of high-NA microscope objectives. Many applications would benefit from the ability to position optical tweezers over a much larger area. For example, it may be beneficial to transport atom arrays in and out of a microwave or optical cavity. Long-distance-transportable arrays may also find application in precision measurements probing the effects of gravity or other delocalized fields. Finally, highly-parallelized transport of atom array between computational modules presents a new paradigm for mod
G09/4	related_excluded	涉及分子、分子显微镜、polar molecule 或 RbCs/KRb/NaCs 混合系统；不是 Rb87 Rydberg atom tweezer array。	Rydberg;tweezer;Cs;molecule;optical_lattice_or_gas	Advances in Atomic Optical Tweezers Arrays	Investigation of Vector Polarizability in Far-Detuned Light for Trapping Alkali Rydberg Atoms	https://meetings-archive.aps.org/damop/2026/g09/4/		Many experiments on ultracold atoms and molecules employ far off-resonant light, which generates an attractive trapping potential while minimizing incoherent scattering. However, for Rydberg states of alkali atoms, such light is known to be anti-trapping because of the ponderomotive force on the near-free electron. As a result, the traps are typically turned off during dipole-dipole interactions, and coherence is limited by ballistic expansion. A recent numerical calculation suggested that certain Rydberg states might possess a large vector polarizability, allowing attractive trapping with circularly polarized light. Here, we measure the vector polarizability of 54S, 54P, and 53D states of C
G09/5	included_in_topic_abstract	已写入 abstract.qmd。	Rydberg;Rb;tweezer;neutral_atom_array;gate_QEC;optical_lattice_or_gas	Advances in Atomic Optical Tweezers Arrays	Magic-wavelength trapping of alkali-metal Rydberg atoms: The role of landscape polarization modulation	https://meetings-archive.aps.org/damop/2026/g09/5/	Magic-wavelength trapping of alkali-metal Rydberg atoms: The role of landscape polarization modulation	An optical tweezer array for Rb atoms is constructed that provides the same trapping potential for ground and Rydberg levels. We compare the value of the trapping field detuning from the 40s-6p transition frequency required to create such an array with that previously measured in an optical lattice. By doing so we are to determine the modification of the polarizability of a Rydberg state atom that is confined in a spatially varying optical potential. A state-insensitive atom array of this nature should increase the number of Rydberg gate operations that can be carried out within the ground-Rydberg coherence time since the tweezer potentials can remain on at all times.
G09/6	related_excluded	光镊/中性原子阵列相关，但摘要没有 Rb87 或 Rydberg 核心实验。	tweezer;neutral_atom_array;gate_QEC;vapor_or_MOT	Advances in Atomic Optical Tweezers Arrays	Towards a Tweezer-Based Platform with Metastable Helium-3	https://meetings-archive.aps.org/damop/2026/g09/6/	https://arxiv.org/abs/2601.06763 arXiv:2601.06763 [quant-ph]	Metastable helium-3 (³He*) is the lightest atom that can be laser cooled and optically trapped. Its potential for quantum science with atom arrays arises from a unique combination of extremely low atomic mass and relatively large fine and hyperfine splittings, together with favorable properties shared with alkaline-earth-like atoms, including a divalent electronic structure and long-lived metastable states. These features enable fast reconfigurability and enhanced tunneling dynamics in optical tweezer arrays, while supporting robust hyperfine qubits compatible with high-fidelity Raman gates and deep Raman sideband cooling.We will present our experimental system and our progress towards reali
G09/7	related_excluded	相关但未写入：Yb bichromatic triple-magic trapping；物种和 clock-state 结构不是 Rb87。	Rydberg;tweezer;gate_QEC;quantum_sim;metrology;Yb;molecule;vapor_or_MOT	Advances in Atomic Optical Tweezers Arrays	Progress toward a dual-species Ytterbium quantum processor: From narrow-line cooling to bichromatic triple-magic trapping	https://meetings-archive.aps.org/damop/2026/g09/7/		Ytterbium (Yb) has emerged as a premier platform for quantum information science, offering a unique combination of narrow intercombination transitions (¹S₀–³P₁, ¹S₀–³P₀), long-lived nuclear spin coherence, and low magnetic field sensitivity. Its diverse isotopic landscape allows both bosonic and fermionic qubit encodings, enabling applications in quantum simulation and precision metrology. We report experimental progress toward a ¹⁷¹Yb quantum computing platform. For robust cooling and trapping, the 399 nm laser is frequency-stabilized via modulation transfer spectroscopy (MTS) using a Yb hollow cathode lamp, while the 556 nm narrow-line cooling transition is referenced to a molecular iodine
G09/8	related_excluded	涉及分子、分子显微镜、polar molecule 或 RbCs/KRb/NaCs 混合系统；不是 Rb87 Rydberg atom tweezer array。	tweezer;molecule	Advances in Atomic Optical Tweezers Arrays	Optical Tweezers Without the Price Tag: HeNe Trapping on an Open-Source Microscope	https://meetings-archive.aps.org/damop/2026/g09/8/	We are in the process of preparing a paper on this technology.	Optical tweezers are a cornerstone technique in atomic, molecular, and biological physics, yet their implementation typically relies on expensive infrared lasers and commercial microscope platforms, limiting access outside of research universities. We report the development of a cost-effective optical tweezing system built using a HeNe laser and an OpenFlexure inverted microscope, designed and implemented by high school students within a research-intensive laboratory environment. Our system adapts the open-source OpenFlexure microscope architecture to meet the optical alignment and numerical aperture requirements necessary for stable three-dimensional trapping using a visible-wavelength HeNe
G09/9	unrelated_excluded	读完摘要后未发现可归入 Rb87 Rydberg 光镊平台近期实验/工程问题的内容。	Rb87;tweezer;gate_QEC;optical_lattice_or_gas	Advances in Atomic Optical Tweezers Arrays	Collision-Induced Internal-Motional Entanglement in Two Flying Atoms	https://meetings-archive.aps.org/damop/2026/g09/9/	None	In ultracold-atom experiments using optical lattices or optical tweezer arrays, atomic motion is often treated as frozen, allowing internal-state coherence can be studied independently [1,2]. At the same time, there is growing interest in regimes where atomic motion itself influences internal-state dynamics through state-dependent forces or interactions [3,4]. Here, we access such a regime by launching two 87Rb atoms toward each other with controlled velocities of order ~1 m/s [5]. During the collision, relative motion must be treated as a dynamical degree of freedom. We perform two-atom Ramsey interferometry while varying the interatomic separation in the range b = 6-10 μm. We observe that 
G10/1	related_excluded	Rydberg/Rb 相关但平台是 vapor/MOT/molasses/EIT/cold ensemble，不是 optical tweezer array。	cavity;Cs;vapor_or_MOT	Nuclear Moments and Atomic Parity Violation	Probing Atomic Parity Violation by way of Forbidden Transitions in Optically Trapped Francium	https://meetings-archive.aps.org/damop/2026/g10/1/		Tests of the weak interaction at low momentum scales studying Atomic Parity Violation (APV) explore the validity of the Standard Model of particle physics. The study of APV relies on measurements best performed in alkali atoms. Francium is the ideal element to use in these searches, due to its heavy mass, which gives it a enhancement 18 times that of cesium to its parity violating amplitude in the 7s to 8s transition. The Francium Trapping Facility at TRIUMF allows for the trapping and probing of Francium by utilizing two Magneto-Optical Traps (MOT)s. With this apparatus, effort is ongoing to measure the forbidden M1 7s-8s transition in Francium, to prepare for an APV measurement of the tran
G10/2	unrelated_excluded	主题不涉及 Rb/Rydberg/光镊/中性原子阵列或相关量子计算模拟工程。	molecule	Nuclear Moments and Atomic Parity Violation	HgF excited-state spectroscopy enabling NSD-PV in 199Hg-based molecules	https://meetings-archive.aps.org/damop/2026/g10/2/		Nuclear-spin-dependent parity violation (NSD-PV) in molecules is enhanced in open-shell species with closely spaced opposite-parity levels, where electric-field tuning enables Stark-interference detection. A measurement is interpreted through molecule-specific electronic-structure parameters (e.g., WA) that map an observed PV matrix element onto hadronic weak couplings such as the nuclear anapole moment. We present our current HgF spectroscopy campaign aimed at the optical transitions required for state preparation and detection in a future NSD-PV experiment. Using laser spectroscopy and dispersed-fluorescence measurements on 199HgF, we assign low-lying excited-state manifolds and extract ro
G10/3	unrelated_excluded	主题不涉及 Rb/Rydberg/光镊/中性原子阵列或相关量子计算模拟工程。	vapor_or_MOT;optical_lattice_or_gas	Nuclear Moments and Atomic Parity Violation	Towards New Atomic Parity Violation Measurements With Ultracold Tin Atoms	https://meetings-archive.aps.org/damop/2026/g10/3/		Tin (Sn) atoms offer unique opportunities for precision tests of fundamental physics and searches for physics beyond the Standard Model. This is due to two features: (1) the rich spectrum of clock transitions between terms in the s2p2 ground-state configuration, and (2) the fact that Sn possesses the longest chain of stable isotopes in nature. In this work, we propose a new experimental scheme for performing atomic parity violation (APV) measurements of the weak charges of Sn isotopes, using ultracold Sn atoms trapped in an optical lattice. Such APV studies provide a high-precision test of the Standard Model at low energy scales and may offer unprecedented sensitivity to hypothetical extensi
G10/4	related_excluded	平台是 optical lattice、BEC、quantum gas 或 gas microscope，不是 Rb87 optical tweezer Rydberg array。	quantum_sim;optical_lattice_or_gas	Nuclear Moments and Atomic Parity Violation	Semi-empirical calculations for a new scheme to probe atomic parity violation using Sn	https://meetings-archive.aps.org/damop/2026/g10/4/		Previously, we presented numerical simulations to validate a novel scheme for laser cooling and trapping of Group IV atoms [1]. Here, we focus on the application of this scheme to optical lattice trapping of tin (Sn) atoms for an atomic parity violation measurement. We present semi-empirical estimates of the dynamic polarizabilities of various states with the 5s25p2 configuration in Sn, as well as the parity violating (PV) induced E1 transition amplitude of the 5s25p2 3P1 to 5s25p2 1S0 clock transition. We further outline an experimental scheme where an isotope chain of laser-cooled and optically trapped Sn atoms can be used as a sensitive probe of electroweak nuclear physics and certain the
G10/5	related_excluded	涉及分子、分子显微镜、polar molecule 或 RbCs/KRb/NaCs 混合系统；不是 Rb87 Rydberg atom tweezer array。	cryo;molecule	Nuclear Moments and Atomic Parity Violation	Status and Progress Toward a Measurement of the 205Tl Nuclear Schiff Moment in TlF with CeNTREX	https://meetings-archive.aps.org/damop/2026/g10/5/		The Cold molecule Nuclear Time-Reversal EXperiment (CeNTREX) is a search for time-reversal and parity violation in the hadronic sector through a measurement of the nuclear Schiff moment of 205Tl using thallium fluoride (TlF) molecules. The strong internal electric fields of polar molecules provide enhanced sensitivity to CP-violating interactions, with the promise to enable competitive constraints on QCD, quark chromo-electric dipole moments, and the proton electric dipole moment.CeNTREX combines a cryogenic molecular beam source with optical and microwave techniques for quantum-state preparation, manipulation, and detection. Rotational cooling concentrates population into a single hyperfine
G10/6	related_excluded	涉及分子、分子显微镜、polar molecule 或 RbCs/KRb/NaCs 混合系统；不是 Rb87 Rydberg atom tweezer array。	cryo;molecule	Nuclear Moments and Atomic Parity Violation	Laser-induced fluorescence detection of 205TlF for a nuclear Schiff moment measurement	https://meetings-archive.aps.org/damop/2026/g10/6/		The Cold Molecule Nuclear Time-Reversal Experiment (CeNTREX) aims to measure the time-reversal-symmetry–violating nuclear Schiff moment of 205Tl. A cryogenic beam of TlF molecules undergoes nuclear magnetic resonance in an applied electric field using the Ramsey method of separated oscillatory fields. An additional spin-precession phase arises from the interaction between the Schiff moment and the electric field. The phase information is transformed into a population imbalance between two nuclear spin states. To enable state-resolved detection of these states, which are not resolvable with an optical transition in TlF, one spin population is coherently transferred to a different rotational s
G10/7	related_excluded	涉及分子、分子显微镜、polar molecule 或 RbCs/KRb/NaCs 混合系统；不是 Rb87 Rydberg atom tweezer array。	quantum_sim;molecule;ion_or_solid	Nuclear Moments and Atomic Parity Violation	Producing ^{229}Pa via ^{232}Th(p\{20-30~MeV\},4n)^{229}Pa for use in a PaF^{n+}_x based Nuclear Schiff Moment Measurement	https://meetings-archive.aps.org/damop/2026/g10/7/		Protactinium-229 is one of the most promising nuclei for hadronic electric dipole moment studies due to its octupole deformation and near‑degenerate ground state parity doublet, which together yield an extremely enhanced nuclear Schiff‑moment (NSM), by a factor of \sim\mathcal{O}(10^5) compared to ^{199}Hg. In order to produce ^{229}Pa, metallic ^{232}Th foils and ^{232}ThF_4 sputtering targets are irradiated with 20--30~MeV protons. After cooldown, we laser-ablate the top layer of each sample in a UHV chamber back-filled with SF_6 or CF_4. Ablated Protactinium ions rapidly form PaF_x^{n+} molecules that are detected with a quadrupole mass spectrometer, alongside ThF_x^{n+} from the target. 
G10/8	unrelated_excluded	主题不涉及 Rb/Rydberg/光镊/中性原子阵列或相关量子计算模拟工程。	molecule;ion_or_solid	Nuclear Moments and Atomic Parity Violation	The FRIB-EDM3 Experiment: Searching for nuclear T-violation using radioactive molecules in solids	https://meetings-archive.aps.org/damop/2026/g10/8/	J. Ballof et al, NiMB 541, 224-227 (2023) Planned submission to Nuclear Physics A Planned submission to Phys Rev A Planned submission to Computer Physics Communications	Nuclear Schiff moments (NSMs), a symmetry violating moment related to electric dipole moments, present a hadronic signature of new physics through their connection to T-symmetry violation. Such symmetry violations are needed to explain the observed baryon asymmetry of the Universe. We are investigating the application of molecular matrix methods[1] to the search for NSMs of pear-shaped nuclei in heavy polar radioactive molecules[2]. Pear-shaped nuclei (i.e. those with octupole deformations), such as radium-225, are expected to have enhanced NSMs[3]. These methods involve trapping polar molecules in a noble gas matrix, which is predicted to lock their orientation relative to the matrix lattic
G10/9	related_excluded	平台是 optical lattice、BEC、quantum gas 或 gas microscope，不是 Rb87 optical tweezer Rydberg array。	quantum_sim;optical_lattice_or_gas	Nuclear Moments and Atomic Parity Violation	Progress toward improved limits on charge-parity violation using octupole-deformed Radium atoms	https://meetings-archive.aps.org/damop/2026/g10/9/		Tests of fundamental symmetries are a hot topic in physics as recent experiments have dramatically improved limits on charge-parity violation for the electron and current experiments anticipate additional sensitivity improvements. While the Standard Model provides allowances for higher-order symmetry violations, their effect is miniscule compared to current experimental limits. Beyond-Standard-Model (BSM) theories (e.g. supersymmetry) formulated to explain experimental observations, such as matter-antimatter asymmetry, naturally include additional symmetry violation. However, null results from previous symmetry violation experiments already limit the validity of BSM theories and new experime
G04/1	related_excluded	平台是 optical lattice、BEC、quantum gas 或 gas microscope，不是 Rb87 optical tweezer Rydberg array。	gate_QEC;optical_lattice_or_gas	Quantum Architectures I	Building fully capable quantum computers at Atom Computing	https://meetings-archive.aps.org/damop/2026/g04/1/		Neutral atoms are quickly becoming a leading candidate platform for fault tolerant quantum computing. Atom Computing is developing technologies to perform arbitrary, deep logical circuits with large qubit numbers. I will discuss Atom Computing's recent demonstrations of continuous atom reloading, mid-circuit measurement with ancilla reuse, and high-fidelity gates in a single arbitrarily programmable system, culminating in execution of fault-tolerant algorithms that rely on these capabilities.
G04/2	unrelated_excluded	读完摘要后未发现可归入 Rb87 Rydberg 光镊平台近期实验/工程问题的内容。	gate_QEC;quantum_sim	Quantum Architectures I	Progress towards fault-tolerance using neutral atoms	https://meetings-archive.aps.org/damop/2026/g04/2/		In recent years neutral atoms have emerged as a leading candidate for fault-tolerant quantum computing. In this talk, we present recent results demonstrating fault-tolerant operation of a neutral atom quantum computer. In particular, we discuss hardware-specific optimizations and compilations strategies. Additionally, we highlight the use of mid-circuit measurement and continuous reloading to make use of real-time classical control and feedforward.
G04/3	included_in_topic_abstract	已写入 abstract.qmd。	Rydberg;gate_QEC	Quantum Architectures I	Demonstration of an architecture for neutral atom quantum computing combining in-place, nearest-neighbor entangling operations with mid-circuit qubit rearrangement	https://meetings-archive.aps.org/damop/2026/g04/3/	arXiv 2509.13247	Infleqtion's Sqale neutral atom quantum computer implements nearest-neighbor, individually addressed entangling gates and mid-circuit qubit rearrangement to enable flexible connectivity for quantum circuit execution. Site-resolved, in-place Rydberg entangling operations can enable key primitives for fault-tolerant operation including logical state preparation and syndrome and flag readout with zero or minimal qubit transport. With co-design of fault-tolerant operation protocols, this architecture aims to reduce latency associated with motion in zone-based shuttling systems. We present the latest results on the realization of this architecture, including performance metrics, ongoing system im
G04/4	included_in_topic_abstract	已写入 abstract.qmd。	Rydberg;Rb;gate_QEC;Cs	Quantum Architectures I	A Rb-Cs Quantum Computing Testbed	https://meetings-archive.aps.org/damop/2026/g04/4/		Infleqtion has implemented a dual-species neutral-atom quantum computer using rubidium and cesium. This two species approach allows the data and ancilla qubits to interact with independent laser and microwave frequencies. Unwanted crosstalk between these sets is thereby eliminated, enabling fast global mid-circuit measurement without atom motion or state-based hiding, a key capability for error corrected operation. In a checkerboard configuration, crosstalk on nearest neighbors during addressed single qubit operations is also not present. Two qubit inter-species gates are implemented using Rydberg blockade gates. In our implementation, rubidium and cesium are loaded into a 2D array with 5.5 
G04/5	unrelated_excluded	平台是离子、固态或其他非中性原子光镊平台。	tweezer;neutral_atom_array;gate_QEC;quantum_sim;metrology;Yb;ion_or_solid	Quantum Architectures I	Fast, continuous and coherent atom replacement in a neutral atom qubit array	https://meetings-archive.aps.org/damop/2026/g04/5/	[1] Li, Y., Bao, Y., Peper, M., Li, C., & Thompson, J. D. (2025). Fast, continuous and coherent atom replacement in a neutral atom qubit array. arXiv preprint arXiv:2506.15633.	Neutral atom quantum processors are a promising platform for scalable quantum computing. An obstacle to implementing deep quantum circuits is managing atom loss, which constitutes a significant fraction of all errors. Current approaches require at least an order of magnitude longer time than gate and measurement operations to replace lost atoms. Here, we demonstrate fast, continuous atom reloading of 171Yb metastable nuclear spin qubits. A continuously loaded reservoir near the computation zone enables on-demand atom extraction with tweezer arrays up to 500 times per second. New, stochastically filled qubit arrays can be initialized 30 times per second when including single-atom preparation,
G04/6	related_excluded	中性原子/Rydberg/tweezer 方向相近，但物种是 Yb/Sr/Cs 等，不是 Rb87。	gate_QEC;Yb	Quantum Architectures I	Expanding upon the omg architecture using narrow linewidth transitions in Yb+	https://meetings-archive.aps.org/damop/2026/g04/6/		A metastable 'm-type' qubit, as outlined in the omg architecture, can be defined on the hyperfine clock states in the 2Fo7/2 manifold of 171Yb+. We propose utilizing the narrow NIR E2 transitions from 2Fo7/2 to metastable high-J excited states to further expand the omg architecture on two axes. We plan to exploit one of these transitions to implement a two-qubit gate on the 2Fo7/2 qubit, enabling entangling operations in the omg framework. We also define a new metastable qubit subspace within one of the high-J excited states, which would allow for metastable qubits to be operated in parallel with minimal decoherence.
G04/7	included_in_topic_abstract	已写入 abstract.qmd。	Rydberg;Rb;tweezer;neutral_atom_array;gate_QEC;quantum_sim;cryo;Cs	Quantum Architectures I	Demonstration of Cryogenic Dual Species Arrays	https://meetings-archive.aps.org/damop/2026/g04/7/	[1] P. M. Ireland, D. M. Walker, and J. D. Pritchard, Phys. Rev. Research 6, 013293 (2024)	Neutral atom arrays provide a powerful platform for quantum computing and simulation, with significant progress in realising programable, high-fidelity operations and initial demonstrations of quantum error correction. To realise fault tolerance on a neutral atom platform it is necessary to be able to perform cross-talk free mid-circuit readout of ancilla qubits. One approach is to use dual-species arrays, which naturally provide a separation in read-out wavelengths to suppress cross-talk between data and ancilla qubits, whilst allowing engineering of strong controllable interspecies couplings for high-fidelity quantum gate operations.We present a new dual-species tweezer array platform enab
G04/8	related_excluded	光镊/中性原子阵列相关，但摘要没有 Rb87 或 Rydberg 核心实验。	neutral_atom_array;gate_QEC;cavity	Quantum Architectures I	Connecting atomic qubit arrays by a cavity	https://meetings-archive.aps.org/damop/2026/g04/8/	Planned paper/ in preparation: Connecting atomic qubit arrays by a cavity, Omar Nagib, Akbar Safari, and Mark Saffman (2026).	We analyze an architecture for quantum computers and networks where arrays of atoms are hosted in a centimeters-scale optical cavity. The cavity has two spatially separated focal regions hosting two arrays of atoms, and non-local entangling gates between any atom pair is executed by reflecting single photons off the cavity. We analyze two representative geometries, that of a double bowtie running-wave cavity and a linear standing-wave cavity, as examples of the proposed architecture. For realistic cavity QED and atomic parameters, entangling gates with fidelities &gt; 0.99 and gate times ~100 us may be realized between any atom pair in these cavities, which can host ~500 atoms.
G04/9	related_excluded	相关但未写入：连续运行/高率 reload 是平台工程，但该 part 主要讲 reloading，不是 Rb87 Rydberg 操作本身。	tweezer;neutral_atom_array;gate_QEC;quantum_sim;metrology;optical_lattice_or_gas	Quantum Architectures I	Continuous operation of a coherent 3,000-qubit system. Part I: High-rate qubit reloading	https://meetings-archive.aps.org/damop/2026/g04/9/	Chiu, NC., Trapp, E.C., Guo, J. et al. Continuous operation of a coherent 3,000-qubit system. Nature 646, 1075–1080 (2025). https://doi.org/10.1038/s41586-025-09596-6	Neutral atoms are a promising platform for quantum science, enabling advances in areas ranging from quantum simulation and computation to metrology, atomic clocks, and quantum networking. Although atom losses typically limit these systems to a pulsed mode, continuous operation could substantially enhance cycle rates, remove bottlenecks in metrology, and enable deep-circuit quantum evolution through quantum error correction.In this two-part presentation, we introduce an experimental architecture for high-rate reloading and continuous operation of a large-scale atom-array system while realizing coherent storage and manipulation of quantum information. In part one, we detail the experimental ar
G04/10	related_excluded	相关但未写入：连续运行 coherent operation 与 Rydberg gate 进展相关，但摘要没有给出可迁移到 Rb87 的具体 Rydberg 实验细节。	Rydberg;neutral_atom_array;gate_QEC;quantum_sim;metrology;vapor_or_MOT	Quantum Architectures I	Continuous operation of a coherent 3,000-qubit system. Part II: Coherent operation	https://meetings-archive.aps.org/damop/2026/g04/10/	Chiu, NC., Trapp, E.C., Guo, J. et al. Continuous operation of a coherent 3,000-qubit system. Nature 646, 1075–1080 (2025). https://doi.org/10.1038/s41586-025-09596-6	Neutral atoms are a promising platform for quantum science, enabling advances in areas ranging from quantum simulation and computation to metrology, atomic clocks, and quantum networking. Although atom losses typically limit these systems to a pulsed mode, continuous operation could substantially enhance cycle rates, remove bottlenecks in metrology, and enable deep-circuit quantum evolution through quantum error correction.In this two-part presentation, we introduce an experimental architecture for high-rate reloading and continuous operation of a large-scale atom-array system while realizing coherent storage and manipulation of quantum information. In part two, we expand the previously demo
G11/1	unrelated_excluded	读完摘要后未发现可归入 Rb87 Rydberg 光镊平台近期实验/工程问题的内容。	gate_QEC	Out-of-Equilibrium Trapped Gases II	Universal Relation Between Quantum Entanglement and Particle Tunneling	https://meetings-archive.aps.org/damop/2026/g11/1/	https://arxiv.org/abs/2507.19731	Entanglement entropy is a fundamental measure of quantum correlations and a key resource underpinning advances in quantum information and many-body physics. We uncover a universal relationship between bipartite entanglement entropy and particle number after the barrier in a one-dimensional Fermi-Hubbard system with an external asymmetric potential. Using Kolmogorov-Arnold Networks - a novel machine learning architecture - we learn this relationship across a broad range of interaction strengths and barrier heights with near-perfect predictive accuracy. Furthermore, we propose a simple analytical binary-entropy-like expression that quantitatively captures the observed correlation for fixed par
G11/2	unrelated_excluded	主题不涉及 Rb/Rydberg/光镊/中性原子阵列或相关量子计算模拟工程。	optical_lattice_or_gas	Out-of-Equilibrium Trapped Gases II	Characterization and critical behavior of a periodically driven interacting three-dimensional quantum gas	https://meetings-archive.aps.org/damop/2026/g11/2/		Quantum many-body systems are generally fragile under external perturbations. Periodic driving often induces heating and decoherence, pushing the dynamics toward effectively classical behavior. Yet in certain driven systems, heating can be strongly suppressed and long-lived nonthermal dynamics can emerge. A paradigmatic example is the many-body quantum kicked rotor (QKR), in which an interacting quantum gas is subjected to a sequence of short pulses of a sinusoidal potential. While dynamical localization is well established in the single-particle QKR, and interaction effects have been explored in limited regimes, a systematic experimental characterization of the quantum-to-classical crossove
G11/3	unrelated_excluded	读完摘要后未发现可归入 Rb87 Rydberg 光镊平台近期实验/工程问题的内容。	quantum_sim	Out-of-Equilibrium Trapped Gases II	Memory Effects in Superfluid Hydrodynamics	https://meetings-archive.aps.org/damop/2026/g11/3/		We explore the hypothesis that on long length-scales, coarse-grained quantum turbulence in superfluids behaves like a classical fluid with emergent effective viscosity, mutual friction between components etc. If true, then microscopic calculations and quantum simulations with cold-atom experiments can be used to study macroscopic phenomenal like pulsar glitches in neutron stars. A confounding issue is memory: even if the microscopic theory is purely deterministic and local in time, the coarse-grained dynamics might require knowledge of the history – especially in the presence of long-range structures like topological defects hidden by coarse graining.
G11/4	related_excluded	平台是 optical lattice、BEC、quantum gas 或 gas microscope，不是 Rb87 optical tweezer Rydberg array。	quantum_sim;optical_lattice_or_gas	Out-of-Equilibrium Trapped Gases II	Quantum Dynamics of Fast-moving Impurities Immersed in a Bose-Einstein Condensate	https://meetings-archive.aps.org/damop/2026/g11/4/		The interaction between a quantum impurity and its surrounding bath leads to exotic many-body phenomena, yet the non-equilibrium dynamics of impurities moving rapidly through a bosonic bath remains a challenging problem. Here, we demonstrate an experimental study of the dragged motion of fermionic 40K impurities interacting with a finite-sized 23Na Bose-Einstein condensate (BEC). Using a pair of counterpropagating Raman beams and Feshbach resonances, we initiate the relative motion and control the interaction strength between the impurities and the bath. We observe the deceleration of the impurities arising from interactions with the condensate and characterize the terminal speed as a functi
G11/5	related_excluded	平台是 optical lattice、BEC、quantum gas 或 gas microscope，不是 Rb87 optical tweezer Rydberg array。	gate_QEC;quantum_sim;optical_lattice_or_gas	Out-of-Equilibrium Trapped Gases II	Emergence of a soliton gas out of 3D turbulence in a binary Bose-Einstein condensate	https://meetings-archive.aps.org/damop/2026/g11/5/		Bose-Einstein condensates (BECs) offer a versatile platform for studying the interplay between turbulence and solitons in nonlinear quantum fluids. In our experiments, we generate counterflow between two spin components of a dilute-gas BEC in an elongated trap geometry. We observe that for suitably chosen parameters, this can induce strong turbulence in the BEC. To explore the underlying dynamics, we first investigate the effective drag force arising from the turbulent counterflow between the two superfluid components. When the driven counterflow is removed, the turbulence gradually decays, evolving into a disordered ensemble of solitons. We investigate the evolution of 3D turbulence into a 
G11/6	unrelated_excluded	读完摘要后未发现可归入 Rb87 Rydberg 光镊平台近期实验/工程问题的内容。	Rydberg;tweezer;quantum_sim;cavity	Out-of-Equilibrium Trapped Gases II	Many-body Dynamics with Measurement-based Feedback	https://meetings-archive.aps.org/damop/2026/g11/6/		Despite significant progress in understanding measurement-induced phenomena, the effect of actively processing measurement outcomes and feeding them back into the system dynamics remains largely unexplored. Although measurement-based feedback is a well-established tool in quantum optics, it has not yet been systematically applied to monitored quantum many-body systems. Understanding how feedback modifies monitored many-body systems is essential both for uncovering new nonequilibrium phases and for realizing experimentally accessible routes to engineered dissipation, including non-local forms.Here, we develop a framework for pulsed feedback based on homodyne measurements and apply it to monit
G11/7	related_excluded	平台是 optical lattice、BEC、quantum gas 或 gas microscope，不是 Rb87 optical tweezer Rydberg array。	quantum_sim;optical_lattice_or_gas	Out-of-Equilibrium Trapped Gases II	Taking the Quantum Kicked Rotor Through the BEC-BCS Crossover: Signatures of Pairing and Spectral Modifications	https://meetings-archive.aps.org/damop/2026/g11/7/		The quantum kicked rotor (QKR) is a paradigmatic model for quantum chaos which bridges concepts in interferometry and transport. Prior works with bosons have addressed te effects of weak interactions on the QKR in 1D and 3D, and strong interactions have been used in 1D to observe many-body dynamical localization in a Tonks gas [1,2,3,4]. Generally, stronger interactions have led to decreasing experiment lifetimes due to three-body losses. In the following extension to QKR, we employ fermionic lithium-6 to access strong tunable interactions protected from three-body losses via a magnetic Feshbach resonance, using a balanced spin mixture of the two lowest hyperfine states across the BEC-BCS cr
G11/8	unrelated_excluded	读完摘要后未发现可归入 Rb87 Rydberg 光镊平台近期实验/工程问题的内容。	gate_QEC;quantum_sim	Out-of-Equilibrium Trapped Gases II	Exploring dynamical phase transitions of spin-boson models with Krylov complexity	https://meetings-archive.aps.org/damop/2026/g11/8/		We report numerical and theoretical analysis of Krylov complexity in the dynamics of Dicke model, a paradigmatic quantum system that describes a collective spin coupled to a bosonic mode. Recently the Krylov complexity has been shown to provide valuable insights about quantum dynamics. For example, it serves as a measure to characterize operator growth and to probe phenomena such as chaos and scrambling. We extend the Krylov analysis to the quench dynamics of the Dicke model, which is known to exhibit rich behaviors such as integrability, chaos, and saddle point scrambling across different parameter regimes. We systematically investigate Krylov complexity in different dynamical phases and de
G11/9	related_excluded	平台是 optical lattice、BEC、quantum gas 或 gas microscope，不是 Rb87 optical tweezer Rydberg array。	gate_QEC;optical_lattice_or_gas	Out-of-Equilibrium Trapped Gases II	Nonequilibrium dynamics of a disordered binary alloy	https://meetings-archive.aps.org/damop/2026/g11/9/	"A. Abuelmaged, E. Dohner, S.-J. Liou, and H. F. Fotso, ""Nonequilibrium dynamics of a disordered binary alloy,"" Physical Review B 112, 134308 (2025)."	We investigate the nonequilibrium dynamics of a binary disordered alloy following an interaction quench. Using a nonequilibrium embedding framework (DMFT+CPA), we combine Dynamical Mean-Field Theory (DMFT) for strong correlations with the Coherent Potential Approximation (CPA) for disorder, enabling us to capture their interplay out of equilibrium. We first study the equilibrium alloy and compute the density of states, showing that disorder modifies the interaction-driven Mott gap while interactions alter the disorder-induced gap. We then examine the relaxation dynamics after a sudden change of the interaction from zero to a finite value. After a short transient, the system reaches a long-ti
G11/10	included_in_topic_abstract	已写入 abstract.qmd。	Rydberg;neutral_atom_array;quantum_sim	Out-of-Equilibrium Trapped Gases II	Probe Quantum Criticality via Finite-Size Dynamical Scaling in Atom Arrays	https://meetings-archive.aps.org/damop/2026/g11/10/	T. Zhang, H. Wang, W. Zhang, Y. Wang, A. Du, Z. Li, Y. Wu, C. Li, J. Hu, H. Zhai, and W. Chen, Observation of near-critical Kibble-Zurek scaling in Rydberg atom arrays, Phys. Rev. Lett. 135, 093403 (2025).	We experimentally show that the Kibble‑Zurek (KZ) scaling — a universal dynamical signature of phase transitions — can be accurately recovered even when the critical point is smeared out by finite‑size effects or weak symmetry‑breaking perturbations. Using a programmable array of Rydberg atoms that undergoes a Z₂ symmetry‑breaking transition, we demonstrate that by scaling the system size and the symmetry‑breaking field appropriately with the speed of the parameter ramp, the correlation length still follows the characteristic inverse‑power‑law dependence on the ramp speed. This near‑critical scaling protocol avoids the deviations observed in traditional fixed‑size measurements and restores a
M01/1	unrelated_excluded	主题不涉及 Rb/Rydberg/光镊/中性原子阵列或相关量子计算模拟工程。		Public Lecture by Anna Frebel	The cosmic origins of the heaviest elements	https://meetings-archive.aps.org/damop/2026/m01/1/		This talk explores the cosmic origins of the elements across the Period Table, including the heaviest elements in the universe such as gold and platinum, that are forged in the most extreme astrophysical environments. I will discuss the role of chemical enrichment within galaxies, how ancient stars serve as time capsules preserving the early history of element formation, and how observations with modern telescopes provide insights into the early phase of star and galaxy formation soon after the Big Bang. By studying the elemental signatures in the oldest stars, astronomers can thus piece together our cosmic history.
N11/1	related_excluded	平台是 optical lattice、BEC、quantum gas 或 gas microscope，不是 Rb87 optical tweezer Rydberg array。	quantum_sim;optical_lattice_or_gas	Correlated Quantum Matter	Quantum Gas Microscopy of Fermions in the Continuum	https://meetings-archive.aps.org/damop/2026/n11/1/	[1] Joris Verstraten, Kunlun Dai, Maxime Dixmerias, Bruno Peaudecerf, Tim de Jongh, and Tarik Yefsah. Phys. Rev. Lett. 134, 083403 (2025) [2] Tim de Jongh, Joris Verstraten, Maxime Dixmerias, Cyprien Daix, Bruno Peaudecerf, and Tarik Yefsah. Phys. Rev. Lett. 134, 183403 (2025) [3] Maxime Dixmerias, Joris Verstraten, Cyprien Daix, Bruno Peaudecerf, Tim de Jongh, and Tarik Yefsah. arXiv:2502.05132 (2025) [4] Cyprien Daix, Maxime Dixmerias, Yuan-Yao He, Joris Verstraten, Tim de Jongh, Bruno Peaudecerf, Shiwei Zhang, and Tarik Yefsah. arXiv:2504.01885 (2025)	Quantum gas microscopy enables the probing of dilute quantum matter with single-atom resolution. Initially developed to study lattice and spin chain systems—most notably the Hubbard model and its generalizations—this technique has recently been extended to continuum systems. In this talk, I will introduce the tools we have developed and present recent results on strongly interacting Fermi gases, where we achieve direct access to spatial density and spin correlations. These capabilities provide a new window into the microscopic structure of these strongly correlated systems at previously inaccessible resolution.
N11/2	unrelated_excluded	读完摘要后未发现可归入 Rb87 Rydberg 光镊平台近期实验/工程问题的内容。	gate_QEC;quantum_sim	Correlated Quantum Matter	Dispersion Relations in Two- and Three-Dimensional Strongly Correlated Quantum Systems	https://meetings-archive.aps.org/damop/2026/n11/2/	https://arxiv.org/abs/2509.15483	Extracting momentum-resolved excitation spectra in strongly correlated quantum systems remains a major challenge, especially beyond one spatial dimension. We present an efficient tensor-network approach to compute dispersion relations via imaginary-time evolution within the infinite projected entangled-pair states (iPEPS) framework. Benchmarking on the transverse-field Ising model, the method successfully captures dispersion relations in both paramagnetic and ferromagnetic phases for two- and three-dimensional lattices, achieving strong agreement with series expansion methods, where these are applicable. Crucially, this work presents the first demonstration of dispersion relation calculation
N11/3	related_excluded	平台是 optical lattice、BEC、quantum gas 或 gas microscope，不是 Rb87 optical tweezer Rydberg array。	quantum_sim;optical_lattice_or_gas	Correlated Quantum Matter	Pseudogap in a Fermi-Hubbard Quantum Simulator	https://meetings-archive.aps.org/damop/2026/n11/3/	arXiv:2509.18075	Understanding doped Mott insulators is a fundamental goal in condensed matter physics, with relevance to cuprate superconductors and other quantum materials. The doped Hubbard model minimally describes such systems, and has explicated some of their complex behavior. However, many open questions remain concerning the anomalous metallic states which emerge at low temperatures and intermediate doping and which, in cuprates, give rise to high-temperature superconductivity upon cooling. Here we observe a crossover between a normal metal and a pseudogapped metal in the Hubbard model by performing thermodynamic and spectroscopic measurements in a cold atom quantum simulator, leveraging a recent sev
N11/4	unrelated_excluded	读完摘要后未发现可归入 Rb87 Rydberg 光镊平台近期实验/工程问题的内容。	quantum_sim	Correlated Quantum Matter	Enhanced nematicity in the psuedogap regime of the Hubbard model	https://meetings-archive.aps.org/damop/2026/n11/4/		Studying the low temperature phases of the Hubbard model is central to understanding the physics of cuprate superconductors and other quantum materials. Much debate centers on how the anomalous 'pseudogapped' metallic state at intermediate temperatures relates to ground-state symmetry-breaking states such as stripes or superconductivity. Experiments on cuprates have provided evidence for electronic nematic order in the pseudogap regime, i.e. broken rotational symmetry without loss of translational symmetry, as a precursor to stripe formation. Here we report on the observation of an enhanced nematic susceptibility to a tunneling imbalance in the Hubbard model at low temperatures and intermedi
N11/5	unrelated_excluded	主题不涉及 Rb/Rydberg/光镊/中性原子阵列或相关量子计算模拟工程。	molecule	Correlated Quantum Matter	Strongly interacting quantum phases of dipolar molecules	https://meetings-archive.aps.org/damop/2026/n11/5/	[1] W. Yuan, S. Zhang, N. Bigagli, H. Kwak, C. Warner, T. Karman, I. Stevenson, and S. Will, Extreme Loss Suppression and Wide Tunability of Dipolar Interactions in an Ultracold Molecular Gas arXiv:2505.08773 (2025). [2] S. Zhang, W. Yuan, N. Bigagli, H. Kwak, T. Karman, I. Stevenson, and S. Will, Observation of self-bound droplets of ultracold dipolar molecules arXiv:2507.15208 (2025).	We report on studies of strongly interacting quantum phases of dipolar molecules. Dipolar molecules enable the investigation of strongly interacting dipolar many-body physics. The recent development of microwave shielding allows for flexible control of dipolar interactions while the lifetime of degenerate molecular samples is as long as several seconds [1, 2]. This platform paves the way for the studies of rich dipolar physics in the quantum regime. We will share our latest insights.
N11/6	included_in_topic_abstract	已写入 abstract.qmd。	Rydberg;Rb87;tweezer;quantum_sim	Correlated Quantum Matter	Towards studies of nonequilibrium dynamics and ground-state phases in microwave-dressed Rydberg arrays	https://meetings-archive.aps.org/damop/2026/n11/6/		Ultracold atoms trapped in configurable arrays of optical tweezers provide a controllable platform for exploring long-range quantum magnetism. In this talk, I will describe progress toward studies of exotic quantum magnets in dipolar Rydberg arrays of 87Rb atoms based on the engineering of tunable dressed states via strong microwave driving. I will discuss the realization of tunable XY, XXZ, and Ising spin models in few-level Rydberg systems, and how to probe their distinct properties through equilibrium and nonequilibrium response. Finally, I will describe progress toward exploring multi-level quantum magnets, including few-state Potts models and hard-core bosonic t-J models, in many-level 
N04/1	unrelated_excluded	读完摘要后未发现可归入 Rb87 Rydberg 光镊平台近期实验/工程问题的内容。	metrology	Matter-Wave Optics and Interferometry	Time-dependent adiabatic elimination with center-of-mass motion in matter-wave optics	https://meetings-archive.aps.org/damop/2026/n04/1/	"""Time-dependent adiabatic elimination in matter-wave optics"" under review at AVS Quantum Science (2026)"	In matter-wave optics the precise control over atomic center-of-mass and internal degrees of freedom is a key requirement for high-precision sensing devices. The theoretical description of laser-driven matter-wave manipulation often involves multi-photon transitions and the dynamics of multiple internal atomic states. In many applications, however, only a restricted subset of states are populated, while the remaining states are far detuned from transitions.We generalize a projector-based and time-dependent formalism for adiabatic elimination to systematically separate the dynamics of a relevant subspace from the full space, to include atomic center-of-mass motion and to systems of arbitrary 
N04/2	unrelated_excluded	读完摘要后未发现可归入 Rb87 Rydberg 光镊平台近期实验/工程问题的内容。	gate_QEC	Matter-Wave Optics and Interferometry	Probing quantum mechanics with nanoparticle matter-wave interferometry	https://meetings-archive.aps.org/damop/2026/n04/2/	Pedalino, S., et al. Probing quantum mechanics with nanoparticle matter-wave interferometry. Nature 649, 866–870 (2026). https://doi.org/10.1038/s41586-025-09917-9	The quantum superposition principle is a fundamental concept of physics and the basis of modern quantum science and technology. Yet, its validity for increasingly complex systems remains an open experimental question, as its key features are not observed on the macroscopic scales of everyday life. This raises the question of how quantum properties persist or change with growing size and complexity. Matter-wave interferometry provides a stringent model test by coherently delocalizing individual massive particles over distances far exceeding their physical size.Here, we report a novel experimental platform that extends matter-wave interference to a qualitatively new class of matter - large met
N04/3	related_excluded	平台是 optical lattice、BEC、quantum gas 或 gas microscope，不是 Rb87 optical tweezer Rydberg array。	quantum_sim;cavity;metrology;optical_lattice_or_gas	Matter-Wave Optics and Interferometry	Making new materials accessible for high-mass matter-wave interference	https://meetings-archive.aps.org/damop/2026/n04/3/	Pedalino, S. et al. Probing quantum mechanics with nanoparticle matter-wave interferometry. Nature 649, 866–870 (2026). Pedalino, S. et al. de Broglie and moire metrology: From atoms to massive metal clusters. AVS Quantum Sci. (accepted).	Recent experiments have established metal nanoparticles as a promising platform for matter-wave interference with scalable masses. This opens up an entire class of materials with the potential to be explored in quantum superposition experiments. New materials require innovative methods for beam formation, coherent beam splitters and efficient detectors. Here we present our progress in the generation of intense, deep UV laser light at &lt; 230 nm via intra-cavity SHG, which will enable photoionization beamsplitters for metals with high ionization energies. We also report on the creation of slow particle beams via aerodynamic lensing, extending the range of our experiments towards quantum inte
N04/4	related_excluded	Rydberg/Rb 相关但平台是 vapor/MOT/molasses/EIT/cold ensemble，不是 optical tweezer array。	gate_QEC;quantum_sim;metrology;Yb;vapor_or_MOT;optical_lattice_or_gas	Matter-Wave Optics and Interferometry	Observation and Control of Interactions in a Yb BEC Lattice Trapped Atom Interferometer	https://meetings-archive.aps.org/damop/2026/n04/4/		Trapped atom interferometry is a promising platform for precision measurement and quantum sensing [1,2]. Unlike traditional free-fall light pulse atom interferometers whose interrogation times are limited to the size of the vacuum chamber, limited to the second-scale, optical lattice-trapped atom interferometers have recently been shown to exhibit more than a minute of coherence [3]. The coherence time of such interferometers are ultimately limited by differential Stark shifts between the interferometer arms, which was found in [3] to scale with the velocity width of the ensemble, motivating the use of ever colder atom sources.Here we extend Yb atom interferometry [4] into the lattice-trappe
N04/5	related_excluded	平台是 optical lattice、BEC、quantum gas 或 gas microscope，不是 Rb87 optical tweezer Rydberg array。	cavity;optical_lattice_or_gas	Matter-Wave Optics and Interferometry	Interaction effects in matter-wave Fabry-Perot scattering	https://meetings-archive.aps.org/damop/2026/n04/5/		We theoretically explore the dynamical properties of Bose-Einstein condensed matter-waves scattering off a Fabry-Perot cavity formed by light-induced potential barriers. Such scattering dynamics can be used to prepare wavepackets strongly localized in momentum around the cavity resonances, allowing one to resolve energetic features with increased precision. While non-interacting matter-waves exhibit known transmission properties analogous to photonic counterparts, collisional interatomic interactions considerably change the transmission spectrum, washing out cavity resonances. We develop methods to suppress such broadening through careful control of matter-wave dynamics before and during col
N04/6	unrelated_excluded	读完摘要后未发现可归入 Rb87 Rydberg 光镊平台近期实验/工程问题的内容。	Rb;quantum_sim;metrology	Matter-Wave Optics and Interferometry	Dual-isotope atomic beam interferometry	https://meetings-archive.aps.org/damop/2026/n04/6/		Atom interferometry with multiple species enable fundamental physics measurement such as test of the weak equivalence principle and practical application such as enhancement in dynamic range for inertial sensing. We describe a dual-isotope interferometer based on continuously laser-cooled atomic beam comprising of naturally occurring isotopes of rubidium. Such an interferometer can enable new practical capabilities such as simultaneous and co-located interferometers for multi-axis, multi-modal, or multi-scale-factor sensing. We give an overview of our experimental setup and present results from our preliminary work on inertially sensitive measurements with the dual-isotope beam.
N04/7	related_excluded	Rydberg 相关但没有指向 Rb87 optical tweezer array；多为传感、分子、理论或其他平台。	Rydberg;metrology	Matter-Wave Optics and Interferometry	Absolute Terahertz Frequency Comb Sensing via Rydberg Atom Upconversion	https://meetings-archive.aps.org/damop/2026/n04/7/	https://doi.org/10.1364/optica.578051	Rydberg atoms have emerged as a transformative platform for electrometry, offering high sensitivity and SI-traceable measurements based on fundamental atomic constants. While these sensors have been successfully deployed in the microwave regime, their application to the terahertz (THz) domain—a notoriously difficult spectral frontier—offers significant potential for bridging the gap between electronic and optical metrology. Here we demonstrate the first high resolution measurement of a THz frequency comb, extending the revolutionary benefits of optical comb spectroscopy to the THz domain.In this work, we assess the benefits of Rydberg atoms for THz sensing and address the critical limitation
N04/8	unrelated_excluded	读完摘要后未发现可归入 Rb87 Rydberg 光镊平台近期实验/工程问题的内容。	gate_QEC;cavity	Matter-Wave Optics and Interferometry	A matter-wave Fabry-Pérot cavity in the ultrastrong driving regime	https://meetings-archive.aps.org/damop/2026/n04/8/	J.L. Tanlimco, X. Chai, E. Nolasco-Martinez, E. Zhu, S.N. Halawani, I. Martin, and D.M. Weld, A matter-wave Fabry-Pérot cavity in the ultrastrong driving regime. In preparation.	When the length of an optical cavity is strongly modulated, photons stroboscopically propagate as if in a curved spacetime, with white and black hole event horizons corresponding to stable and unstable fixed point trajectories of a Floquet map. Though this theoretical description underlies both the dynamical Casimir effect and proposed schemes for pulse generation and Floquet cooling, the ultrastrong driving regime has eluded direct experimental verification due to the difficulty of achieving relativistic mirror acceleration. We report results of an experiment which overcomes this limitation by exchanging the roles of light and matter in the cavity, conditioning a matter wave with a quasi-re
N12/1	related_excluded	Rydberg/Rb 相关但平台是 vapor/MOT/molasses/EIT/cold ensemble，不是 optical tweezer array。	metrology;vapor_or_MOT	Precision Spectroscopy and Metrology	Sub-part-per-trillion test of the Standard Model with atomic hydrogen	https://meetings-archive.aps.org/damop/2026/n12/1/	[1] L.M. et al., Nature, DOI: 10.1038/s41586-026-10124-3 (in press)	Quantum electrodynamics (QED), the first relativistic quantum field theory, describes light–matter interactions at a fundamental level and is one of the pillars of the Standard Model (SM). Through the extraordinary precision of QED, the SM predicts the energy levels of simple systems such as the hydrogen atom with up to 13 significant digits, making hydrogen spectroscopy an ideal test bed. The consistency of physical constants extracted from different transitions in hydrogen using QED, such as the proton charge radius rp, constitutes a test of the theory. However, values of rp from recent measurements of atomic hydrogen are partly discrepant with each other and with a more precise value from
N12/2	related_excluded	Rydberg/Rb 相关但平台是 vapor/MOT/molasses/EIT/cold ensemble，不是 optical tweezer array。	gate_QEC;metrology;vapor_or_MOT	Precision Spectroscopy and Metrology	Transition isotope shift and hyperfine constant measurements in low-lying transitions in lead	https://meetings-archive.aps.org/damop/2026/n12/2/	"We intend to submit a paper entitled ""Transition isotope shift and hyperfine constant measurements in low-lying transitions in lead"" to Phys. Rev. A"	We report high-precision measurements of transition isotope shifts and hyperfine structure constants for multiple low-lying states of Pb using two-step, Doppler-free laser spectroscopy. Measurements are performed on the four naturally abundant isotopes (208Pb, 207Pb, 206Pb, and 204Pb) at the sub-MHz-level, enabling improved determinations of isotope shifts and hyperfine splittings in transitions where existing experimental data are limited or incomplete.The experiments employ a two-step laser excitation scheme using a pair of isotopically pure, high-temperature quartz vapor cells, where Doppler narrowing is achieved using rapid switching (&gt;1 MHz) of the pump laser using an acousto-optic m
N12/3	unrelated_excluded	平台是离子、固态或其他非中性原子光镊平台。	metrology;Yb;ion_or_solid	Precision Spectroscopy and Metrology	Studying isotonic odd-even staggering of nuclear charge radii via spectroscopy of highly charged Yb and Lu	https://meetings-archive.aps.org/damop/2026/n12/3/	https://arxiv.org/abs/2511.19395 https://arxiv.org/abs/2511.20537	The nuclear charge radius is a fundamental observable that serves as an input to precision atomic structure calculations and a benchmark for state-of-the-art nuclear theories. In the highly deformed region between Eu (Z=63) and Hf (Z=72), traditional techniques (elastic electron scattering, muonic atom spectroscopy) for determining the charge radius are complicated by the interaction with the deformed nucleus, resulting in tension in reported values. We present a determination of the scaled nuclear charge radius difference between naturally abundant Yb (Z=70) and Lu (Z=71) using spectroscopy of highly charged ions, a technique that is relatively insensitive to nuclear deformation. This resul
N12/4	related_excluded	涉及分子、分子显微镜、polar molecule 或 RbCs/KRb/NaCs 混合系统；不是 Rb87 Rydberg atom tweezer array。	gate_QEC;cavity;cryo;metrology;molecule	Precision Spectroscopy and Metrology	Cavity-enhanced molecular hydrogen spectroscopy for precision metrology in a deep cryogenic regime	https://meetings-archive.aps.org/damop/2026/n12/4/	Stankiewicz et al., arXiv:2502.12703 (accepted to Nature Physics). Słowiński et al., Rev. Sci. Instrum. 93, 115003 (2022).	High-finesse cavity-enhanced spectrometers are essential instruments for both fundamental and applied science. Shifting the system’s operating temperature from room temperature to the deep-cryogenic regime offers significant benefits for spectral measurements, such as suppressing Doppler broadening, enhancing peak absorption, narrowing the Boltzmann distribution of rotational states, and freezing out unwanted molecular species.We report the first cavity-enhanced spectrometer designed to operate fully in the deep cryogenic regime, reaching temperatures as low as 4 K [1]. In our system, the entire optical cavity together with the mirrors and the cavity-length actuator - is cooled uniformly alo
N12/5	related_excluded	涉及分子、分子显微镜、polar molecule 或 RbCs/KRb/NaCs 混合系统；不是 Rb87 Rydberg atom tweezer array。	gate_QEC;cryo;metrology;molecule	Precision Spectroscopy and Metrology	Towards trapping hydrogen molecules	https://meetings-archive.aps.org/damop/2026/n12/5/	[1] H Jóźwiak, P Wcisło, Scientific Reports 12, 14529 (2022) [2] H Jóźwiak, TV Tscherbul, P Wcisło, J. Chem. Phys. 160, 094304 (2024) [3] K. Stankiewicz, …, P. Wcisło, Nat. Phys. (2026, accepted) arxiv.org/abs/2502.12703 [4] W. Ubachs, F. M. J. Cozijn, M. L. Diouf, C. Lauzin, H. Jóźwiak, P. Wcisło, Phys. Rev. Lett. 135, 223201 (2025)	Due to its simplicity, H2 constitutes a perfect tool for testing fundamental physics: testing quantum electrodynamics, determining fundamental constants, or searching for new physics beyond the Standard Model. H2 has a huge advantage over the other simple calculable systems of having a set of a few hundred ultralong living rovibrational states, which implies the ultimate limit for testing fundamental physics with H2 at a relative accuracy level of 10^-24. The present experiments are far from this limit. I will present our so far results of an ongoing project aimed at trapping cold H2. We develop an ultra-strong optical dipole trap. The time-dependent potential is going to recapture the colde
N12/6	related_excluded	涉及分子、分子显微镜、polar molecule 或 RbCs/KRb/NaCs 混合系统；不是 Rb87 Rydberg atom tweezer array。	quantum_sim;metrology;molecule;ion_or_solid	Precision Spectroscopy and Metrology	Precision quantum logic spectroscopy and control of rotational and hyperfine states in a single trapped molecular CaOH+ ion	https://meetings-archive.aps.org/damop/2026/n12/6/		The technologies and methods developed for quantum computing with trapped atomic ions enable precision measurement of molecular transitions and control of their quantum state even in a noisy thermal environment. Quantum control of the rotational and hyperfine state of a molecule is a fundamental requirement for experiments which exploit its large Hilbert space, its symmetry properties, or its potentially large electric dipole moment. Examples of such experiments include encoding of a qudit or an error-corrected qubit and parity violation searches for an electron electric dipole moment. Quantum logic spectroscopy based on driving Raman transitions between hyperfine states in CaOH+ on a motion
N12/7	related_excluded	涉及分子、分子显微镜、polar molecule 或 RbCs/KRb/NaCs 混合系统；不是 Rb87 Rydberg atom tweezer array。	metrology;molecule;ion_or_solid	Precision Spectroscopy and Metrology	Achieving spectroscopic accuracy in HeH⁺ with ab-initio theory: nonadiabatic, relativistic, and QED corrections	https://meetings-archive.aps.org/damop/2026/n12/7/	1: doi:10.1021/acs.jpca.5c07158 2: accepted in PRA	The helium hydride ion (HeH⁺) is the simplest molecular system composed of nuclei with unequal charges and occupies a unique role as a benchmark for molecular structure theory. By incorporating high-precision nonadiabatic effects together with leading relativistic (mα⁴) and leading and higher-order quantum electrodynamic (QED) corrections (mα⁵, mα⁶), we achieve rovibrational transition energies in agreement with the most accurate spectroscopic measurements at the sub-MHz level. This reconciliation between theory and experiment establishes HeH⁺ as a molecular system alongside H₂, with broad relevance for high-resolution spectroscopy, astrochemical modeling, and precision tests of fundamental 
N12/8	related_excluded	Rydberg/Rb 相关但平台是 vapor/MOT/molasses/EIT/cold ensemble，不是 optical tweezer array。	metrology;vapor_or_MOT	Precision Spectroscopy and Metrology	A New Approach to Spectroscopy via Dynamical Decoupling in the Dissipative Regime	https://meetings-archive.aps.org/damop/2026/n12/8/		Efficient control and manipulation of quantum states requires a precise matching of laser frequency to the transition frequency. The laser detuning measurements needed to characterize this matching can be challenging to perform. The challenges are exacerbated in experiments with large detuning inhomogeneities or in a noisy environment. For environments such as these, we present an alternative method to the traditionally used Ramsey spectroscopy method. Contrary to what one might expect, dissipative effects in the system are leveraged to enhance sensitivity to laser detuning and yield a precise measurement with greater robustness to systematic frequency noise than Ramsey spectroscopy. We incl
N12/9	related_excluded	平台是 optical lattice、BEC、quantum gas 或 gas microscope，不是 Rb87 optical tweezer Rydberg array。	metrology;Sr;optical_lattice_or_gas	Precision Spectroscopy and Metrology	Spectroscopic measurement of the Casimir-Polder force in the intermediate regime	https://meetings-archive.aps.org/damop/2026/n12/9/		We use spectroscopy to measure the Casimir-Polder (CP) force between strontium atoms and a dielectric surface in the intermediate regime. In our approach, we probe the kHz-frequency shift induced by CP on a narrow strontium transition, thereby detecting the effect of the dielectric mirror and the quantized vacuum electromagnetic field. Using a standing-wave magic-wavelength optical lattice, we confine the atoms to the first lattice site at 188(2) nm from the mirror—a position that lies within the strongest strontium transition at 461 nm. Our results align with our theoretical predictions for this intermediate regime. This work opens the door to future CP studies involving surfaces of varied 
N03/1	unrelated_excluded	平台是离子、固态或其他非中性原子光镊平台。	gate_QEC;metrology;ion_or_solid	Quantum Information with Trapped Ions	Quantum computing in Penning trap arrays	https://meetings-archive.aps.org/damop/2026/n03/1/	[1] S. Jain et al. Nature 627, 510–514 (2024) [2] T. Saegesser et al. arXiv:2412.17528 (2024)	Trapped-ions provide one of the leading approaches to quantum computing, but the use of radio-frequency traps poses a number of challanges in scaling up. I will present results from our work on overcoming these using microfabricated Penning traps, where we static electric potentials produced from micro-fabricated electric structures with a homogenous magnetic field from a superconducting magnet. Using this approach, we have demonstrated trapping of ion arrays in local potential wells, as well as the ability to translate ions arbitrarily in 3 dimensions by simple translation of the static potential, allowing the ion to be used as a scanning sensor [1,2]. I will also describe gate implementati
N03/2	unrelated_excluded	平台是离子、固态或其他非中性原子光镊平台。	gate_QEC;quantum_sim;ion_or_solid	Quantum Information with Trapped Ions	Addressing challenges in scaling of trapped ion quantum information processors	https://meetings-archive.aps.org/damop/2026/n03/2/		"In this talk, possible pathways to fault-tolerant large-scale quantum information processors based on trapped ions are presented. The envisioned machines incorporate millions of qubits, feature operation errors on physical qubits of order 0.0001 and memory coherence times on the order of hours. Qubit connectivity with sufficiently low crosstalk is achieved by moving ions around in a large array of traps and executing operations on small groups of ions that are sufficiently isolated from all other qubits and the environment [1]. Fault-tolerant execution of complex algorithms is facilitated by extensive use of ""helper qubits"" that serve to cool the motion, initialize internal states, and read "
N03/3	unrelated_excluded	平台是离子、固态或其他非中性原子光镊平台。	gate_QEC;ion_or_solid	Quantum Information with Trapped Ions	Trapped-ion two-qubit gates with 99.99% fidelity without ground-state cooling	https://meetings-archive.aps.org/damop/2026/n03/3/	arXiv:2510.17286	"We introduce the ""smooth gate"": a novel entangling gate method for trapped-ion qubits where residual spin-motion entanglement errors are adiabatically eliminated by ramping the gate detuning. We demonstrate the power of this technique by performing electronically controlled two-qubit gates at Doppler temperature nbar~3.5, consistently estimating error rates at or below 1e-4. We further show that the error remains below 5e-4 for ions with average phonon occupation numbers of up to nbar~9.4 on the gate mode. These results show that trapped-ion quantum computation can be performed with high fidelity at temperatures above the Doppler limit, allowing for significantly faster and simpler device op"
N03/4	unrelated_excluded	平台是离子、固态或其他非中性原子光镊平台。	gate_QEC;quantum_sim;Yb;ion_or_solid	Quantum Information with Trapped Ions	Growing Quantum Simulations using Trapped Ions	https://meetings-archive.aps.org/damop/2026/n03/4/	[1] N. Mueller, T. Wang, O. Katz, Z. Davoudi and M. Cetina, Nature Communications 16, 5492 (2025) [2] Q. Miao, T. Wang, K. R. Brown, T. Barthel and M. Cetina, arXiv:2412.18602 [quant-ph] [3] O. Katz, A. Schuckert, T. Wang, E. Crane, A. V. Gorshkov and M. Cetina, arXiv:2512.21385 [quant-ph] [4] J. Ramette, J. Sinclair, Z. Vendeiro, A. Rudelis, M. Cetina and V. Vuletic, PRX Quantum 3, 010344 (2022)	While trapped ions have demonstrated the highest gate fidelities of any quantum platform, the number of accessible qubits remains limited. I will present near-term routes to addressing this challenge across the quantum stack, together with applications to quantum simulation. At the circuit level, we employ an efficient qubit encoding to study the thermalization of a Z2 lattice gauge theory [1]. Another encoding, based on the multiscale entanglement renormalization ansatz, allows us to encode size- N systems into O(log N) qubits; we use this capability to demonstrate the log(N) scaling of subsystem entanglement entropy near a critical point [2]. At the gate level, to counter the increase in c
N05/1	related_excluded	涉及分子、分子显微镜、polar molecule 或 RbCs/KRb/NaCs 混合系统；不是 Rb87 Rydberg atom tweezer array。	gate_QEC;molecule	Non-Adiabatic Molecular Dynamics	Nuclear wave-packet dynamics in triatomic molecules	https://meetings-archive.aps.org/damop/2026/n05/1/	[1] Van-Hung Hoang and Uwe Thumm, Phys. Rev. A 109, 033117 (2024). [2] H. Van Sa Lam, V.-H. Hoang, A. S. Venkatachalam, S. Bhattacharyya, K. Chen, S. Jacob, S. Kudagama, T. T. Nguyen, D. Rolles, U. Thumm, A. Rudenko, and V. Kumarappan, Phys. Rev. A 111, L061101 (2025).	We theoretically investigate pump-probe dissociative ionization of triatomic molecules by propagating the coupled nuclear motion on potential energy surfaces, including all vibronic degrees of freedom (symmetric stretch, bending, and antisymmetric stretch modes). We calculate potential energy surfaces, diabatic couplings, and laser-induced dipole couplings ab initio using the multi-configurational self-consistent field quantum-chemistry code GAMESS [1]. In particular, we reveal the imprints of the dynamics near a conical intersection in CO2+ [1] and coherent bending vibrations in SO2+ [2] on measured, pump-probe delay-dependent fragment kinetic energy spectra. Our simulated data is in good a
N05/2	unrelated_excluded	主题不涉及 Rb/Rydberg/光镊/中性原子阵列或相关量子计算模拟工程。	molecule	Non-Adiabatic Molecular Dynamics	Electronic Symmetry Sensitive Vacuum-ultraviolet Spectroscopy of Carbon Dioxide in the Molecular Frame	https://meetings-archive.aps.org/damop/2026/n05/2/		Ultrafast electronic dynamics in molecules are governed by the symmetry and anisotropy of dipole-allowed transitions in the molecular frame. We probe these dynamics using align-excite transient absorption spectroscopy of molecules in the vacuum-ultraviolet (VUV) regime, which enables us to extract the molecular-frame differential absorption. Measurements in carbon dioxide reveal two regions of distinct electronic symmetry in the 7.5–7.9 eV photon energy range. The angular dependence of the absorption directly reflects the anisotropy of the underlying transition dipole moments, allowing symmetry assignment of the probed states. These results provide insight into molecular-frame electronic str
N05/3	related_excluded	涉及分子、分子显微镜、polar molecule 或 RbCs/KRb/NaCs 混合系统；不是 Rb87 Rydberg atom tweezer array。	quantum_sim;molecule;ion_or_solid	Non-Adiabatic Molecular Dynamics	Femtosecond nonadiabatic confinement of ethylene dication yield.	https://meetings-archive.aps.org/damop/2026/n05/3/	Carlos Marante, Lina Fransén, Alexie Boyer, Vincent Loriot, Franck Lépine, Luca Argenti, Morgane Vacher, and Saikat Nandi The Journal of Physical Chemistry Letters 2026 17 (3), 797-803 DOI: 10.1021/acs.jpclett.5c03271	Ultrashort extreme-ultraviolet (XUV) pulses combined with near-infrared (NIR) probe fields enable real-time tracking of molecular dynamics, including nonadiabatic relaxation in molecular ions relevant to astrophysics [1]. We present a theoretical investigation of the ethylene dication yield driven by an attosecond XUV pulse-train pump and a delayed NIR probe, for which recent measurements have observed a yield peak around 15 fs [2]. The broadband pump ionizes the neutral ethylene into several low-lying cationic states (D0–D4), triggering the nonadiabatic nuclear dynamics. The delayed NIR field induces then the multiphoton ionization of the cation. We employ trajectory surface hopping simulat
N05/4	related_excluded	涉及分子、分子显微镜、polar molecule 或 RbCs/KRb/NaCs 混合系统；不是 Rb87 Rydberg atom tweezer array。	gate_QEC;molecule	Non-Adiabatic Molecular Dynamics	MULTIPHOTON ELECTRONIC COHERENCES WITH PULSE-SHAPE SPECTROSCOPY	https://meetings-archive.aps.org/damop/2026/n05/4/		We investigate multiphoton electronic coherences in a series of molecules with increasing complexity in non-adiabatic couplings driven by pairs of few-cycle, phase-locked deep-ultraviolet pulses with independent control of the relative phase and time delay. By combining measurements of the ionization yield with selected relative phase differences between the pulses, we can pick out different multiphoton orders and enable control over and measurement of specific pairs of electronic states. We contrast electronic coherences between states separated by two-photons (9.5eV), one-photon (4.75eV) and within our laser bandwidth (&lt;0.2eV), resulting in electron-density modulations with periods rang
N05/5	related_excluded	涉及分子、分子显微镜、polar molecule 或 RbCs/KRb/NaCs 混合系统；不是 Rb87 Rydberg atom tweezer array。	quantum_sim;molecule;ion_or_solid	Non-Adiabatic Molecular Dynamics	Theoretical Modeling of Ultrafast Coincidence Imaging of Acetylene Ions	https://meetings-archive.aps.org/damop/2026/n05/5/		Isomerization and fragmentation dynamics are key processes in laser-driven interactions. While the dynamics of neutral molecules have been well studied, their ions have been less explored for strong-field and coincidence imagine experiments. We compute potential energy surfaces for the isomerization and fragmentation of acetylene and vinylidene ions using the MCSCF method with a complete valence active space, (10, 10) for neutral acetylene. We use the intrinsic reaction coordinate (IRC) to describe the isomerization between acetylene and vinylidene and systematically increase the carbon-carbon bond length of each isomer to describe the dissociation. For the acetylene cation, we find that vin
N05/6	related_excluded	涉及分子、分子显微镜、polar molecule 或 RbCs/KRb/NaCs 混合系统；不是 Rb87 Rydberg atom tweezer array。	quantum_sim;molecule	Non-Adiabatic Molecular Dynamics	Ultrafast Cation-Dication Dynamics in Ammonia Borane under Strong-Field Ionization	https://meetings-archive.aps.org/damop/2026/n05/6/	[1] S. Kwon, N.K. Katturi, B.I. Moreno, C. Cárdenas, M. Dantus. arXiv:2601.02510 [physics.chem-ph], (2025). [2] S. Kwon, N.K. Katturi, B.I. Moreno, C. Cárdenas, M. Dantus. Under Review [JPC A], (2026).	We report a femtosecond time-resolved strong-field study of ammonia borane (AB, BH3NH3) following both single and double ionization, revealing ultrafast fragmentation dynamics and hydrogen release. Time-of-flight mass spectrometry, ab initio molecular dynamics, and high-level electronic-structure calculations are used to identify the molecular origin of the neutral and ionic products. Singly ionized AB releases only neutral H and H2, whereas doubly ionized AB releases neutral H and H2 along with H+, H2+, and H3+, all within 1 ps. Computations indicate that these hydrogen fragments originate predominantly from the boron-bound hydrogens and are formed through rapid H migration; in key channels
N05/7	related_excluded	涉及分子、分子显微镜、polar molecule 或 RbCs/KRb/NaCs 混合系统；不是 Rb87 Rydberg atom tweezer array。	quantum_sim;molecule;vapor_or_MOT	Non-Adiabatic Molecular Dynamics	Computational experiments with machine learning to simulate photoinduced processes	https://meetings-archive.aps.org/damop/2026/n05/7/		Computations based on atomistic-level electron-phonon coupled investigation of dynamical behavior require the use of time dependent density functional theory (DFT) combined with non-adiabatic molecular dynamics (NAMD) simulations [1,2]. These simulations are intensive and expensive for larger systems and/or when the dynamics exceeds few to several tens of picoseconds (ps). Coupling with advanced machine learning (ML) techniques can reduce the time/cost by orders of magnitude, while retaining the ab-initio accuracy. As a testing system, we considered 2D tin-halide perovskites (PEA)2MAn-1SnnI3n+1 (with n=1,4) single crystals with tunable quantum well thickness (n) [3]. We adopted the ML mappin
N05/8	related_excluded	涉及分子、分子显微镜、polar molecule 或 RbCs/KRb/NaCs 混合系统；不是 Rb87 Rydberg atom tweezer array。	gate_QEC;quantum_sim;molecule	Non-Adiabatic Molecular Dynamics	Tracking electronic coherences during non-adiabatic molecular dynamics using phase-locked ultrafast spectroscopy	https://meetings-archive.aps.org/damop/2026/n05/8/		Short lived coherences between molecular electronic states are conjectured to have a significant effect on the flow of charge in excited molecules and subsequently affect structural changes taking place at a later time. These coherences contribute to most experimental signals weakly, often masked by a much stronger contribution from the populations of individual states. Here we present Linear Vibronic Coupling (LVC) model simulations of a phase-locked, pump-probe measurement which suggest that such coherences can be isolated in the experimental signal. In the simulation a UV pulse resonantly excites the LVC model molecule at the one and two photon levels, following which a probe pulse with a
N05/9	unrelated_excluded	主题不涉及 Rb/Rydberg/光镊/中性原子阵列或相关量子计算模拟工程。	molecule;vapor_or_MOT	Non-Adiabatic Molecular Dynamics	Nonadiabatic Excited-State Dynamics of Ortho-Fluorophenol	https://meetings-archive.aps.org/damop/2026/n05/9/	https://www.tandfonline.com/doi/full/10.1080/00268976.2025.2563030	The coupling between nuclear motion and electronic structure strongly influences nonradiative relaxation following photoexcitation. Substituted phenols serve as benchmark systems for probing how intramolecular hydrogen bonding and geometrical distortions affect ultrafast excited-state dynamics. We present a computational study of ortho-fluorophenol using on-the-fly nonadiabatic molecular dynamics with Zhu-Nakamura hopping probabilities, performed at the CASSCF(12,9)/6-311++G** level. Trajectory ensembles were initialized in either the ππ* (S₁) or πσ* (S₂) excited states. Trajectories initiated from S₁ showed no relaxation within 100 fs, consistent with experimentally inferred long-lived tunn
N05/10	related_excluded	涉及分子、分子显微镜、polar molecule 或 RbCs/KRb/NaCs 混合系统；不是 Rb87 Rydberg atom tweezer array。	gate_QEC;molecule	Non-Adiabatic Molecular Dynamics	The Effect of Aza-Substitution on the Photoprotective Properties of Pyrimidine Nucleobases	https://meetings-archive.aps.org/damop/2026/n05/10/		The canonical nucleobases, which form the building blocks of our genetic coding material, are known to protect themselves against photodamage through ultrafast internal conversion processes that dissipate potentially harmful UV energy into heat. However, seemingly minor single atom substitutions can profoundly alter the photophysics of the nucleobases. Most notably, inaccessibility of conical intersections between the singlet excited states and the ground state can lead to highly efficient intersystem crossing into the triplet manifold.Azabases, where a ring carbon has been replaced by nitrogen, have been classified in two groups based on their tendencies for intersystem crossing. Type 1 sho
N07/1	unrelated_excluded	读完摘要后未发现可归入 Rb87 Rydberg 光镊平台近期实验/工程问题的内容。	gate_QEC	Quantum Communication and Quantum Networks II	Fully guided polarization entanglement distribution in an existing telecom fiber infrastructure of an institution campus area	https://meetings-archive.aps.org/damop/2026/n07/1/	Telecom source of tunable polarization-entanglement distribution up to 100-km for multi-user QKD over metro-area fiber-optic networks -- Vikash Kumar Yadav, Vivek Venkataraman, Joyee Ghosh; [Applied Physics Letters (APL)- Quantum]: APL Quantum 2, 016102 (2025)	We demonstrate the field deployment of a Sagnac interferometer based polarization-entangled photon-pair source centered at the telecom wavelength of 1550 nm with a bandwidth of ~52nm. The source utilizes a periodically poled lithium niobate (PPLN) ridge waveguide, designed for degenerate spontaneous down-conversion. High-fidelity entangled Bell states are measured with sufficient tolerance against temperature and environment that renders the source its utility for practical quantum communication over existing fiber infrastructure. We demonstrate a polarization-entanglement distribution over a 2-km single-mode fiber link within the IIT Delhi campus, while addressing polarization-dependent los
N07/2	unrelated_excluded	平台是离子、固态或其他非中性原子光镊平台。	gate_QEC;cavity;metrology;ion_or_solid	Quantum Communication and Quantum Networks II	Entanglement Assisted Non-local Optical Interferometry in a Quantum Network	https://meetings-archive.aps.org/damop/2026/n07/2/	P.-J. Stas, et al., arXiv:2509.09464, Nature (in press) 2026	Optical measurements of weak signals using long-baseline interferometry are fundamentally constrained by optical losses and quantum noise. Distributed quantum entanglement in a quantum network can be used to overcome these limits. In this talk we will present the demonstration of entanglement between quantum memories based on silicon-vacancy (SiV) centers in diamond nanophotonic cavities for non-local phase-sensing measurements. We will show how such non-local phase measurement can be performed using memory-assisted network nodes, photonic mode erasure to remove the which-path information of temporal and spatial optical modes, and nondestructive photon heralding. Finally we will discuss how 
N07/3	unrelated_excluded	平台是离子、固态或其他非中性原子光镊平台。	gate_QEC;quantum_sim;ion_or_solid	Quantum Communication and Quantum Networks II	Single-excitation entanglement between a time-bin photon qubit and a metastable Sr88+ ion qubit	https://meetings-archive.aps.org/damop/2026/n07/3/		Time-bin photonic qubits are well-suited for remote quantum network applications due to their robustness to polarization fluctuations in fiber links. All previous ion-photon entanglement time-bin schemes require double excitation of the ion, leading to an unavoidable rate penalty compared to the single-excitation polarization encoding. In this work, we implement the first single-excitation ion-photon time-bin scheme. Photons are initially generated with polarization encoding and then converted to the time-bin basis in a polarization-discriminating delay-line setup. We achieve the required optical path stabilization on the conversion stage using a nested piezo-mirror lock comprising a fast an
N07/4	related_excluded	涉及分子、分子显微镜、polar molecule 或 RbCs/KRb/NaCs 混合系统；不是 Rb87 Rydberg atom tweezer array。	gate_QEC;quantum_sim;molecule	Quantum Communication and Quantum Networks II	Interstitial nitrogen molecule CMOS-fabricated quantum memory for frequency and bandwidth conversion	https://meetings-archive.aps.org/damop/2026/n07/4/		The development of hybridized quantum devices and networks necessitate full control of photon spectral properties, and in particular, the conversion of single photon frequency and spectral bandwidth. One approach to spectral conversion utilizes a Λ-style Raman quantum memory, which allows for wide frequency conversion, bandwidth manipulation, and on-demand readout. In this system, a single photon detuned from the excited state is mapped to a collective excitation by a write control pulse. A classical retrieval control pulse annihilates the collective excitation and generates a single output photon with spectral properties dependent on the characteristics of the classical pulse. We propose a 
N07/5	related_excluded	相关但未写入：atom array telecom networking；未指向 Rb87 Rydberg 光镊平台的具体近期实验。	Rb87;neutral_atom_array;gate_QEC;quantum_sim;cavity;metrology	Quantum Communication and Quantum Networks II	Towards telecommunication-band quantum networking for atom arrays	https://meetings-archive.aps.org/damop/2026/n07/5/		Neutral atom arrays are a powerful platform for quantum computation and simulation. Extending their connectivity via remote entanglement is a key requirement for quantum networking applications such as distributed computation, non-local sensing, and quantum key distribution. Furthermore, operating in the telecommunication C-band is essential for realizing low-loss, long-distance entanglement between spatially separated atomic nodes.In this talk, I will present progress toward quantum networking with individually trapped 87Rb atoms using an intrinsic atomic interface at 1530 nm based on the 5P3/2 ↔ 4D5/2 transition. This is realized in a novel cavity QED architecture based on high-finesse Fab
N07/6	related_excluded	中性原子/Rydberg/tweezer 方向相近，但物种是 Yb/Sr/Cs 等，不是 Rb87。	tweezer;neutral_atom_array;gate_QEC;quantum_sim;Yb;optical_lattice_or_gas	Quantum Communication and Quantum Networks II	Towards quantum networking with Yb atom arrays using frequency-converted photons	https://meetings-archive.aps.org/damop/2026/n07/6/		Neutral atoms trapped in reconfigurable optical tweezer arrays have become a rapidly advancing platform for quantum applications. Pairing this platform with the unique atomic structure of 171Yb (I=1/2) atoms enables novel implementations of quantum computation, simulation, and communication. The existence of a metastable 3P0 state enables shelving and nuclear-spin qubit encoding with long coherence. Spin-photon entanglement using a telecom transition from the metastable state was also demonstrated recently. As part of the InterQnet project, we explore integration of this platform into a large-scale heterogeneous quantum network, and the ability to share entanglement via common-wavelength pho
N07/7	unrelated_excluded	平台是离子、固态或其他非中性原子光镊平台。	gate_QEC;Sr;ion_or_solid	Quantum Communication and Quantum Networks II	Towards quantum frequency conversion of single photons from 88Sr+ ions from the visible to near infrared for hybrid quantum networks	https://meetings-archive.aps.org/damop/2026/n07/7/		Quantum frequency conversion is a technique that allows for the efficient conversion of a photon from one wavelength to another while preserving quantum information. One area of interest is the development of a long-distance quantum network that leverages the advantages of different matter-based platforms, which first require quantum frequency conversion as an intermediate step. We show progress made towards the development of quantum frequency conversion, using difference frequency generation, for the conversion of single photons from 88Sr+ ions from the visible to near infrared. We target the wavelength of an emitted photon from a SiC divacancy center, with the future aim of demonstrating 
N07/8	unrelated_excluded	平台是离子、固态或其他非中性原子光镊平台。	gate_QEC;ion_or_solid	Quantum Communication and Quantum Networks II	Urban Fiber Infrastructure Analysis for Entangled Photon Distribution	https://meetings-archive.aps.org/damop/2026/n07/8/		Urban fiber-based quantum networks are highly sensitive to environmental factors like temperature swings and polarization drift due to their interconnected, multi-segment structure. We present a framework for characterizing quantum networks, focusing on achieving high-fidelity remote entanglement between distributed trapped-ion QPUs. We report on three critical noise sources [1, 2] inherent to this real-world infrastructure: (1) time jitter measurements quantifying the timing uncertainty of photon arrival and its impact on coincidence windows; (2) polarization stability analysis, characterizing birefringence fluctuations driven by mechanical vibrations; and (3) the temperature dependence of 
N07/9	unrelated_excluded	读完摘要后未发现可归入 Rb87 Rydberg 光镊平台近期实验/工程问题的内容。	gate_QEC;cavity;metrology	Quantum Communication and Quantum Networks II	Quantum networking with a parabolic mirror based network node	https://meetings-archive.aps.org/damop/2026/n07/9/	"[1] A. Safari, E. Oh, P. Huft, G. Chase, J. Zhang, and M. Saffman, ""Efficient and compact quantum network node based on a parabolic mirror on an optical chip"", arXiv:2601.13420 (2026)"	Quantum networking underpins a range of quantum-enhanced applications, including scalable quantum computing, distributed quantum sensing, and secure data communication. Although the field has advanced rapidly, efficient single-photon collection from quantum emitters and node architectures that scale to large-area quantum networks remain major challenges.In this work, we present a compact, plug-and-play, cavity-free networking node designed to address these challenges. Our node employs an integrated on-chip architecture, in which most optical components are pre-aligned and glued in vacuum with fiber interfaces. It is based on a parabolic-mirror design that leverages approximate time-reversal 
N07/10	unrelated_excluded	平台是离子、固态或其他非中性原子光镊平台。	gate_QEC;metrology;ion_or_solid	Quantum Communication and Quantum Networks II	Demonstration of photon encoding interconversion for heterogeneous quantum networking	https://meetings-archive.aps.org/damop/2026/n07/10/		Photonic quantum network links are required to scale up matter-based quantum systems, including quantum computers, quantum sensors, and more. Heterogeneous quantum networks comprised of these systems, such as trapped-ion and superconducting circuit-based qubits, must achieve entanglement distribution between these different qubit architectures to exploit the strengths of each; namely ion-trapped systems providing an ease of generation of polarization qubits and superconducting qubits generating high fidelity time-bin qubits. One barrier to heterogeneous connectivity is precisely this variety of photonic degrees of freedom in which quantum information is encoded, such as those mentioned above
N08/1	related_excluded	涉及分子、分子显微镜、polar molecule 或 RbCs/KRb/NaCs 混合系统；不是 Rb87 Rydberg atom tweezer array。	gate_QEC;molecule;optical_lattice_or_gas	Molecular Collisions and Interactions	First-order phase transition in atom-molecule quantum degenerate mixtures with coherent three-body recombination	https://meetings-archive.aps.org/damop/2026/n08/1/		We investigate the role of coherent atom-molecule interconversion, at quantum degeneracy, with competing Feshbach coupling and the recently observed coherent three-body recombination (cTBR) process. Based on the two-mode approximation, we map out the ground-state phase diagram featuring a structural modification from a conventional second-order (when Feshbach coupling dominates) to a first-order quantum phase transition (when cTBR prevails) for varying molecular detuning. This behavior originates from the emergence of a double-well structure in the effective free-energy landscape, giving rise to metastable molecular states. In the vicinity of the first-order transition, the system exhibits m
N08/2	unrelated_excluded	主题不涉及 Rb/Rydberg/光镊/中性原子阵列或相关量子计算模拟工程。	molecule	Molecular Collisions and Interactions	Full-dimensional quantum scattering calculations of rovibrationally excited HD+HD collisions	https://meetings-archive.aps.org/damop/2026/n08/2/		Collisions of H2 and its deuterated counterpart HD play a crucial role in the chemistry of the early universe, cold interstellar media (ISM), star forming regions, and planetary atmospheres. These systems also serve as prototypes for quantum calculations of diatom-diatom collisions. Here, we report full-dimensional quantum scattering calculations of ro-vibrational transitions in HD+HD collisions on a highly accurate interaction potential for the H2-H2 system. The computed results are in agreement with total cross sections reported in previous experimental results, including resonant features in the energy dependence of the cross section. In particular, low-energy cross sections show a strong
N08/3	related_excluded	涉及分子、分子显微镜、polar molecule 或 RbCs/KRb/NaCs 混合系统；不是 Rb87 Rydberg atom tweezer array。	cryo;molecule	Molecular Collisions and Interactions	Cold Chemistry and Optical Cycling in CH Radicals	https://meetings-archive.aps.org/damop/2026/n08/3/		Recent advances in molecular laser cooling have opened new opportunities for quantum control across a wide range of species. We extend these techniques to CH, a light organic radical whose electronic structure offers diagonal Franck-Condon factors on the X-A transition. The low mass and blue-wavelength cycling transition in CH enables a large photon recoil velocity, reducing the required photon budget and rovibrational closure needed to load a magneto‑optical trapping. Our experiment aims to leverage these features to develop a platform for studies of ultracold organic chemistry. We will present an experimental update, including measurements of cold organic chemistry in our cryogenic source 
N08/4	related_excluded	涉及分子、分子显微镜、polar molecule 或 RbCs/KRb/NaCs 混合系统；不是 Rb87 Rydberg atom tweezer array。	Rb;quantum_sim;molecule;vapor_or_MOT;optical_lattice_or_gas	Molecular Collisions and Interactions	Evaporative cooling of bosonic molecules near a Förster resonance	https://meetings-archive.aps.org/damop/2026/n08/4/		Evaporative cooling of ground state molecules requires suppression of inelastic collisions. Recently, microwave shielding has been used to suppress collisional loss, which has led to the achievement of degenerate gases of polar molecules [1,2,3]. Meanwhile, static electric fields can also provide shielding near a Förster resonance and have been demonstrated in fermionic gases [4]. We demonstrate this electric field shielding scheme for bosonic molecules, suppressing two-body loss significantly and reaching high elastic-to-inelastic collision rates near the resonance. Using this scheme, we achieve evaporative cooling of bosonic NaRb molecules. We also present a proposal for suppressing three-
N08/5	related_excluded	涉及分子、分子显微镜、polar molecule 或 RbCs/KRb/NaCs 混合系统；不是 Rb87 Rydberg atom tweezer array。	gate_QEC;molecule	Molecular Collisions and Interactions	Electric-field control of atom-molecule Feshbach resonances	https://meetings-archive.aps.org/damop/2026/n08/5/	Electric-field control of atom-molecule Feshbach resonances (manuscript in preparation)	We present our latest results on collisions between 23Na39K molecules and 39K atoms, where we successfully observe Feshbach resonances between these scattering partners. For the first time in comparable systems, we demonstrate the ability to control the position of these resonances using electric fields. This allows us to investigate the electric field dependence of bound trimer states and assign specific quantum numbers to these states.Our observations highlight a significant influence of the potassium atom on the molecule, despite the weak binding of the trimer state, which can be attributed to hindered rotation. These findings represent a new step in controlling atom-molecule interactions
N08/6	unrelated_excluded	主题不涉及 Rb/Rydberg/光镊/中性原子阵列或相关量子计算模拟工程。	molecule;optical_lattice_or_gas	Molecular Collisions and Interactions	Photon-changing collisions between microwave-shielded NaCs molecules	https://meetings-archive.aps.org/damop/2026/n08/6/		Double microwave shielding has enabled the observation of Bose-Einstein condensation of polar molecules through strong suppression of two-body loss and the elimination of three-body recombination. We have analyzed the nature of the remaining two-body losses. We find that those losses have the character of photon-changing collisions: colliding molecules mediate the exchange of photons between the two microwave fields. This process transfers the energy difference between the two fields into kinetic energy of the molecules. These photon-accelerated molecules can collide with the remaining ultracold molecules while escaping the trap, leaving behind a tiny fraction of their kinetic energy. In thi
N08/7	related_excluded	涉及分子、分子显微镜、polar molecule 或 RbCs/KRb/NaCs 混合系统；不是 Rb87 Rydberg atom tweezer array。	gate_QEC;molecule	Molecular Collisions and Interactions	Efimov Effect in Ultracold Microwave-shielded Polar Molecules	https://meetings-archive.aps.org/damop/2026/n08/7/		Recent breakthroughs in microwave collisional shielding have enabled dramatic suppression of two-body loss in ultracold polar molecules by engineering long-range repulsive barriers in field-dressed interaction potentials [1]. This opens a new pathway to study few-body universality in ultracold polar molecules where rapid short-range losses have historically made such studies difficult. We present a quantum theory of three-body scattering for microwave-dressed polar molecules using the adiabatic hyperspherical formalism, where the two-body interactions are defined using an anisotropic effective potential [2] and investigate the emergence of Efimov physics in the shielded regime. Within this f
N08/8	related_excluded	涉及分子、分子显微镜、polar molecule 或 RbCs/KRb/NaCs 混合系统；不是 Rb87 Rydberg atom tweezer array。	Rb;molecule	Molecular Collisions and Interactions	Bifurcation of Reaction Complex Lifetimes in Ultracold Rb + KRb Reactions	https://meetings-archive.aps.org/damop/2026/n08/8/		Chemical reactions, with typical eV-scale energies, are usually considered chaotic, statistical processes. Deviations from such behavior hold the potential for coherent dynamics, opening new avenues in quantum chemistry. Past measurements of the Rb + KRb reaction in the ultracold regime [1] showed the reaction complex lifetime exceeding the statistical RRKM prediction by five orders of magnitude.A proposed mechanism suggests the existence of states trapped in the complex due to destructive interference in the exit channel, hinting toward lifetimes shorter than the statistical prediction. We identify such short-lived states by observing the reaction products and measuring the optical intensit
N08/9	unrelated_excluded	主题不涉及 Rb/Rydberg/光镊/中性原子阵列或相关量子计算模拟工程。	molecule;vapor_or_MOT	Molecular Collisions and Interactions	Towards Microwave Shielding of Laser-Cooled YO Molecules	https://meetings-archive.aps.org/damop/2026/n08/9/		Direct laser cooling of molecules has overcome the complex internal level structure of diatomic molecules to yield high enough densities for the observation of rapid collisional loss within optical traps. Mitigating these two-body losses in bulk molecular gases is essential for evaporative cooling to reach quantum degeneracy. By engineering long-range dipolar interactions, short-range inelastic collisions can be suppressed via DC electric fields or microwave-induced shielding. We present our work with YO (yttrium monoxide) towards collisional shielding by coupling rotational manifolds with precisely controlled microwave fields. The unique ground-state hyperfine structure of YO enables direct
N08/10	related_excluded	涉及分子、分子显微镜、polar molecule 或 RbCs/KRb/NaCs 混合系统；不是 Rb87 Rydberg atom tweezer array。	quantum_sim;molecule	Molecular Collisions and Interactions	AlF-AlF sticking time and prospects for ultracold dimers	https://meetings-archive.aps.org/damop/2026/n08/10/		We report on the sticking time of the AlF dimer in the ultracold regime. First, we construct a general full-dimensional potential energy surface for the AlF dimer by training a machine learning model on \textit{ab initio} points using an active learning scheme, which requires no long-range information and only \lesssim 0.01\% of the configurations to be calculated \textit{ab initio}. We use molecular dynamics simulation to select the \textit{ab initio} training points to choose suitable configurations for different collision energies and map the relevant part of the potential energy landscape \cite{liu2023molecular}. We then use our general full-dimensional potential energy surface to comput
N09/1	unrelated_excluded	主题不涉及 Rb/Rydberg/光镊/中性原子阵列或相关量子计算模拟工程。	molecule;ion_or_solid	Photoionization Across Scales: Atomic Structure, Molecular Dynamics, and Novel Applications	Temperature-density effects on atomic cross sections in high-energy-density plasmas.	https://meetings-archive.aps.org/damop/2026/n09/1/	R-Matrix calculations for opacities: RMOP-I. Methodology and computations , A.K. Pradhan, S.N. Nahar and W. Eissner (J.Phys.B, 57, 125001, 2024) R-Matrix calculations for opacities.RMOP-II. Photoionization and oscillator strengths of iron ions FeXVII, FeXVIII and FeXIX, S.N. Nahar, L. Zhao, W. Eissner and A.K. Pradhan (J.Phys.B, 57, 125002, 2024) R-matrix calculations for opacities: RMOP-III. Plasma broadening of autoionizing resonances, A.K. Pradhan (J. Phys.B, 57, 125003, 2024) R-Matrix calculations for opacities: RMOP-IV. Convergence, completeness, and comparison of relativistic R-matrix and distorted wave calculations for FeXVII and FeXVIII, L. Zhao, S.N. Nahar and A.K. Pradhan (J. Phys.B, 57, 125004, 2024) Planned: R-Matrix calculations for opacities: V. Temperature-density dependence of photoabsorption cross sections and opacity spectra of iron and oxygen ions D. Chari, S.N. Nahar and A.K. Pradhan	We demonstrate the effects of plasma broadening on R-matrix photoabsorption cross sections and monochromatic opacities as functions of temperature and electron density in astrophysical and laboratory plasmas. In general, all atomic systems are subject to plasma environments, and radiative propagation depends on photoabsorption through bound–bound transitions and autoionizing resonances in bound-free photoionization cross sections. Calculations are carried out for O VI–VII and Fe XVII–XIX. Photoionization cross sections from R-matrix opacity calculations (RMOP) are compared with Opacity Project (OP) data. For selected O VI–VII levels, RMOP cross sections exhibit a much richer resonance struct
N09/2	unrelated_excluded	主题不涉及 Rb/Rydberg/光镊/中性原子阵列或相关量子计算模拟工程。	molecule	Photoionization Across Scales: Atomic Structure, Molecular Dynamics, and Novel Applications	Studying the Effect of Coupling Strength and Magnetization on AC Conductivity Using Ultracold Neutral Plasmas	https://meetings-archive.aps.org/damop/2026/n09/2/		Ultracold neutral plasmas (UNP) are a useful tool for studying plasma physics in tabletop laboratory environments. AC conductivity is an important consideration in many areas of plasma physics including energy transport, stopping power, and laser excitation among others. In order to better understand the absorptive part of AC conductivity in plasmas, we have measured it across a range of moderate coupling strengths as well as magnetization regimes in a UNP. The results of these studies as well as a comparison to common theories will be presented.
N09/3	related_excluded	涉及分子、分子显微镜、polar molecule 或 RbCs/KRb/NaCs 混合系统；不是 Rb87 Rydberg atom tweezer array。	cavity;Sr;molecule	Photoionization Across Scales: Atomic Structure, Molecular Dynamics, and Novel Applications	Experimental Implementation of Multi-Resonant Laser Isotope Separation for Strontium Isotope Enrichment	https://meetings-archive.aps.org/damop/2026/n09/3/	[1] A.D. Barr et al., Phys. Rev. Applied 24, 034081 (2025).	We report on the laboratory development and initial implementation of a Multi-Resonant Laser Isotope Separation (MRLIS) [1] system for producing enriched strontium isotopes, targeting applications such as metabolic tracers (e.g., for bone health studies) and precision tests of quantum mechanics. Our approach integrates a planar Fabry-Pérot cavity to enable efficient, continuous-wave (CW) photoionization through resonant intracavity power buildup. This design overcomes the challenges of low photoionization cross-sections and limited CW laser powers by delivering high intracavity power density across an ultra-large mode volume, thus saturating ionization of the targeted isotope. We present ini
N09/4	related_excluded	涉及分子、分子显微镜、polar molecule 或 RbCs/KRb/NaCs 混合系统；不是 Rb87 Rydberg atom tweezer array。	gate_QEC;molecule;vapor_or_MOT;ion_or_solid	Photoionization Across Scales: Atomic Structure, Molecular Dynamics, and Novel Applications	CHARACTERISTIC SPECTRAL FEATURES IN PHOTOIONIZATION OF Ca III	https://meetings-archive.aps.org/damop/2026/n09/4/		Characteristic spectral features in photoionization of Ca III, (Ca~III + h\nu \rightarrow Ca~IV + e), are studied in the relativistic Breit-Pauli R-matrix (BPRM) approximation. A large close-coupling wave function expansion of Ca III which includes core ion excitation of 54 levels belonging to configurations 3s^23p^5, 3s3p^6, 3s^23p^43d, 3s^23p^44s, 3s^23p^44p, 3s^22p^44d of Ca IV is employed. Excited configurations with n=4 orbitals enable study of high energy features in photoionization and to achieve convergence of resonances. Calculations include 14 terms for the R-matrix basis set for the orbitals inside the R-matrix sphere and 69 bound channel configurations of Ca III. We find a total 
N09/5	unrelated_excluded	主题不涉及 Rb/Rydberg/光镊/中性原子阵列或相关量子计算模拟工程。	molecule	Photoionization Across Scales: Atomic Structure, Molecular Dynamics, and Novel Applications	Double ionization of doubly excited states of heliumlike targets	https://meetings-archive.aps.org/damop/2026/n09/5/		Doubly excited states of atoms are extremely sensitive to electron correlation, while single photon double ionization is a means to probe electron correlation. We consider double photoionization from the doubly excited states of targets with two fully correlated valence electrons. In the case of atomic beryllium, the doubly excited states that are coupled in 3P and 1D initial state symmetries are actually bound, and thus these targets can be placed on a finite grid. The 1S initial state of Be, however, is autoionizing, though with a rather narrow width and in fact decays to a single known channel. We preent the triple differential cross section (TDCS) for removing the fully correlated electr
N09/6	related_excluded	涉及分子、分子显微镜、polar molecule 或 RbCs/KRb/NaCs 混合系统；不是 Rb87 Rydberg atom tweezer array。	gate_QEC;molecule;vapor_or_MOT	Photoionization Across Scales: Atomic Structure, Molecular Dynamics, and Novel Applications	Permanent electric dipole signature in molecular frame photoelectron momentum distribution of H2O	https://meetings-archive.aps.org/damop/2026/n09/6/	[1] P. Fernández-Milán, V. J. Borràs, J. González-Vázquez, F. Martín; Photoionization of the water molecule with XCHEM. J. Chem. Phys. 7 April 2023; 158 (13): 134305. [2] Masakazu Yamazaki et al 2009 J. Phys. B: At. Mol. Opt. Phys. 42 051001. [3] Inga Jordan et al. ,Attosecond spectroscopy of liquid water. Science369,974-979(2020). [4] Martin Huppert et al. Phys. Rev. Lett. 117, 093001 [5] Vladislav V. Serov, Anatoli S. Kheifets; Time delay in XUV/IR photoionization of H2O. J. Chem. Phys. 28 November 2017; 147 (20): 204303.	We theoretically investigate the process of single-photon single ionization of H2O by a linearly polarized few-cycle attosecond XUV pulse with the goal of answering the question on whether a permanent electric dipole of bent molecule such as H2O has an imprint in its photoelectron momentum distribution (PMD). While the investigation of photoionization involving H2O has been done before [1]-[5], these investigation focus either on angular distributions or on time delays in molecular photoionization. Using the R-matrix with time dependence method, we compute the PMD of H2O for the attopulse's propagation directions of \hat{x}, \hat{y} and \hat{z} in the molecular frame where \hat{z} axis corre
N09/7	related_excluded	涉及分子、分子显微镜、polar molecule 或 RbCs/KRb/NaCs 混合系统；不是 Rb87 Rydberg atom tweezer array。	gate_QEC;molecule;optical_lattice_or_gas;ion_or_solid	Photoionization Across Scales: Atomic Structure, Molecular Dynamics, and Novel Applications	X-ray induced ring-opening of organosulfur molecule 2-Bromothiophene	https://meetings-archive.aps.org/damop/2026/n09/7/	[1] Michael N. R. Ashfold, Matthew Bain, Christopher S. Hansen, Rebecca A. Ingle, Tolga N. V. Karsili, Barbara Marchetti, and Daniel Murdock, Phys. Chem, Lett., 8, 3440 (2017). [2] Barbara Marchetti, Tolga N. V. Karsili, Orla Kelly, Panos Kapetanopoulos, and Michael N. R. Ashfold, The Journal Of Chemical Physics 142, 224303 (2015).	Ring-openings of organic molecules are predecessors of formation of life-critical compounds [1]. Organosulfur molecules are known for their importance in natural life processes and artificial drug formation. Ring-opening dynamics has been investigated via direct UV- photo-excitations where the excited molecular states relax via kinetic arrangements of the nuclei [2]. We present experimental results of x-ray induced ring-opening and the subsequent fragmentation of organosulfur molecule, 2-Bromothiophene. The photoexcitation of the organic molecule is achieved through inner-valence ionization occurring at the bromine or sulfur atomic site. The fragmentation is revealed and identified via ion-i
N09/8	related_excluded	涉及分子、分子显微镜、polar molecule 或 RbCs/KRb/NaCs 混合系统；不是 Rb87 Rydberg atom tweezer array。	gate_QEC;molecule	Photoionization Across Scales: Atomic Structure, Molecular Dynamics, and Novel Applications	Angle- and Energy-Resolved Photoelectron Distribution from Fullerenes and Endofullerenes	https://meetings-archive.aps.org/damop/2026/n09/8/		The discovery of C60 and other spherical fullerenes revealed a unique class of carbon nanostructures, defined by their size, cage-like geometry, and high symmetry, which are spectroscopically eminent [1]. The hollow cage can accommodate atoms and form endohedral fullerenes. The collective oscillations of the delocalized electrons in fullerenes give rise to a giant and another higher energy plasmon resonance [2, 3]. Despite extensive studies, the angle- and energy-resolved photoelectron distribution from fullerenes and endofullerenes remains largely unexplored [4]. In this study, we consider Cₙ and X@Cₙ (n = 60, 240; X = Ar, Mg) to investigate how plasmon excitations shape the photoelectron a
N09/9	related_excluded	涉及分子、分子显微镜、polar molecule 或 RbCs/KRb/NaCs 混合系统；不是 Rb87 Rydberg atom tweezer array。	gate_QEC;molecule	Photoionization Across Scales: Atomic Structure, Molecular Dynamics, and Novel Applications	Electron-Correlation Effects in the Photoelectron Circular Dichroism of Methyloxirane	https://meetings-archive.aps.org/damop/2026/n09/9/		Photoelectron circular dichroism (PECD) is a highly sensitive probe of molecular chirality in photoionization [1]. In this work, we investigate the role of electron-correlation effects in the PECD of the chiral molecule methyloxirane (C3H6O). We obtain the required bound and continuum electronic states using the ab initio R-matrix method and subsequently employ them within a time-dependent perturbation theory framework to compute the photoionization dynamics [2,3]. To systematically assess the impact of electron-correlation, we compare PECD profiles computed using the Static-Exchange (SE), Static-Exchange-Polarization (SEP), and comprehensive Close-Coupling (CC) scattering models. Our result
N09/10	related_excluded	涉及分子、分子显微镜、polar molecule 或 RbCs/KRb/NaCs 混合系统；不是 Rb87 Rydberg atom tweezer array。	quantum_sim;molecule	Photoionization Across Scales: Atomic Structure, Molecular Dynamics, and Novel Applications	Near-threshold positronium formation for molecules with near-adiabatic photoionization thresholds.	https://meetings-archive.aps.org/damop/2026/n09/10/		Positronium (Ps), the bound state of a positron and an electron, can be formed in low-energy positron collisions with atoms and molecules. This results in ionization of the target with a threshold EPs = EI - 6.8 eV, where EI is the target ionization energy, and 6.8 eV is the binding energy of Ps. Recently, measurements of the near-threshold Ps formation cross-section for several large polyatomic molecules showed a remarkable similarity with photoionization measurements [1]. This was shown to occur for molecules with a large shift between the vertical and adiabatic transition energies, and was attributed to the shape of the measured cross-section being determined by the growth of the density 
N10/1	unrelated_excluded	平台是离子、固态或其他非中性原子光镊平台。	Rydberg;Rb;metrology;vapor_or_MOT;ion_or_solid	Electric and Magnetic Field Sensors	Extremely low frequency electric field sensing using Rydberg ionization detection	https://meetings-archive.aps.org/damop/2026/n10/1/		We present a method for sensing electric fields down to single Hertz frequencies using a collimated beam of rubidium Rydberg atoms. The Rydberg atoms are detected using a field ionization measurement scheme. External electric fields produce DC Stark shifts which are detected as modulations of the ion signal. This method circumvents much of the low frequency electric field screening effects typically present in warm vapor cells containing alkali-metal atoms. With this approach a sensitivity of better than 1 mV/m√Hz is achieved for frequencies above 20 Hz with a spectral noise floor of ≈0.15 mV/m√Hz.
N10/2	related_excluded	Rydberg/Rb 相关但平台是 vapor/MOT/molasses/EIT/cold ensemble，不是 optical tweezer array。	Rydberg;Rb;metrology;vapor_or_MOT	Electric and Magnetic Field Sensors	Rydberg vapor cell atomic electrometry for sensing quasi-DC electric fields	https://meetings-archive.aps.org/damop/2026/n10/2/	planned paper	We report on the use of Rydberg atoms with vapor-cell-based atomic electrometry for the detection of electric fields in the extremely low-frequency regime, specifically from DC to ELF band. One of the primary challenges encountered when utilizing vapor cells at these lower frequencies is the electric-field screening effect caused by alkali-metal atoms adsorbed on the inner surface of the container. By employing a specific coating within the vapor cell and utilizing only infrared lasers for Rydberg excitation, we successfully achieved electric-field screening on the order of seconds in a rubidium vapor cell, thereby enabling the sensitive detection of extremely low-frequency electric fields.
N10/3	related_excluded	相关但未写入：Rb87 near-circular Rydberg lifetime/ionization 测量，但平台是 MOT/cryogenic field-ionization apparatus，不是 optical tweezer array。	Rydberg;Rb87;Rb;quantum_sim;cryo;metrology;molecule;vapor_or_MOT	Electric and Magnetic Field Sensors	Toward Precise Measurements of Lifetimes and Ionization Electric Fields in Near-Circular Rydberg States	https://meetings-archive.aps.org/damop/2026/n10/3/		Rydberg states of atoms and molecules are unique quantum states characterized by unconventional properties, including extreme sensitivity to electric fields and strong dipolar interactions. These features have enabled - and will continue to facilitate - a wide range of applications in quantum science and technology, such as quantum computing and simulation, Stark deceleration, and high-precision quantum sensing. In this talk, I will present our progress in the systematic investigation of two key parameters - lifetimes and ionization electric fields - of Rydberg states, with a particular focus on high-angular-momentum states (l ~ |m| ~ n-1), a regime that remains largely unexplored. We use Rb
N10/4	related_excluded	Rydberg/Rb 相关但平台是 vapor/MOT/molasses/EIT/cold ensemble，不是 optical tweezer array。	Rb87;metrology;vapor_or_MOT	Electric and Magnetic Field Sensors	Hyperfine resolved Optical Pumping for Precision Magnetometry in Earth-scale Fields	https://meetings-archive.aps.org/damop/2026/n10/4/		For precision atomic magnetometry, inert buffer gas is included in alkali-metal vapor cells to broaden hyperfine transitions. Here we discuss low-buffer gas pressure alkali vapor cells with resolved hyperfine manifolds that also yield high performance magnetometers. We use a probe-assisted depopulation pumping to achieve high polarization in 87Rb, optically pumping F = 2 states with narrow linewidth σ+ light, while tuning a probe beam to depopulate F = 1 states (Δν = 6.8 GHz from F = 2). The probe tuning then also provides F = 2 detection with high optical rotation and low probe broadening; we demonstrate top-bottom gradiometry, within a small cell with single-pass geometry, that yields an E
N10/5	unrelated_excluded	读完摘要后未发现可归入 Rb87 Rydberg 光镊平台近期实验/工程问题的内容。	Rb87;metrology	Electric and Magnetic Field Sensors	Real-Time Self-Correcting RF Atomic Magnetometer for Unshielded Operation	https://meetings-archive.aps.org/damop/2026/n10/5/		Optically pumped atomic magnetometers (OPAM) offer high sensitivity to rf magnetic fields and are easily tunable with a bias field B aligned with the pump direction. The sensitivity relies on a narrow linewidth, yet a narrow linewidth makes them vulnerable to small ambient fields. For instance, the arrival of a nearby elevator can easily shift the Larmor frequency beyond ~0.5 kHz linewidth, greatly degrading the signal of interest. Therefore, unshielded OPAM use requires real-time autotuning. We demonstrate how atoms themselves can be used to set B, both its magnitude and direction, using a fiber-coupled 87Rb OPAM. The probe beam in this OPAM is perpendicular to the pump and passes through t
N10/6	related_excluded	Rydberg/Rb 相关但平台是 vapor/MOT/molasses/EIT/cold ensemble，不是 optical tweezer array。	Rb87;Rb;quantum_sim;metrology;vapor_or_MOT	Electric and Magnetic Field Sensors	A Multilevel Optical Bloch Framework for Saturated Absorption Spectroscopy in the Hyperfine Paschen–Back Regime	https://meetings-archive.aps.org/damop/2026/n10/6/	1. A saturation-absorption rubidium magnetometer with multilevel optical Bloch-equation modeling for intermediate-to-high fields, arXiv:2601.09115 [quant-ph]	High magnetic fields are often encountered in applications such as medical imaging, plasma science, and fusion research, where accurate field determination is essential for quantitative interpretation. In these environments, conventional sensors can be difficult to deploy, susceptible to electromagnetic interference, or lacking in intrinsic calibration. Atomic magnetometry offers an alternative approach, as magnetic-field information is directly encoded in atomic energy levels defined by fundamental constants. In strong magnetic fields, alkali atoms enter the hyperfine Paschen-Back regime, producing strongly field-dependent transitions that can be exploited for magnetometry using saturated a
N10/7	unrelated_excluded	读完摘要后未发现可归入 Rb87 Rydberg 光镊平台近期实验/工程问题的内容。	cryo;metrology	Electric and Magnetic Field Sensors	Pulsed Vector Magnetometry for active brain scans	https://meetings-archive.aps.org/damop/2026/n10/7/		Optically pumped magnetometers (OPMs) have recently shown promise for providing an alternative to superconducting quantum interference devices (SQUIDs) in performing magnetoencephalography (MEG). Unlike SQUIDs however, OPMs do not need to operate at cryogenic temperatures reducing their required standoff distance from a human subject and allowing for a patient to move around a room during a scan. However, many commercially available OPM systems fail to approach the theoretical limits of a spin exchange relaxation free magnetometer only hitting ~ 14.9 ft/rt-Hz. One of the reasons for this shortcoming is the presence of laser noise during measurements. Our group plans to implement a novel vect
N10/8	related_excluded	相关但未写入：cold Rb87 low-lying Rydberg EIT clock；平台是 molasses/EIT clock，不是 Rb87 Rydberg 光镊阵列。	Rydberg;Rb87;Rb;gate_QEC;cavity;metrology;vapor_or_MOT	Electric and Magnetic Field Sensors	An EIT-based cold rubidium-87 clock using a low-lying Rydberg level	https://meetings-archive.aps.org/damop/2026/n10/8/		Here we present the progress in studying the efficacy of a two-photon rubidium-87 clock utilizing the 5S1/2 → 5P3/2 → 18S1/2 electromagnetically induced transparency (EIT) ladder state. A laser-cooled rubidium molasses is prepared for interrogation using red-detuned cooling beams and a polarization gradient cooling stage to reach sub-Doppler temperatures. A D2 probe laser and a 490 nm control beam locked to a high-finesse optical cavity are used to create the EIT state. A high duty-cycle clock measurement is planned by rapidly alternating between the EIT and optical cooling pulses, ideally optimizing the recapture vs. clock cycle readout time. We also plan to study alternative upper-level EI
N10/9	unrelated_excluded	平台是离子、固态或其他非中性原子光镊平台。	gate_QEC;quantum_sim;metrology;ion_or_solid	Electric and Magnetic Field Sensors	Optimal Microwave Pulse Trains for Ramsey Metrology of 13C in Diamond	https://meetings-archive.aps.org/damop/2026/n10/9/		The electronic spin of a nitrogen-vacancy (NV) center in diamond forms the basis of numerous quantum sensing applications, including NMR spectroscopy, nanoscale magnetometry, accelerometers, and quantum gyroscopes. We present ongoing work in building a complete dissipative model for the interaction of an NV center with proximal 13C nuclear spins driven by optical and microwave pulse trains. Chirped microwave pulses have been shown to map between the electronic spin of the NV center and the nuclear spin of the 13C atom, providing interferometric access to the 13C nuclear spins. A train of microwave pulses in combination with the laser field realizes the metrological scheme consisting of dynam
N10/10	related_excluded	相关但未写入：ultracold-atom microwave polarimetry 可服务场标定；摘要不是光镊阵列实验，也不是 Rb87 tweezer 平台方案。	Rydberg;quantum_sim;metrology;vapor_or_MOT;optical_lattice_or_gas	Electric and Magnetic Field Sensors	Microwave polarimetry using multi-level Rydberg Spectroscopy in Ultracold Atoms	https://meetings-archive.aps.org/damop/2026/n10/10/	Y Wang, A Panja , X Wang, M. Ehsanuzzaman, Q-Y Liang - Three-dimensional microwave field characterization via self-calibrated multiparameter measurement (manuscript in prep)	Rydberg atoms, with their valence electrons excited to high principal quantum numbers n, have emerged as versatile tools for quantum science. Their special properties—strong dipole–dipole and van der Waals interactions, large dc polarizability, long lifetimes and a dense ladder of microwave transitions—enable applications ranging from quantum simulation to precision electrometry and rf-polarimetry. Conventional Rydberg-EIT–based microwave electrometry provides a method to measure microwave fields across a broad frequency range, typically from MHz to THz. These are usually done in all-optical methods where the MW field is directly inferred from the Autler Townes splitting of the EIT resonance
P03/1	unrelated_excluded	读完摘要后未发现可归入 Rb87 Rydberg 光镊平台近期实验/工程问题的内容。	gate_QEC;cavity	Cavity QED	Continuously monitored ergodicity breaking in multimode cavities	https://meetings-archive.aps.org/damop/2026/p03/1/	"""Directly observing replica symmetry breaking in a vector quantum-optical spin glass,"" Science 389, 1122 (2025) ""Entanglement and replica symmetry breaking in a driven-dissipative quantum spin glass,"" PRX 14, 011026 (2024)"	We present experimental evidence for replica symmetry breaking in a system of effective spins coupled to a multimode optical cavity. This phenomenon is observed experimentally by exploiting a correspondence between individual trajectories of a continuously monitored system and replicas in the analysis of spin glasses. We experimentally characterize the glassy phase, by analyzing the landscape of its minima, which show signatures of ultrametricity. The landscape of minima is qualitatively similar to that of infinite-range spin glasses in equilibrium, but exhibits quantitative differences, reflecting the fact that the relaxation dynamics in a cavity is inherently nonequilibrium. We present exp
P03/2	unrelated_excluded	平台是离子、固态或其他非中性原子光镊平台。	gate_QEC;quantum_sim;cavity;metrology;ion_or_solid	Cavity QED	Towards entangling distributed registers of trapped ions	https://meetings-archive.aps.org/damop/2026/p03/2/	[1] M. Canteri et al., Photon interfaced ten qubit register of trapped ions, Phys. Rev. Lett. 135, 080801 (2025). [2] M. Canteri et al,. Generation of multipartite photonic entanglement using a trapped-ion quantum processing node, arXiv:2510.15693 (2025)	Our group is developing methods to entangle remote atomic registers, distributed over distances ranging from a few metres to hundreds of kilometres or more. Such atomic quantum networks could enable new applications in sensing, timekeeping, computing, and communication. Our approach employs network nodes, each comprising a trapped-ion register (40Ca+), integrated with an optical cavity for efficient ion–photon coupling. Deterministic quantum logic within the register lets each node operate as a prototype photon-interfaced quantum processor.I will summarise two recent results. First, we show how to entangle each ion qubit in a ten-ion register with a separate travelling photon [1]. By switchi
P03/3	related_excluded	相关但未写入：subwavelength atom array/cavity quantum metasurface proposal；不是 Rb87 optical tweezer Rydberg array 的具体实验。	Rydberg;neutral_atom_array;gate_QEC;cavity	Cavity QED	Quantum metasurfaces as probes of vacuum particle content	https://meetings-archive.aps.org/damop/2026/p03/3/	https://arxiv.org/pdf/2503.03838	The quantum vacuum of the electromagnetic field is inherently entangled across distinct spatial sub-regions, resulting in particle content across these spatial sub-regions. However, accessing this particle content in a controlled laboratory experiment has remained out of experimental reach. Here we propose to overcome this challenge with a quantum mirror made from a two-dimensional sub-wavelength array of atoms that divides a photonic cavity. The array's response to light is tunable between transmissive and reflective states by a control atom that is excited to a Rydberg state. We find that vacuum photon content from non-perturbative changes of the boundary conditions and therefore distinct 
P03/4	related_excluded	光镊/中性原子阵列相关，但摘要没有 Rb87 或 Rydberg 核心实验。	neutral_atom_array;gate_QEC;cavity;vapor_or_MOT;optical_lattice_or_gas	Cavity QED	A 600-site cavity array microscope for parallel single-atom interfacing	https://meetings-archive.aps.org/damop/2026/p03/4/		Optical cavities are a foundation technology for controlling light-matter interactions. While interfacing a single cavity to either an atom or ensemble has become a standard tool, the adventof single atom control in large atomic arrays has spurred interest in a new frontier of “many-cavity QED,” featuring many independent resonators capable of separately addressing individualquantum emitters. In this fast-evolving landscape, the cavity array microscope was recently introduced—employing free space intra-cavity optics to engineer a two-dimensional array of tightlyspaced cavity TEM00 modes with wavelength-scale waists, ideally suited for interfacing with atom arrays. In this talk I will discuss
P03/5	related_excluded	中性原子/Rydberg/tweezer 方向相近，但物种是 Yb/Sr/Cs 等，不是 Rb87。	neutral_atom_array;gate_QEC;cavity;metrology;Yb	Cavity QED	A cavity-coupled 171Yb atom array platform for distributed quantum computing	https://meetings-archive.aps.org/damop/2026/p03/5/		Alkaline earth(-like) atoms are an emerging platform for quantum computing and metrology, enabled by ultra-narrow optical clock transitions and long-lived, well-isolated nuclear spin states. Integrating a ytterbium-171 atom array into an optical cavity enables fast, non-destructive readout and efficient photon interconnects between spatially separated modules, supporting long-range interactions for generating large-scale entanglement. We present our efforts to realize a 171Yb atom array in the cavity, with a measured finesse of ~25000 and a mode waist of 16 µm, corresponding to a single-atom cooperativity C≈6 at 556nm. And report our progress towards fast, shelving-based mid-circuit measurem
P03/6	included_in_topic_abstract	已写入 abstract.qmd。	Rydberg;Rb;tweezer;neutral_atom_array;gate_QEC;quantum_sim;cavity	Cavity QED	Rydberg physics and mid-circuit measurement with atomic tweezer arrays in an optical cavity	https://meetings-archive.aps.org/damop/2026/p03/6/		Optical tweezer arrays of ultracold atoms have revolutionized atomic physics and quantum science research over the past decade, with Rydberg-state-mediated entanglement making them a leading platform for quantum information processing and analog quantum simulation. Interfacing these systems with high-finesse optical cavities could enable significant advances, including the ability to perform fast, nondestructive qubit readout; the development of optical interconnects for quantum networking and distributed quantum computing; and the introduction of strong, collective atomic interactions with a single optical mode. Here, we report on progress towards these goals with a rubidium atom array stro
P04/1	unrelated_excluded	读完摘要后未发现可归入 Rb87 Rydberg 光镊平台近期实验/工程问题的内容。	gate_QEC	Quantum Error Correction	Decoding the Surface Code with Graph Neural Networks	https://meetings-archive.aps.org/damop/2026/p04/1/		Decoding plays a fundamental role in quantum error correction. In this talk, I present a decoding strategy based on Graph Neural Networks that exploits the graph structure of the detector error model generated for the Surface Code to perform error correction. I discuss its performance compared to traditional decoders and highlight current limitations and open challenges.
P04/2	included_in_topic_abstract	已写入 abstract.qmd。	Rydberg;neutral_atom_array;gate_QEC	Quantum Error Correction	Low-Depth Quantum Error Correction via Three-Qubit Gates in Rydberg Atom Arrays	https://meetings-archive.aps.org/damop/2026/p04/2/	Phys. Rev. Lett. 135, 240602 (2025)	Quantum error correction typically requires deep circuits and large resources. We introduce a fast, low‑depth stabilizer readout for the surface code based on singly‑controlled two‑target (CZ2) gates. We show that this scheme preserves fault tolerance while reducing gate count and runtime, and is directly implementable in Rydberg atom arrays with time‑optimal pulses. Extensions to biased and erasure‑dominant noise, to quantum LDPC codes, and a survey of other optimal compilation strategies are also discussed.
P04/3	included_in_topic_abstract	已写入 abstract.qmd。	Rydberg;neutral_atom_array;gate_QEC;quantum_sim	Quantum Error Correction	Error correction for Rydberg gadget embedding	https://meetings-archive.aps.org/damop/2026/p04/3/		Rydberg atom arrays are promising platforms for adiabatic quantum computing, as their Hamiltonians naturally encode the NP-hard unit-disk/ball maximum weighted independent set (UD/UB-MWIS) problem. Rydberg gadgets, structured auxiliary atoms, implement non-native interactions that embed problem graphs into UD/UB geometries. However, embeddings require O(N^2) atoms for O(N)-size problems, motivating error correction through redundant encoding.Here, we propose a cluster-based decoding scheme for embedded Rydberg atom arrays. The method exploits that gadgets are grouped into superatoms, allowing exactly one Rydberg excitation via the Rydberg blockade. By counting excitations that yield a nonlin
P04/4	included_in_topic_abstract	已写入 abstract.qmd。	Rydberg;Rb;neutral_atom_array;gate_QEC;quantum_sim;Yb	Quantum Error Correction	Hybrid Atom Arrays for Fast Stabilizer Measurements and Interspecies Rydberg Interaction Engineering	https://meetings-archive.aps.org/damop/2026/p04/4/	ArXiv: 2503.16896	Atom arrays have emerged as a powerful platform for quantum computation and simulation. However, key challenges remain, including fast, non-destructive readout of a selected subset of atoms without crosstalk—a crucial requirement for extracting quantum error syndromes via stabilizer measurements. To address these challenges, we have developed a novel dual-type Yb–Rb atom array architecture aimed at enabling fault-tolerant quantum computation and exploring quantum information dynamics.In our approach, single ytterbium (Yb) atoms, which feature long-lived nuclear spin coherence, serve as data qubits, while rubidium (Rb) atomic ensembles, benefiting from enhanced collective optical responses, a
P04/5	related_excluded	相关但未写入：Na/Cs 双物种 Rydberg entanglement；平台物种不是 Rb87，且 QEC/dual-species 已由 G04/4、P04/4 覆盖。	Rydberg;tweezer;neutral_atom_array;gate_QEC;quantum_sim;Cs	Quantum Error Correction	Multi-qubit entanglement on a dual-species array of sodium and cesium Rydberg atoms	https://meetings-archive.aps.org/damop/2026/p04/5/		Optical tweezer arrays of neutral atoms have proven to be a versatile platform for quantum science due to their precise controllability, flexible geometries, strong interactions mediated by Rydberg states, and scalability to high atom numbers. Dual-species arrays complement and extend these capabilities by incorporating two distinct atomic species, offering greater tunability of interatomic interactions and novel possibilities for local control and readout. Here, we demonstrate two-dimensional arbitrary-geometry tweezer arrays of sodium (23Na) and cesium (133Cs) atoms with coherent excitation to Rydberg states of each species. We encode qubits in the hyperfine m=0 clock states of each specie
P04/6	unrelated_excluded	平台是离子、固态或其他非中性原子光镊平台。	gate_QEC;quantum_sim;ion_or_solid	Quantum Error Correction	Biased spin-cat qubits encoded in metastable states of trapped ions for Fault-tolerant Quantum computation	https://meetings-archive.aps.org/damop/2026/p04/6/		Metastable states of bosonic trapped ions provide a large electronic-spin manifold suitable for encoding quantum information. We consider encoding spin-cat states in the D5/2 manifold of the 40Ca+ ion. The fundamental source of errors in this system is optical pumping arising from coupling to the P3/2 manifold. We show that optical pumping errors acting on spin-cats can be converted into effective dephasing errors via a measurement-free error-correction protocol. We employ sympathetic cooling to enable the necessary non-unitary recovery operation, where the motional mode assumes the role of an ancillary qubit in syndrome-based error correction. We experimentally implement this technique and 
P04/7	unrelated_excluded	平台是离子、固态或其他非中性原子光镊平台。	gate_QEC;vapor_or_MOT;ion_or_solid	Quantum Error Correction	Error correction and logical entangling gates with 40Ca+ single-ion logical qubits	https://meetings-archive.aps.org/damop/2026/p04/7/	"DeBry, Kyle, Nadine Meister, Agustin Valdes Martinez, Colin D. Bruzewicz, Xiaoyang Shi, David Reens, Robert McConnell, Isaac L. Chuang, and John Chiaverini. ""Error correction of a logical qubit encoded in a single atomic ion."" arXiv preprint arXiv:2503.13908 (2025)."	Quantum error correction (QEC) is essential for quantum computers to perform useful algorithms, but large-scale fault-tolerant computation remains out of reach due to demanding requirements on operation fidelity and the number of controllable quantum bits (qubits). While traditional QEC schemes involve encoding each logical qubit into many physical qubits, in this work we experimentally demonstrate a complementary approach by encoding a logical qubit in the multi-level Hilbert space of a single atomic ion. By performing QEC, we reduce errors by a factor of up to 2.2 and extend the qubit's useful lifetime by up to 1.5 times compared to an unencoded qubit. Additionally, we introduce and demons
P04/8	unrelated_excluded	平台是离子、固态或其他非中性原子光镊平台。	gate_QEC;metrology;ion_or_solid	Quantum Error Correction	Demonstration of a bosonic toolbox for universal fault tolerant quantum computing with GKP states	https://meetings-archive.aps.org/damop/2026/p04/8/		Fault-tolerant quantum computers will need to combine the ability to perform error correction with gate operations which produce correctable errors[1]. Bosonic codes provide a hardware-efficient option for error correction but also require compatibility between the code and interactions used for gates, to be suited for fault-tolerance. A suitable bosonic code is the GKP code [2,3] which offers compatibility with beam splitter interactions which have a simple physical form and preserve the grid structure of the code. We present on using two motional modes of a trapped ion and a beam splitter to generate an entangled state of GKP qubits by interfering two qunaught states, which show the period
P04/9	unrelated_excluded	平台是离子、固态或其他非中性原子光镊平台。	gate_QEC;metrology;ion_or_solid	Quantum Error Correction	Taming Multi-Headed Schrödinger Cats with Nonlinear Reservoir Engineering	https://meetings-archive.aps.org/damop/2026/p04/9/	https://arxiv.org/abs/2509.05734	Quantum harmonic oscillators play an important role in quantum technologies, enabling precision sensing, quantum computation, and bosonic error-correcting codes that exploit the infinite-dimensional Hilbert space for robust encoding with low hardware overhead. Two major classes of bosonic codes are translation-symmetric GKP codes and rotation-symmetric cat codes; the latter are especially suited to protecting against phase and motional dephasing errors in oscillator and trapped-ion platforms. However, standard trapped-ion control methods operate within the linear Lamb–Dicke regime, limiting access to the non-Gaussian state manifolds required for bosonic codes.We demonstrate the nonlinear pre
P05/1	unrelated_excluded	主题不涉及 Rb/Rydberg/光镊/中性原子阵列或相关量子计算模拟工程。	molecule	Solution Phase and Nanoparticle Dynamics	Studying Electron Tunneling in Liquids with Strong-Field Transient Absorption	https://meetings-archive.aps.org/damop/2026/p05/1/		Strong-field ionization in the tunneling regime has been extensively studied in the gas phase, including in increasingly large molecular systems. Tunnel ionization in liquids offers a way to study electron tunneling dynamics in a non-periodic medium of higher electron delocalization. Here we present results from a strong-field transient absorption experiment in liquid water. Following excitation by sub-10 fs intense near-IR pulses, we spectrally probe the valence electronic states that are accessible, focusing on dynamics within the first 100 fs. With these results, we seek to understand the importance of intermolecular electron delocalization in tunnel ionization.
P05/2	unrelated_excluded	主题不涉及 Rb/Rydberg/光镊/中性原子阵列或相关量子计算模拟工程。	molecule	Solution Phase and Nanoparticle Dynamics	Tracking Intermolecular Coherent Vibrations in Ultrafast Excited-State Proton Transfer	https://meetings-archive.aps.org/damop/2026/p05/2/	R. Jarupula, Y. Mao, H. Yong, Ultrafast Solvent-to-Solute Proton Transfer Mediated by Intermolecular Coherent Vibrations, Submitted (2025).	Ultrafast photoinduced excited-state proton transfer (ESPT) is a fundamental photoprotective mechanism in biomolecules and functional materials, yet the role of solute–solvent interactions in governing its dynamics remains incompletely understood. We report an ultrafast spectroscopic investigation of ESPT in the photobase 2-(2'-pyridyl)benzimidazole (PBI) in methanol. Femtosecond transient absorption measurements, supported by quantum chemical calculations, indicate a multistep reaction pathway consisting of (i) a solvent-to-solute proton transfer occurring within ~2 ps, followed by (ii) nonradiative relaxation to the ground state in ~30 ps, generating a vibrationally hot ensemble, and (iii)
P05/3	related_excluded	涉及分子、分子显微镜、polar molecule 或 RbCs/KRb/NaCs 混合系统；不是 Rb87 Rydberg atom tweezer array。	quantum_sim;molecule;vapor_or_MOT	Solution Phase and Nanoparticle Dynamics	Examining two-component dynamics in supercritical fluids with inelastic X-ray scattering	https://meetings-archive.aps.org/damop/2026/p05/3/	Majumdar, A., Sun, P., Singleton, M., Paolasini, L., Bosak, A., Baron, A., Hastings, J. and Ihme, M., Two-component Dynamics in Supercritical CO2 from Inelastic X-ray Scattering. (Submitted).	Supercritical fluids (SCFs) represent a unique thermodynamic state with both liquid-like and gas-like thermophysical properties. Near the liquid-gas critical point, SCFs display structural heterogeneity due to the formation of molecular clusters. Unlike regular liquids, SCFs at the nanoscale exhibit two acoustic responses, regarded as two-component dynamics. While prior studies have observed two-component dynamics, the underlying physical mechanism of such an anomalous phenomenon remains unclear. In this study, we employ high-resolution inelastic X-ray scattering (IXS) to study the acoustic responses at sub-nanometer length scales in supercritical CO2. We present results from IXS measurement
P05/4	unrelated_excluded	主题不涉及 Rb/Rydberg/光镊/中性原子阵列或相关量子计算模拟工程。	molecule;vapor_or_MOT	Solution Phase and Nanoparticle Dynamics	Capturing ultrafast collective dynamics in supercritical fluids using X-ray Photon Correlation Spectroscopy	https://meetings-archive.aps.org/damop/2026/p05/4/		Mesoscopic density fluctuations in supercritical fluids lead to structural heterogeneities, thermodynamic anomalies and highly adjustable transport properties. These structural heterogeneities manifest as the formation of molecular clusters, which are especially pronounced near the liquid-gas critical point. While the equilibrium structure of these molecular clusters has been studied, their dynamic properties remain poorly understood. We present results from split-pulse X-ray photon correlation spectroscopy measurements at the Linac Coherent Light Source of normal and heavy water at supercritical conditions to probe this structural-dynamic behavior. The intermediate scattering function (ISF)
P05/5	unrelated_excluded	主题不涉及 Rb/Rydberg/光镊/中性原子阵列或相关量子计算模拟工程。	molecule	Solution Phase and Nanoparticle Dynamics	Controlled Spinning of Molecules in Superfluid Helium using an Optical Centrifuge	https://meetings-archive.aps.org/damop/2026/p05/5/	https://doi.org/10.1103/5jnj-97vs	An optical centrifuge is a shaped laser pulse that can be tuned to accelerate molecules to target rotational frequencies. We apply the centrifuge to molecules embedded in superfluid helium nanodroplets, enabling controlled rotational excitation of the defects inside a strongly interacting many-body environment. By measuring the alignment of the molecular distribution during the centrifuge, the accelerated rotation of molecules is directly observed over a continuous range of frequencies. With resonant excitation, measuring the decay rate of the centrifuge-induced alignment allows for time-domain measurements of rotational energy state lifetimes, even in the presence of rapid rotational decohe
P05/6	related_excluded	涉及分子、分子显微镜、polar molecule 或 RbCs/KRb/NaCs 混合系统；不是 Rb87 Rydberg atom tweezer array。	gate_QEC;molecule;optical_lattice_or_gas	Solution Phase and Nanoparticle Dynamics	Probing Hydrogen-Bond Dynamics in 1-Propanol Following Multiphoton Ionization via Liquid-Phase Ultrafast Electron Diffraction	https://meetings-archive.aps.org/damop/2026/p05/6/		Full Author List: H. Wu, T. Yoon, D. Mishra, L. Hoffmann, S. Bhattacharyya, M. Centurion, X. Cheng, D. P. DePonte, S. W. Eisenberg, R. J. England, M. Grassl, C. Y. Hampton, L. F. Heald, J. Heo, M. Ihme, R. Jarupula, F. Ji, B. Kaufman, D. Kim, M. Kling, J. D. Koralek, P. Kramer, R. A. Lemons, M. Li, M.-F. Lin, M. Mo, K. Murari, J. P. F. Nunes, S. Sahel-Schackis, S. P. Weathersby, T. Xu, C. Yang, O. Gessner, A. Reid, Y. Mao, Y. Liu , H. YongUnderstanding how solvent molecules respond to intense optical fields is critical for studying ultrafast chemical reactions in solution. In multiphoton-induced photochemical reactions, where high pulse fluence is typically required, solvent ionization becom
P05/7	related_excluded	涉及分子、分子显微镜、polar molecule 或 RbCs/KRb/NaCs 混合系统；不是 Rb87 Rydberg atom tweezer array。	quantum_sim;molecule	Solution Phase and Nanoparticle Dynamics	Ultrafast Photochemical Reaction of Propanol in Liquid Phase: Fragment-Specific Cage Structures Probed by Ultrafast Electron Diffraction	https://meetings-archive.aps.org/damop/2026/p05/7/	Direct Imaging of Fragment-Specific Molecular Caging by Hydrogen-Bonding in Ultrafast β-Scission in Liquid Phase	Laser-induced ionization initiates ultrafast photochemical reactions that are governed by both intramolecular structural changes and intermolecular interactions. In the liquid phase, these dynamic processes are strongly affected by hydrogen bonding and molecular confinement, leading to reaction pathways that differ fundamentally from those in the gas phase. Here, we directly observe liquid-phase photochemical reactions of 1-propanol using ultrafast electron diffraction (UED) following multi-photon ionization with 800-nm laser pulses. The measured structural dynamics reveal reaction initiation by β-scission, producing hydroxymethyl (CH2OH) and ethyl (C2H5) fragments and following intermolecul
P05/8	related_excluded	涉及分子、分子显微镜、polar molecule 或 RbCs/KRb/NaCs 混合系统；不是 Rb87 Rydberg atom tweezer array。	quantum_sim;molecule;vapor_or_MOT	Solution Phase and Nanoparticle Dynamics	Direct Observation of Ultrafast Hydrogen Bond Restructuring Upon Electron Photoinjection from Catalytic Nanoparticles.	https://meetings-archive.aps.org/damop/2026/p05/8/		Metallic nanoparticles have emerged as excellent catalytic drivers due to their enhanced surface coverage of active sites, electronic and structural tunability down to the atomic level, and plasmonic resonances allowing for tailored photocatalysis. Beyond their importance in catalysis, metallic nanoparticles also enable controlled studies of ultrafast energy deposition where charge , heat transfer, and chemical reactivity are strongly coupled in far from equilibrium environments. Here we report with femtosecond-resolution MeV electron diffraction the direct measurement of the ultrafast structural response of liquid water and change in hydrogen bond structure due to electron injection from ph
P05/9	unrelated_excluded	主题不涉及 Rb/Rydberg/光镊/中性原子阵列或相关量子计算模拟工程。	optical_lattice_or_gas	Solution Phase and Nanoparticle Dynamics	Investigating Effects of Nanoscale Facets on Surface Photocatalytic Activity in Cubic Gold Nanoparticles	https://meetings-archive.aps.org/damop/2026/p05/9/		Gold (Au) nanoparticles are effective for harvesting optical energy and are of particular interest because of their potential applications in next-generation catalytic technology. In order to inform future design development, it is crucial to better understand the fundamental processes involved. Here, we present experimental results from the Maloja instrument at SwissFEL where we utilized Coherent Diffraction Imaging (CDI) in coincidence with Velocity Map Imaging (VMI) to establish a relationship between nanoparticle morphology and surface catalytic activity. The 400 nm optical pump, operating near gold’s plasmon resonance, initiates ionization of the nanoparticle. A time-delayed 900 eV X-ra
P10/1	related_excluded	平台是 optical lattice、BEC、quantum gas 或 gas microscope，不是 Rb87 optical tweezer Rydberg array。	metrology;Yb;optical_lattice_or_gas	Advances in Atomic Clocks II	Precise characterization of a New Clock Transition in Ytterbium	https://meetings-archive.aps.org/damop/2026/p10/1/		Optical lattice clocks play an important role in state-of-the-art atomic clocks, with multiple species achieving fractional uncertainties of 10-18 or less. Such highly accurate clocks are now used as quantum sensors for fundamental physics searches. One of the transitions suitable for such quantum sensors is the 6s2 1S0 - 4f13 5d 6s2 (J=2) transition in neutral ytterbium at 431 nm. The excited state of this transition is theoretically predicted to be highly sensitive to multiple fundamental physics searches. The transition was observed experimentally for the first time in 2023. With atoms trapped in an optical lattice, Hertz-level precision spectroscopy is ready to be performed. We are devel
P10/2	related_excluded	平台是 optical lattice、BEC、quantum gas 或 gas microscope，不是 Rb87 optical tweezer Rydberg array。	cavity;cryo;metrology;Sr;optical_lattice_or_gas	Advances in Atomic Clocks II	JILA Wannier-Stark lattice Clock Part 1—Applications: Frequency Metrology and Optical Time Scale	https://meetings-archive.aps.org/damop/2026/p10/2/	BACON collaboration, arXiv:2512.21428 (2025)	Optical lattice clocks continue to push the limits of our understanding and control of atom-light and atom-atom interactions, now reaching fractional frequency uncertainties below 1E-18. This level of precision together with an ultrastable optical local oscillator provides superior timekeeping capabilities, driving progress toward the redefinition of the second. In this talk, we present our Sr optical lattice clock experiments at JILA. From a frequency standard perspective, we contribute to the global effort toward redefining the second. We have compared our clock to other optical atomic clocks at NIST over a 3.6 km optical fiber network [1]. By comparing two ultrastable cryogenic silicon re
P10/3	related_excluded	平台是 optical lattice、BEC、quantum gas 或 gas microscope，不是 Rb87 optical tweezer Rydberg array。	gate_QEC;quantum_sim;metrology;optical_lattice_or_gas	Advances in Atomic Clocks II	Scalable spin squeezing in a three-dimensional optical lattice clock induced by superexchange	https://meetings-archive.aps.org/damop/2026/p10/3/		Optical lattice clocks are among the most precise measurement devices ever built, reaching fractional uncertainties at the 10-19 level. However, further improvement by simply increasing the number of interrogated atoms is approaching a fundamental limit set by quantum projection noise. A key challenge is therefore to enhance sensitivity not by scaling atom number, but by generating entanglement—such as spin-squeezed states—that suppresses quantum noise. In this work, we develop a theoretical framework for scalable spin squeezing in optical lattice clocks driven by a strong laser field. Using matrix-product-state simulations of the Fermi–Hubbard model and its effective spin models, we identif
P10/4	unrelated_excluded	主题不涉及 Rb/Rydberg/光镊/中性原子阵列或相关量子计算模拟工程。	Sr;optical_lattice_or_gas	Advances in Atomic Clocks II	JILA Wannier-Stark Lattice Clock part II – Physics: Simultaneous Clock Operation and Gravimetry in an Optical Lattice Clock	https://meetings-archive.aps.org/damop/2026/p10/4/		The exquisite measurement precision of optical clocks and matterwave interferometers independently offer exciting opportunities to probe fundamental physics and gravity. In this talk, we present a trapped atom interferometer scheme [1] implemented via simultaneous interrogation of the clock and motional degrees of freedom within a 87Sr Wannier-Stark Lattice clock. Specifically, we perform clock spectroscopy at lattice depths less than ten photon recoils with the optical local oscillator detuned from the clock transition by +/- m g a , where a is the lattice spacing, m the Sr mass, and g the local gravitational acceleration. This process prepares a coherent superposition of both the internal 
P10/5	related_excluded	平台是 optical lattice、BEC、quantum gas 或 gas microscope，不是 Rb87 optical tweezer Rydberg array。	metrology;optical_lattice_or_gas	Advances in Atomic Clocks II	Gravitational-wave astronomy with a clock based detector network	https://meetings-archive.aps.org/damop/2026/p10/5/		Since LIGO’s first detection of a merging binary black hole system a decade ago, gravitational wave astronomy has become a unique window into the universe around us. Future space-based detectors such as the Laser Interferometer Space Antenna (LISA) will give access to the yet undiscovered world of low frequency gravitational waves, which are hidden from ground-based detectors by terrestrial noise. Atomic sensors such as optical clocks and atom interferometers offer a suite of capabilities that are unique and complimentary to those of interferometric detectors like LISA, through their tunable designs that allow measurements over large frequency bands (mHZ - Hz).In this talk, we will present r
P10/6	unrelated_excluded	平台是离子、固态或其他非中性原子光镊平台。	metrology;Sr;Cs;vapor_or_MOT;ion_or_solid	Advances in Atomic Clocks II	An 88Sr+ optical frequency standard for the NIST timescale	https://meetings-archive.aps.org/damop/2026/p10/6/		We present the current status of our singly-trapped 88Sr+ ion based clock. While the S1/2 -&gt; D5/2 transition in Sr+ can support an uncertainty competitive with the best candidate standards [1-3], we target a comparatively modest uncertainty of &lt;10-16. Our primary objective is high operational uptime so the clock can meaningfully discipline the atomic clock timescale generating UTC(NIST). The strontium ion is an excellent candidate for a robust frequency standard as lasers at the necessary wavelengths (within 400-1200 nm) are all mature technologies. We minimize frequency shifts due to micromotion by operating at the “magic” RF trapping frequency where the relativistic doppler shift and
P10/7	unrelated_excluded	平台是离子、固态或其他非中性原子光镊平台。	gate_QEC;quantum_sim;ion_or_solid	Advances in Atomic Clocks II	Large-scale calculations for Os16+ ions near the 5s-4f level crossing	https://meetings-archive.aps.org/damop/2026/p10/7/	Optical transitions near the elusive 5⁢𝑠−4⁢𝑓 level crossing in highly charged osmium with sensitivity to physics beyond the standard model, Nils-Holger Rehbehn, Lakshmi Priya Kozhiparambil Sajith, Michael K. Rosner, Charles Cheung, Sergey G. Porsev, Marianna S. Safronova, Steven Worm, Dmitry Budker, Thomas Pfeifer et al., Phys. Rev. A 112, L061101 (2025)	Highly charged ions exhibit enhanced sensitivity to physics beyond the Standard Model, with those near the 5s-4f level crossing being especially promising, but also particularly challenging to treat theoretically. We present large-scale configuration interaction calculations for Os16+ ions to support recent electron beam ion trap measurements. We systematically investigate correlation effects, including inner-shell excitations, basis set convergence, and the role of higher partial waves, and discuss the large uncertainties arising from the complexity of the atomic structure. Our calculations demonstrate that neglecting sufficient inner-shell excitations leads to a substantial overestimation 
P10/8	unrelated_excluded	平台是离子、固态或其他非中性原子光镊平台。	quantum_sim;cryo;metrology;vapor_or_MOT;ion_or_solid	Advances in Atomic Clocks II	Progress towards a 229-Th 3+ Nuclear Clock for New-Physics Sensing	https://meetings-archive.aps.org/damop/2026/p10/8/		The exceptionally-low-energy nuclear isomeric transition in 229-thorium at 148.35 nm constitutes a unique platform for precision nuclear spectroscopy and tests of fundamental physics. Its energy results from an accidental near-cancellation between strong-interaction and electromagnetic contributions, bestowing the transition with extraordinary sensitivity to variations of fundamental constants. This enhanced sensitivity enables searches for variations of the fine-structure constant and the strong-interaction equivalent. Additionally, it can serve as a probe of couplings between ultralight dark-matter fields and the quantum chromodynamic sector. We report on ongoing efforts toward the realiza
P10/9	unrelated_excluded	平台是离子、固态或其他非中性原子光镊平台。	gate_QEC;quantum_sim;ion_or_solid	Advances in Atomic Clocks II	Two-Tone Pulse Control for Temperature-Insensitive Diamond Frequency Standards	https://meetings-archive.aps.org/damop/2026/p10/9/	Towards a temperature-insensitive composite diamond clock, S. Lourette, A. Jarmola, J. Chathanathil, V. M. Acosta, A. G. Birdwell, P. Blümler, D. Budker, S. C. Carrasco, T. G. Ivanov, S. Kolkowitz, and V. S. Malinovsky, arXiv:2601.00157 (2026)	Nitrogen-vacancy (NV) centers in diamond provide a solid-state spin system with long coherence times and efficient optical readout, making them an attractive platform for compact frequency references. A central challenge is the strong temperature dependence of the NV electronic zero-field splitting, which leads to clock instability through lattice-induced frequency shifts. We present a scheme for a temperature-insensitive NV-based clock that exploits the distinct thermal responses of the electronic zero-field splitting and the intrinsic 14N nuclear quadrupole interaction. This approach is enabled by a two-tone zero-field-splitting (TTZFS) pulse sequence that isolates the half-sum of symmetri
P06/1	related_excluded	Rydberg/Rb 相关但平台是 vapor/MOT/molasses/EIT/cold ensemble，不是 optical tweezer array。	cavity;cryo;metrology;vapor_or_MOT	Searches for New Physics with Quantum Sensors	Optomechanical sensors for dark matter, axions, and gravity	https://meetings-archive.aps.org/damop/2026/p06/1/	"[1] ""Demonstration that differential length changes of optical cavities are a sensitive probe for ultralight dark matter"", Tejas Deshpande, Andra Ionescu, Nicholas Miller, Zhiyuan Wang, Gerald Gabrielse, Andrew A. Geraci, and Tim Kovachy, Phys. Rev. Lett. 135, 261001 (2025). [2] ""Method for optically trapping nanospheres at micron range from a tilted mirror"", A. Grinin, A. Dana, M. Nguyen, E. Alejandro, and A. A. Geraci, Phys. Rev. Applied - Accepted (2026). [3] ""Optical trapping of high-aspect-ratio NaYF hexagonal prisms for kHz-MHz gravitational wave detectors"" George Winstone, Zhiyuan Wang, Shelby Klomp, Greg Felsted, Andrew Laeuger, Daniel Grass, Nancy Aggarwal, Jacob Sprague, Peter J. Pauzauskie, Shane L. Larson, Vicky Kalogera, Andrew A. Geraci, Phys. Rev. Lett. 129, 053604 (2022). [4] ""Optimal displacement detection of arbitrarily shaped levitated dielectric objects using optical radiation"", Shaun Laing, Shelby Klomp, George Winstone, Alexey Grinin, Andrew Dana, Zhiyuan Wang, Kevin Seca Widyatmodjo, James Bateman, Andrew A. Geraci, arxiv: arXiv:2409.00782 (2024). [5] ""Searching for Ultralight Dark Matter with MOLeQuTE: a Massive Optically Levitated Quantum Tabletop Experiment"", Louis Hamaide, Hannah Banks, Peter Barker and Andrew A. Geraci (arxiv, Dec. 2025)."	Optomechanical sensors have achieved impressive levels of sensitivity, enabling the detection of gravitational waves, and have advanced into the quantum-limited regime limited by the measurement imprecision associated with shot noise or the backaction from radiation pressure shot noise. Optically levitated particles exhibit extreme decoupling from the environment, making them excellent sensors of small forces, torques, or accelerations. Optomechanical detectors can be used to search for dark matter over a wide range of energy and mass scales as well as to search for gravitational waves at high frequency. In this talk, I will present recent experimental constraints on ultralight scalar dark m
P06/2	unrelated_excluded	读完摘要后未发现可归入 Rb87 Rydberg 光镊平台近期实验/工程问题的内容。	cavity;metrology	Searches for New Physics with Quantum Sensors	Amplifying the ambient axion: a deep dive to discern the dark matter	https://meetings-archive.aps.org/damop/2026/p06/2/		Quantum sensors are the keystone of axion dark matter searches. Sensitivity to the QCD axion was first made possible through the advent of the quantum amplifiers, in combination with a resonant cavity immersed in a magnetic field. I will provide a brief history of the search for the axion and the synergistic evolution of superconducting circuits. Additionally, I will show recent results from the Axion Dark Matter eXperiment (ADMX) and the DMRadio experiment. The future coverage of the axion parameter space hinges on our abilities to push the sensitivity of our detectors beyond current limits. I will therefore lay out a vision to achieve this sensitivity through a combination of novel detecto
P06/3	related_excluded	涉及分子、分子显微镜、polar molecule 或 RbCs/KRb/NaCs 混合系统；不是 Rb87 Rydberg atom tweezer array。	metrology;molecule;ion_or_solid	Searches for New Physics with Quantum Sensors	Parallel processing in Precision Metrology: decouplng coherence time from repetition rate in trapped-particle spectroscopy	https://meetings-archive.aps.org/damop/2026/p06/3/	Sun Yool Park, Michail Athanasakis-Kaklamanakis, Patricia Hector Hernandez, Rohan Kompella, Kiaboon Ng, Tuan Anh Nguyen, Anzhou Wang, Jun Ye and Eric Cornell, in preparation.	In our experiment to measure the electron's electric dipole moment (eEDM), we are able to observe coherent Ramsey fringe on a molecular transition, sensitive to the value of eEDM, with Ramsey times out past 17 seconds. The effective linewidth is on the transition is thus exquisitely narrow. For a single sample of trapped ions the repetition rate goes inversely as the Ramsey time, with a corresponding loss in the signal-to-noise obtainable in an hour of data collection. We report on steps we've taken to parallelize the process and thus recapture the lost signal-to-noise ratio.
P06/4	unrelated_excluded	读完摘要后未发现可归入 Rb87 Rydberg 光镊平台近期实验/工程问题的内容。	metrology	Searches for New Physics with Quantum Sensors	Mechanical quantum sensors for dark matter and neutrinos	https://meetings-archive.aps.org/damop/2026/p06/4/		Many of the major open questions in fundamental physics involve particles or interactions that couple extremely weakly to laboratory sensors. Determining the properties of these weakly interacting particles, such as dark matter and neutrinos, may require detectors that employ quantum systems themselves as sensors to detect otherwise impossibly small interactions. In this talk I will describe techniques to measure the tiny forces imparted by individual sub-atomic particles using optically trapped nano- and microparticles in vacuum, whose motion can be controlled and read out in the quantum regime. Such sensors have already been used to detect the forces imparted by single nuclear decays insid
P07/1	unrelated_excluded	平台是离子、固态或其他非中性原子光镊平台。	cavity;ion_or_solid	Lasers and Optical Quantum State Generation	Volume Bragg Grating Lasers for Trapped Ion Quantum Computing	https://meetings-archive.aps.org/damop/2026/p07/1/		We report on the characterization of an 854 nm single-mode Hybrid External Cavity Laser (HECL) stabilized with a Volume Bragg Grating (VBG) and its application driving the D5/2 ↔ P3/2 transition in 40Ca+. It is a semiconductor laser capable of producing highly coherent, high-power beams [1]. To the best of our knowledge, this is the first report of using these lasers for resonant single-atom manipulations. Allen Deviation and Three-cornered Hat (TCH) [2] measurements were performed to characterize the frequency stability of the HECL, which was found to be comparable to widely-used commercial ECDLs. We propose that these lasers could serve as a compact and cost-effective option for atomic phy
P07/2	related_excluded	Rydberg/Rb 相关但平台是 vapor/MOT/molasses/EIT/cold ensemble，不是 optical tweezer array。	metrology;Cs;vapor_or_MOT	Lasers and Optical Quantum State Generation	Laser frequency stabilization using embedded control for atom trapping experiments	https://meetings-archive.aps.org/damop/2026/p07/2/	Deepshikha Singh, Hemant Yadav, Kripali Jain, Mayand Dangi, Bodhaditya Santra; Laser frequency stabilization using embedded control for atom trapping systems. Rev. Sci. Instrum. 1 July 2025; 96 (7): 073001. https://doi.org/10.1063/5.0258387	Laser frequency stabilization is a fundamental requirement for applications including precision spectroscopy, quantum computing, quantum sensing, and metrology. However, existing commercial laser frequency stabilization systems remain bulky and require complex implementation. We present the design, development, and experimental validation of a compact and cost-effective laser frequency stabilization system with an integrated graphical user interface (GUI) based on embedded digital control. Experimental validation of the system is demonstrated by realizing a stable cesium magneto-optical trap (MOT) containing (1.5 ± 0.2) ×106 atoms. The stabilized laser performance is characterized by linewid
P07/3	unrelated_excluded	主题不涉及 Rb/Rydberg/光镊/中性原子阵列或相关量子计算模拟工程。	Yb;vapor_or_MOT	Lasers and Optical Quantum State Generation	High Power Raman Fiber Amplifiers for large-scale Quantum Infrastructures	https://meetings-archive.aps.org/damop/2026/p07/3/		Bridging fundamental quantum experiments from the lab to real-world applications – like multi-1000-qubit quantum computers or large-scale quantum networks – requires enormous efforts to scale all building blocks by orders of magnitude. This includes the laser systems, which need to deliver powers in the range of 10 to 100 W at various wavelengths. In addition, the laser must emit in a narrow band and highly polarized manner and have exceptional stability.We present a Raman fiber amplifier (RFA) which fulfills all above mentioned requirements in a single system. In combination with frequency conversion, we demonstrate a reliable route to generate wavelengths in the near infrared, visible, and
P07/4	unrelated_excluded	主题不涉及 Rb/Rydberg/光镊/中性原子阵列或相关量子计算模拟工程。		Lasers and Optical Quantum State Generation	Longitudinal Programming of Modal and Topological States in Free-Space Optical Fields.	https://meetings-archive.aps.org/damop/2026/p07/4/		Spatially structed optical fields provide a powerful tool for controlling and conducting light matter interactions. Despite the vast number of ways to configure this light, the modal identity of a propagating beam is generally fixed.We establish a framework in which the propagation direction functions as a longitudinal modal register, enabling discrete transverse mode identities and topological states to be deterministically assigned to preselected axial positions along a single beam. The physical mechanism is a one-to-one geometrical correspondence between radial spatial frequency and axial reconstruction distance inherent to the conical angular spectrum of Bessel beams. By exploiting this 
P07/5	related_excluded	平台是 optical lattice、BEC、quantum gas 或 gas microscope，不是 Rb87 optical tweezer Rydberg array。	gate_QEC;metrology;optical_lattice_or_gas	Lasers and Optical Quantum State Generation	Nonclassical State Generation and Quantum Metrology in the Double-Morse Potential	https://meetings-archive.aps.org/damop/2026/p07/5/	https://arxiv.org/abs/2511.07591	In this paper, we investigate the nonlinear properties of the double-Morse potential as a possible resource for single-mode quantum states because of its double-well structure and anharmonicity. We derive the ground state wave function and the associated energy spectrum analytically, using the asymmetry (width parameter) \alpha as the primary control parameter. These results show a systematic and evident influence on \alpha. We assess the non-Gaussianity and non-classicality measures, quantifying their nonlinearity and quantum behavior. In particular, we discover that both metrics rise monotonically with \alpha.Furthermore, we examine the metrological performance for estimating \alpha. By ca
P07/6	unrelated_excluded	读完摘要后未发现可归入 Rb87 Rydberg 光镊平台近期实验/工程问题的内容。	gate_QEC;metrology	Lasers and Optical Quantum State Generation	Deterministic source of photon number states.	https://meetings-archive.aps.org/damop/2026/p07/6/		Entangled multi-particle states can be utilized for precision measurements, providing tools to reach the so-called Heisenberg limit and thereby overcome the shot-noise limit (the fundamental noise limit for classical systems), enabling measurements with precision unattainable by classical sensors. Quantum photon-number states, also known as Fock states, are the key ingredient to realizing the most useful entangled multi-particle states, such as Holland-Burnett states, cat states, tensor network states, and other multiple-photon entangled states. Furthermore, photon-number states have applications in quantum communication and quantum information sciences.Physical Sciences Inc. and the Univers
P07/7	unrelated_excluded	读完摘要后未发现可归入 Rb87 Rydberg 光镊平台近期实验/工程问题的内容。	metrology	Lasers and Optical Quantum State Generation	Ultrafast squeezed light, broadband generation and measurement	https://meetings-archive.aps.org/damop/2026/p07/7/	"Sennary, Mohamed, et al. ""Attosecond quantum uncertainty dynamics and ultrafast squeezed light for quantum communication."" Light: Science & Applications 14.1 (2025): 350."	Over the past few decades, substantial progress in quantum optics, particularly squeezed-light generation, has enabled transformative applications, including quantum-enhanced metrology. Concurrently, ultrafast science has delivered tools to control and measure field-driven dynamics on sub-femtosecond time scales. Here, we extend squeezed light into the ultrafast regime by generating, the few-cycle synthesized squeezed light pulses spanning 0.33–0.73 PHz via a degenerate four-wave-mixing (FWM) process. We measure the squeezing using a metrology approach tailored to few-cycle pulses: spectral interference of temporally delayed channel pairs yields phase noise, while intensity noise is extracte
P07/8	related_excluded	Rydberg/Rb 相关但平台是 vapor/MOT/molasses/EIT/cold ensemble，不是 optical tweezer array。	gate_QEC;metrology;vapor_or_MOT	Lasers and Optical Quantum State Generation	Experimental Progress Toward Producing a Highly Polarization Squeezed Beam for Quantum Metrology	https://meetings-archive.aps.org/damop/2026/p07/8/		In this work we investigate a modified spin-exchange-relaxation-free (SERF) magnetometer which acts as a source of highly polarization-squeezed light. An off-resonant probe beam propagating through a dense atomic vapor experiences both a Faraday rotation and an AC Stark shift, thus entangling the polarization state of the probe with the coherent spin state of the atoms. If we pass the emerging probe beam through a quarter-wave plate and propagate through the sample again from an orthogonal direction, we may map the Faraday rotation due to quantum polarization fluctuations back onto the coherent spin state with negative feedback. In other words, the AC Stark shift causes the collective atomic
P07/9	unrelated_excluded	读完摘要后未发现可归入 Rb87 Rydberg 光镊平台近期实验/工程问题的内容。	gate_QEC	Lasers and Optical Quantum State Generation	Laser deflection with a split beam detection scheme for acoustic medical imaging.	https://meetings-archive.aps.org/damop/2026/p07/9/		Ultrasound imaging, a type of medical imaging used for diagnosis and treatment of various medical conditions, reflects high frequency sound waves through the body to create images of internal structures. Common ultrasound transducers rely on piezoelectric crystals, or more recently, on capacitive micromachined ultrasonic transducers (CMUTs), to generate and collect acoustic signals. We investigate using laser deflection with a split beam detection scheme to detect acoustic signals on the surface of the body with high sensitivity, potentially outperforming the signal resolution and bandwidth reception of current commercial ultrasonic transducers. This implementation could be used to localize 
P07/10	related_excluded	Rydberg/Rb 相关但平台是 vapor/MOT/molasses/EIT/cold ensemble，不是 optical tweezer array。	cavity;vapor_or_MOT	Lasers and Optical Quantum State Generation	Precision Measurement Using Disorder	https://meetings-archive.aps.org/damop/2026/p07/10/		High-finesse Fabry-Perot cavities are used to measure and lock laser frequencies down to linewidths on the order of 1 Hz. However, precise and unambiguous measurement of the frequency requires prior knowledge of the approximate laser frequency. If the laser is instead passed through a low-loss multi-path interferometer (MPI), the resulting intensity signals at the output ports may be computationally inverted to extract the laser frequency. This method is in principle highly sensitive to all wavelength changes and unambiguous in determining the frequency. In this work, we present the experimental realization of an MPI based on a modified Herriott cell that generates speckle patterns with uniq
P08/1	related_excluded	涉及分子、分子显微镜、polar molecule 或 RbCs/KRb/NaCs 混合系统；不是 Rb87 Rydberg atom tweezer array。	Rb87;Rb;quantum_sim;molecule;vapor_or_MOT	Ultracold Molecules: Production, Control, and Collective Behavior	Production of 6Li 87Rb Feshbach molecules	https://meetings-archive.aps.org/damop/2026/p08/1/	[1] Lu & Zhu et al., High-flux cold lithium-6 and rubidium-87 atoms from compact two-dimensional magneto-optical traps, arXiv:2512.24177	Ultracold polar molecules feature long-range, anisotropic dipolar interactions, offering access to novel quantum phases and collective phenomena beyond contact-interacting gases. Microwave shielding now provides a route to engineer intermolecular interactions and suppress collisional loss, facilitating efficient cooling toward quantum degeneracy and quantitative studies of dipolar many-body physics. Here we report on the progress towards producing a degenerate Fermi gas of ultracold 6Li87Rb polar molecules. Starting from a dual-species magneto-optical trap with high loading rates for both species, we transfer the atoms into a crossed optical dipole trap and perform simultaneous evaporative c
P08/2	related_excluded	涉及分子、分子显微镜、polar molecule 或 RbCs/KRb/NaCs 混合系统；不是 Rb87 Rydberg atom tweezer array。	quantum_sim;molecule	Ultracold Molecules: Production, Control, and Collective Behavior	Two-photon pathway to the rovibrational ground state of 23Na41K molecules	https://meetings-archive.aps.org/damop/2026/p08/2/		Ultracold polar molecules provide a novel platform for quantum simulation of many-body systems, combining rich internal structure with strong, long-range dipole–dipole interactions and flexible control. Recent advances in collisional shielding techniques enable long-lived bosonic samples of dipolar molecules, opening access to strongly correlated phases of matter such as exotic superfluids and quantum crystals. In this talk, we report progress toward identifying a two-photon pathway that connects weakly bound bosonic 23Na41K Feshbach molecules to the rovibrational ground state. Starting from photoassociation spectroscopy in an ultracold 23Na-41K atomic mixture, we resolve ~20 vibrational lev
P08/3	related_excluded	涉及分子、分子显微镜、polar molecule 或 RbCs/KRb/NaCs 混合系统；不是 Rb87 Rydberg atom tweezer array。	quantum_sim;molecule;vapor_or_MOT	Ultracold Molecules: Production, Control, and Collective Behavior	Towards an Analog Quantum Simulator of Potassium Silver Molecules	https://meetings-archive.aps.org/damop/2026/p08/3/	"[1] Michael Vayninger, Angela Xiang, Nachiket D. Bhanushali, Xiaoyu Chen, Mohit Verma, Shaozhen Yang, Rohan T. Kapur, David DeMille, Zoe Z. Yan, ``Magneto-optical trap of silver and potassium atoms,"" Phys. Rev. A 112, 063306 (2025)."	Ultracold polar molecules offer a versatile toolkit for quantum simulation due to their tunable long-range interactions, rich internal structures and long coherence times. Potassium-silver (KAg) is a compelling candidate for these studies due to its large predicted permanent electric dipole moment of 8.5 Debye. This high dipole moment potentially enables the investigation of novel many-body physics, including topological superfluidity and quantum many-body scar dynamics in lattice spin models.The production of KAg starts with preparation of K and Ag in magneto-optical traps[1]. We report on current progress including Λ-enhanced D1 grey molasses on Ag to 12(4) μK, the first optical trap of Ag
P08/4	related_excluded	涉及分子、分子显微镜、polar molecule 或 RbCs/KRb/NaCs 混合系统；不是 Rb87 Rydberg atom tweezer array。	Rydberg;molecule	Ultracold Molecules: Production, Control, and Collective Behavior	Strongly dipolar alkali-metal–silver molecules: electronic structure and spectroscopic properties	https://meetings-archive.aps.org/damop/2026/p08/4/	M. Shundalau, A. Grabowski, T. Kilich, M. Tomza, Strongly dipolar alkali-metal–silver molecules: electronic structure and spectroscopic properties, in preparation	We present a relativistic ab initio investigation of the ground and excited electronic states of highly polar alkali-metal–silver molecules (LiAg, NaAg, KAg, RbAg, CsAg, FrAg). Potential energy curves (PECs) are computed for all states dissociating to the lowest 2S1/2+2S1/2 and first excited 2S1/2+2P1/2 and 2S1/2+2P3/2 asymptotes using the Fock-space coupled-cluster method with single and double excitations (FSCCSD). Scalar and spin–orbit relativistic effects are included using small-core energy-consistent pseudopotentials and a two-component relativistic Hamiltonian, resulting in PECs in the Hund’s case (c) representation. We confirm large permanent electric dipole moments for the ground X1
P08/5	related_excluded	涉及分子、分子显微镜、polar molecule 或 RbCs/KRb/NaCs 混合系统；不是 Rb87 Rydberg atom tweezer array。	quantum_sim;molecule;optical_lattice_or_gas	Ultracold Molecules: Production, Control, and Collective Behavior	Making, probing, and understanding BECs of microwave-shielded NaCs molecules	https://meetings-archive.aps.org/damop/2026/p08/5/	[1] Bigagli, N., Yuan, W., Zhang, S. et al. Observation of Bose–Einstein condensation of dipolar molecules. Nature 631, 289–293 (2024).	Atomic Bose-Einstein condensates (BECs) have enabled major advances in the fields of quantum simulation, quantum computation, and precision measurement with neutral atoms. Similarly, the recent realization of BECs of dipolar molecules [1] promises a far-reaching impact on the field of quantum science. Here, we report on our experimental approach to creating molecular BECs with more than 2000 condensed molecules. Furthermore, we report on thermodynamic expansion and loss dynamics of the hardcore BEC. We will share latest insights on many-body phenomena of the dipolar BECs.[1] Bigagli, N., Yuan, W., Zhang, S. et al. Observation of Bose–Einstein condensation of dipolar molecules. Nature 631, 28
P08/6	related_excluded	涉及分子、分子显微镜、polar molecule 或 RbCs/KRb/NaCs 混合系统；不是 Rb87 Rydberg atom tweezer array。	Rydberg;gate_QEC;quantum_sim;molecule	Ultracold Molecules: Production, Control, and Collective Behavior	Synthetic dimensions with ultracold RbCs in a molecular microscope	https://meetings-archive.aps.org/damop/2026/p08/6/	J. M. Mortlock, A. P. Raghuram, B. P. Maddox, P. D. Gregory, and S. L. Cornish. Nat Commun 17, 518 (2026)., A.P Raghuram et al (in prep.)	Synthetic dimensions involve using an internal degree of freedom of the system to simulate an extra spatial dimension and have previously been realised in Rydberg atoms and neutral atoms [1], and proposed in molecules [2]. The use of a synthetic dimension allows us to increase the dimensionality of the system being investigated, allowing for the study of systems with higher than three dimensions. The Hamiltonian in the synthetic dimension relies only on microwave powers and detunings, and hence can be easily and arbitrarily tuned, allowing for great flexibility in the model to be studied. We present the realisation of a synthetic dimension within the internal structure of an ultracold molecu
P08/7	related_excluded	涉及分子、分子显微镜、polar molecule 或 RbCs/KRb/NaCs 混合系统；不是 Rb87 Rydberg atom tweezer array。	tweezer;quantum_sim;molecule	Ultracold Molecules: Production, Control, and Collective Behavior	Progress toward enhanced loading of NaCs molecules from dual-species atomic ensembles in tweezers	https://meetings-archive.aps.org/damop/2026/p08/7/		The long range dipole-dipole interactions and complex internal structure of molecules provide a promising platform for quantum simulation and quantum computation experiments. By associating individually trapped cold atoms, bi-alkali molecules can be prepared in the motional ground state of tweezers without the need for laser cooling of the molecule. However, in the current assembly procedure, thermal excitations in the constituent atoms directly translate to lower molecular creation efficiency, resulting in few ground state molecules per experimental cycle. In pursuit of a highly filled array of several hundred molecules, we propose a loading scheme leveraging shielding techniques and dynami
P08/8	unrelated_excluded	主题不涉及 Rb/Rydberg/光镊/中性原子阵列或相关量子计算模拟工程。	molecule	Ultracold Molecules: Production, Control, and Collective Behavior	1D Laser-cooling of an Asymmetric Top Molecule	https://meetings-archive.aps.org/damop/2026/p08/8/		Ultracold molecules are powerful tools for exploring new quantum phenomena, including in the areas of quantum information and precision searches for physics beyond the Standard Model. Over the past decade, the laser-cooling toolkit has been fully extended from atoms into the rich and intricate world of molecules, with deep laser cooling demonstrated in diatomic species (AlF, BaF, CaF, CaH, SrF, YO, YbF), linear triatomic molecules (CaOH, SrOH), and larger symmetric top molecules (CaOCH3). In this talk, we report our progress of achieving 1D laser cooling of CaNH2 molecules, which belong to the class of asymmetric top molecules. The general structure of ATMs endow these molecules with unique,
P08/9	related_excluded	涉及分子、分子显微镜、polar molecule 或 RbCs/KRb/NaCs 混合系统；不是 Rb87 Rydberg atom tweezer array。	tweezer;quantum_sim;metrology;molecule	Ultracold Molecules: Production, Control, and Collective Behavior	Iterative Assembly of 2D Molecular Tweezer Arrays	https://meetings-archive.aps.org/damop/2026/p08/9/		Laser-cooled polar molecules in rearrangeable optical tweezer arrays are an emerging platform for quantum science, offering long lived interacting states, complex internal structure, and site-resolved control. A major challenge in molecular tweezer arrays is reaching large system sizes, important for applications ranging from quantum simulation to quantum-enhanced metrology. Prior to the current work, our rearranged arrays averaged 8 molecules, insufficient for many-body physics in 2D.In this talk, we report a new scheme to assemble 2D molecular arrays which repeatedly loads molecules from a reservoir into a storage array. To protect stored molecules from subsequent rounds of loading, we tra
P08/10	related_excluded	涉及分子、分子显微镜、polar molecule 或 RbCs/KRb/NaCs 混合系统；不是 Rb87 Rydberg atom tweezer array。	quantum_sim;molecule	Ultracold Molecules: Production, Control, and Collective Behavior	Slowing and manipulating coherent state evolution of a beam of AlCl	https://meetings-archive.aps.org/damop/2026/p08/10/		Experiments utilizing ultracold molecules follow the immense success of fully coherent quantum control of atoms. In many ways, the effort to expand exquisite control over quantum matter to molecules is a natural scientific and technical progression which comes with many new interesting opportunities including precision measurement, quantum state-resolved chemistry, and quantum simulation. Achieving the desired scalability of ultracold molecular experiments requires large, densely-trapped samples. Aluminum monochloride (AlCl), combines favorable vibrational branching with an alkaline‑earth–like electronic structure that supports both strong cycling transitions for trap loading and narrow tran
P09/1	unrelated_excluded	主题不涉及 Rb/Rydberg/光镊/中性原子阵列或相关量子计算模拟工程。	Yb;vapor_or_MOT;ion_or_solid	Frontiers in Trapped Ion Hardware	High-Performance Monolithic Segmented 3D Ion Trap for Heavy Ionic Species	https://meetings-archive.aps.org/damop/2026/p09/1/	A. Menon, M. Strauss, et al. (in preparation) 2026	Advances in microfabrication techniques have recently renewed interest in modular, monolithic three-dimensional structures for ion trapping [1,2,3,4]. Conventional 3D blade traps provide high, multi-directional optical access, good EM shielding, ~eV trap depth, and modest heating rates owing to large ion-electrode distances, but are prone to geometric misalignment during assembly, leading to trap potential inhomogeneities. Microfabricated 2D chip traps address geometric inaccuracies and are a scalable form of trapped-ion architecture, but they lack the trapping depths and the shielding characteristics of blade traps. In this collaborative effort among Rice University, Duke University, and Tr
P09/2	unrelated_excluded	平台是离子、固态或其他非中性原子光镊平台。	gate_QEC;quantum_sim;Yb;ion_or_solid	Frontiers in Trapped Ion Hardware	Individual Addressing of Trapped Ions for Simulation of Coherent and Dissipative Dynamics	https://meetings-archive.aps.org/damop/2026/p09/2/		We report on our progress on a trapped-ion system based on a monolithic 3D blade Paul trap, capable of addressing individual ions for coherent and dissipative processes. Tunable dissipation will be realized by an array of beams generated by a multitone RF signal driving an AOM tuned for optical pumping in 171Yb+. Coherent control is implemented on the hyperfine and optical qubits, the former coupled to radial and the latter to axial modes of motion of the ions. To address the hyperfine qubit and the radial modes, stimulated Raman transitions are mediated by an array of beams, imaged onto the ions from a multi-channel AOM, which provides frequency, amplitude, and phase control. At the ion loc
P09/3	unrelated_excluded	平台是离子、固态或其他非中性原子光镊平台。	gate_QEC;quantum_sim;Yb;ion_or_solid	Frontiers in Trapped Ion Hardware	Amplitude and phase-controlled beam arrays for trapped-ion simulation using a spatial light modulator	https://meetings-archive.aps.org/damop/2026/p09/3/		Individual addressing of trapped ions and atoms enables the simulation of complex many-body spin-spin models and quantum computation. Spatial light modulators provide the flexibility to generate arbitrary light patterns that can be matched to the spacing of ions in a crystal. We report on the generation of beam arrays with independent phase and amplitude control using a single phase-only SLM. Such control allows for coherent manipulation of individually addressed ions. We discuss both a generalized feedback-based weighted Gerchberg-Saxton (GSW) algorithm [1] and a gradient-descent method [2] for generating beam arrays that can address and couple to ion motion in 1D and 2D ion crystals. We al
P09/4	unrelated_excluded	平台是离子、固态或其他非中性原子光镊平台。	cryo;ion_or_solid	Frontiers in Trapped Ion Hardware	Characterization of Inner Control Electrode Shapes for Multi-Layer Surface-Electrode Ion Traps	https://meetings-archive.aps.org/damop/2026/p09/4/		Trapped ions are a leading platform for quantum information processing. The quantum CCD architecture enables all-to-all connectivity between atomic ion qubits in dedicated registers and can be implemented in microfabricated surface-electrode traps. The development of novel fabrication techniques over the past years has enabled the design of surface-electrode ion traps with increasingly complex multi-layer structures. Yet the control electrodes remain mostly unchanged and of rectangular shape. We propose and characterize novel asymmetric inner control electrode shapes for simultaneous axial and radial control in multi-layer surface traps and verify their capabilities in realistic use-case sce
P09/5	unrelated_excluded	平台是离子、固态或其他非中性原子光镊平台。	gate_QEC;ion_or_solid	Frontiers in Trapped Ion Hardware	High-Fidelity Raman Spin-Dependent Kicks in the Presence of Micromotion	https://meetings-archive.aps.org/damop/2026/p09/5/	arXiv:2511.15959	We investigate the implementation of spin-dependent kicks (SDKs) in trapped ions using nanosecond Raman pulses produced through amplitude modulation of a continuous-wave laser. By analyzing the effects of ion micromotion, we identify optimal choices of the radio-frequency phase and modulation frequency that strongly suppress unwanted backward kicks and preserve gate performance. Using this approach, we find that single-qubit SDKs can achieve infidelities near 10^{-9} in ideal conditions and on the order of 10^{-5} even in the presence of micromotion. Our results demonstrate a viable route to sub-trap-period control and fast two-qubit gates based on SDK techniques.
P09/6	unrelated_excluded	平台是离子、固态或其他非中性原子光镊平台。	gate_QEC;quantum_sim;ion_or_solid	Frontiers in Trapped Ion Hardware	Low heating rates in a fiber-attached surface electrode ion trap with integrated photonics	https://meetings-archive.aps.org/damop/2026/p09/6/		Trapped-ion quantum computers have reached a scale and complexity that is challenging for classical simulations to match. Integrated photonics offers pathways for delivering the laser control fields to the target ions at scales beyond the practical limits of free-space bulk optics. So far, most ion traps with integrated photonics have high heating rates and exhibit charging behaviors that impede high-fidelity gate operations. In this talk, we report on measurements of 137Ba+ in a microfabricated surface electrode ion trap which co-integrates a V-groove fiber array, passive silicon nitride photonics for optical routing and beam shaping, and transparent conductive ITO apertures in surface elec
P09/7	unrelated_excluded	主题不涉及 Rb/Rydberg/光镊/中性原子阵列或相关量子计算模拟工程。	ion_or_solid	Frontiers in Trapped Ion Hardware	Heterogenous integration and adjustable RF nodes: approaches to scaling trapped ion platforms	https://meetings-archive.aps.org/damop/2026/p09/7/		Trapped ion quantum computers utilize micro-fabricated surface traps for advantages in control and scaling. As these machines push from tens to hundreds of ions, integration of not only the electrical control, but the optical control is a clear scaling advantage. However, monolithic integration of photonic components into the trap can slow advances in trap designs and force species specific traps. Characterizing these devices can prove challenging when the overlap of lithographically defined waveguide light with the ion is not guaranteed. An alternative approach is to combine the technologies at the packaging level, rather than the chip level, by leveraging heterogeneous integration. We pres
P09/8	unrelated_excluded	主题不涉及 Rb/Rydberg/光镊/中性原子阵列或相关量子计算模拟工程。	ion_or_solid	Frontiers in Trapped Ion Hardware	Towards Fast Cooling with High Secular Frequency Ion Traps	https://meetings-archive.aps.org/damop/2026/p09/8/		Laser cooling is a foundational technique in trapped-ion experiments and underpins a wide range of applications from precision measurement to quantum information science. However, cooling typically dominates experimental duty cycles, and as protocols grow in complexity, long cooling times increasingly limit achievable repetition rates, probe times, and quantum circuit runtimes. Here we propose the development of a high secular frequency ion trap designed to access high frequency motional modes that are spectrally resolved on fast cycling optical transitions. This platform will enable systematic investigations of laser cooling in the resolved Doppler regime which achieves enhanced cooling rat
P09/9	unrelated_excluded	平台是离子、固态或其他非中性原子光镊平台。	cryo;vapor_or_MOT;ion_or_solid	Frontiers in Trapped Ion Hardware	Rapid All-Optical Loading of Trapped Ions Using a Miniaturised Atom Source	https://meetings-archive.aps.org/damop/2026/p09/9/	preprint availble on arXiv:2512.10514v1. The paper has also been submitted for peer-review to Physical Review Applied	In this talk I will discuss high-rate ion-loading in an RF trap using a novel atom source which uses low-power continuous-wave laser heating to produce a collimated thermal beam of loadable atoms.Ion loading is the first step for many fundamental science and quantum information applications, but suffers from technical challenges. Resistively heated sources produce a relatively low velocity thermal atom beam, but the watt-level operating power disturbs the trap and makes integration in cryogenic systems challenging. Ablation loading of ions requires low power, but is highly sensitive to laser pulse parameters and gives rise to a high-velocity plume of atoms which are challenging to trap relia
P09/10	unrelated_excluded	平台是离子、固态或其他非中性原子光镊平台。	gate_QEC;quantum_sim;cryo;vapor_or_MOT;ion_or_solid	Frontiers in Trapped Ion Hardware	Cryogenic trapped-ion system for long ion chain quantum computing and simulation	https://meetings-archive.aps.org/damop/2026/p09/10/	"Yu, Jiyong, et al. ""Design and Characterization of Compact Acousto-Optic-Deflector Individual Addressing System for Trapped-Ion Quantum Computing."" arXiv preprint arXiv:2601.01647 (2026)."	A trapped-ion system with a long ion chain is a promising architecture for scalable quantum computing and simulation [1]. We present a cryogenic trapped-ion system with versatile features for long ion chain experiments. The system employs a microfabricated surface trap (Sandia Peregrine) operating at cryogenic temperatures, resulting in a low motional heating rate (&lt; 10/s). For state detection of long ion chains, we utilize a qCMOS camera-based imaging system (Hamamatsu ORCA-Quest 2). We implement an acousto-optic-deflector (AOD) based individual addressing system to drive quantum logic gates with Raman transitions with low optical crosstalk (&lt; 9 * 10-4), broad beam steering range (&gt
P11/1	unrelated_excluded	主题不涉及 Rb/Rydberg/光镊/中性原子阵列或相关量子计算模拟工程。	optical_lattice_or_gas	Topology and Defects in Quantum Gases	Stable singular fractional skyrmion spin texture from the quantum Kelvin–Helmholtz instability	https://meetings-archive.aps.org/damop/2026/p11/1/	Nature Physics 21, 1398 (2025)	Topology profoundly influences diverse fields of science, providing a powerful framework for classifying phases of matter and predicting nontrivial excitations. While various topological excitations have been identified within this framework, the existence of nonlinear excitations beyond it has been a subject of conjecture. In this talk, we introduce the discovery of a singular skyrmion that is stable and goes beyond the framework of topology in a ferromagnetic superfluid. The exotic skyrmions are sustained by undergoing anomalous symmetry breaking associated with the eccentric spin singularity and carry half of the elementary charge, distinct from conventional skyrmions. By successfully rea
P11/2	related_excluded	平台是 optical lattice、BEC、quantum gas 或 gas microscope，不是 Rb87 optical tweezer Rydberg array。	quantum_sim;optical_lattice_or_gas	Topology and Defects in Quantum Gases	Vortex nucleations in spinor Bose-Einstein condensates under radially-localized synthetic magnetic fields	https://meetings-archive.aps.org/damop/2026/p11/2/	https://arxiv.org/abs/2403.17403 https://doi.org/10.1103/zj34-15bk	We report the first experimental observation of vortex nucleations in light-dressed spinor Bose-Einstein condensates under radially-localized synthetic magnetic fields. The light-induced spin-orbital-angular-momentum coupling creates azimuthal gauge potentials \vec{A} for the lowest-energy spinor branch dressed eigenstate. The observation of the atomic wave function in the lowest-energy dressed eigenstate reveals that vortices nucleate from the cloud center of a vortex-free state with canonical momentum \vec{p} = 0. This is because a large circulating azimuthal velocity field ∝ \vec{p}-\vec{A} at the condensate center results in a dynamically unstable localized excitation that initiates vort
P11/3	related_excluded	平台是 optical lattice、BEC、quantum gas 或 gas microscope，不是 Rb87 optical tweezer Rydberg array。	gate_QEC;optical_lattice_or_gas	Topology and Defects in Quantum Gases	Non-Abelian dynamics in strongly interacting spinor Bose gases	https://meetings-archive.aps.org/damop/2026/p11/3/		Topology is widely used to characterize phases and responses in many systems, yet typically only in Abelian and non-interacting settings. We investigate an interacting bosonic system whose low-energy subspace exhibits non-Abelian features and split Yang monopoles. Certain Wilson loops, which can be computed explicitly, show non-trivial behavior that depends on the topology of the ground-band manifold, characterized by the second Chern number. This provides a way to probe non-Abelian dynamics in interacting ultracold gases, in principle accessible via tomography and linear-response measurements.
P11/4	unrelated_excluded	主题不涉及 Rb/Rydberg/光镊/中性原子阵列或相关量子计算模拟工程。	optical_lattice_or_gas	Topology and Defects in Quantum Gases	Decaying quantum turbulence during far-from-equilibrium Bose--Einstein condensation	https://meetings-archive.aps.org/damop/2026/p11/4/		We study the dynamics of vortex lines during far-from-equilibrium Bose--Einstein condensation. Using matter-wave techniques to magnify the density distribution and then imaging just a cross section of the magnified cloud allows us to directly reveal randomly oriented and bending vortex lines embedded in the 3D cloud. We extract the vortex line length density \mathcal{L} using persistent homology, and find that it decays according to the prediction for Vinen turbulence, {\rm d}\mathcal{L}/{\rm d}t \propto -\mathcal{L}^2, and that the prefactor does not depend on the strength of the interparticle interactions.
P11/5	unrelated_excluded	平台是离子、固态或其他非中性原子光镊平台。	quantum_sim;optical_lattice_or_gas;ion_or_solid	Topology and Defects in Quantum Gases	Dirac string and optical excitation selection rules originating from a full inter-band Berry connection measurement in the optical honeycomb lattice	https://meetings-archive.aps.org/damop/2026/p11/5/	"Schwarz, M.N.*, Chang, S.-W.*, Moloney, E.G., Lin, K., Stamper-Kurn, D.M. ""Full Inter-band Berry connection measurement necessitating a Dirac string in an optical honeycomb lattice"" (in preparation)"	The inter-band Berry connection is closely related to the transition matrix element allowing for (optical) excitations in solids. Its nature as a vector field allows it to encode polarization selection rules, in addition to the transition strength. Lattice structures like the optical honeycomb exhibit band crossing points, which can cause the necessity for the introduction of a Dirac string in the inter-band Berry connection. We measure the full real vector field (up to a gauge choice) for multiple ground to excited bands using a Degenerate Fermi Gas of 40K in a 8.95Er (Er = h*4.41kHz is the recoil energy) deep optical honeycomb lattice. We induce transitions by shaking the lattice in differ
P11/6	related_excluded	平台是 optical lattice、BEC、quantum gas 或 gas microscope，不是 Rb87 optical tweezer Rydberg array。	gate_QEC;quantum_sim;optical_lattice_or_gas	Topology and Defects in Quantum Gases	Defect Formation Across Non-equilibrium Phase Transitions in a Spin–Orbit-Coupled BEC in an Optical Lattice	https://meetings-archive.aps.org/damop/2026/p11/6/	C. Shimelfenig, F. Serrano, C. Halverson, A. Mukhopadhyay, P. Engels, Q. Guan, (2026). Macroscopic self-trapping and dynamical phase transition in momentum space BEC [Preprint], arXiv: arxiv.org/abs/2510.13056	We study dynamics near non-equilibrium critical points in a spin-orbit-coupled Bose-Einstein condensate (BEC) subjected to a tunable optical lattice, which enables an effective two-mode Josephson junction description in momentum space. Due to interaction-induced self-trapping, the system exhibits both a ground-state phase transition and a non-equilibrium phase transition. The transition between these phases is continuous (second order). By quenching across the critical point, we investigate the universal non-equilibrium dynamics associated with this transition. Using truncated Wigner approximation simulations and many-body quantum evolution, we extract the scaling behavior of the delay time 
P11/7	unrelated_excluded	主题不涉及 Rb/Rydberg/光镊/中性原子阵列或相关量子计算模拟工程。	optical_lattice_or_gas	Topology and Defects in Quantum Gases	Abstract Withdrawn	https://meetings-archive.aps.org/damop/2026/p11/7/		
P12/1	unrelated_excluded	读完摘要后未发现可归入 Rb87 Rydberg 光镊平台近期实验/工程问题的内容。	quantum_sim;metrology	Spinor Gases and Magnetic Phenomena	Lattice-enabled detection of spin-dependent three-body interactions	https://meetings-archive.aps.org/damop/2026/p12/1/	arXiv:2510.01158	By controllably quenching lattice-confined spinor gases, we experimentally detect coherent three-body interactions, which are often masked by stronger two-body effects, through the induced nonequilibrium spin dynamics. The three-body spin-dependent interaction strengths are precisely extracted via real-time and frequency domain analyses of the observed quench-induced non-equilibrium spin dynamics. Our results demonstrate that the inclusion of the three-body interactions is critical to accurately determine the atom number distribution in lattices with potential applications in quantum sensing via spin singlets. The presented techniques offer a promising avenue for future studies of higher-bod
P12/2	related_excluded	平台是 optical lattice、BEC、quantum gas 或 gas microscope，不是 Rb87 optical tweezer Rydberg array。	gate_QEC;optical_lattice_or_gas	Spinor Gases and Magnetic Phenomena	Resonant driving for coherent quantum control of a ferromagnetic spin-1 BEC	https://meetings-archive.aps.org/damop/2026/p12/2/		Generation and manipulation of spin-squeezed quantum systems require versatile and precise control techniques. At the single-particle level, coherent control is typically achieved through Rabi and Ramsey protocols. In many-body interacting systems used for spin-squeezing experiments, however, interparticle interactions open additional pathways for control that extend beyond mean-field dynamics into the entangled regime. These include exploiting symmetry-breaking phase transitions as well as parametric and Floquet engineering methods. In this work, we demonstrate coherent excitation and control of collective many-body spin states in a ferromagnetic spin-1 Bose-Einstein condensate by directly 
P12/3	related_excluded	平台是 optical lattice、BEC、quantum gas 或 gas microscope，不是 Rb87 optical tweezer Rydberg array。	metrology;optical_lattice_or_gas	Spinor Gases and Magnetic Phenomena	Quantum spin mixing dynnamics in a ferromagnetic spin-1 Bose-Einstein condensate beyond single mode approximation	https://meetings-archive.aps.org/damop/2026/p12/3/		Precision measurements, based on spinor Bose-Einstein condensates and beyond the standard quantum limit, often employ a single mode approximation, i. e., all spin components share the same spatial mode. However, the single spatial mode approximation in a ferromagnetically interacting atomic spinor condensate becomes inaccurate due to magnetic field gradients or strong spin interactions. By assuming three modes of a spin-1 condensate, we derive spin mixing Hamiltonian of the system beyond the conventional single mode approximation. At zero bias magnetic field, the fraction of spin zero component and the condensate spin length are found decreasing with the separation factor increasing. For non
P12/4	unrelated_excluded	读完摘要后未发现可归入 Rb87 Rydberg 光镊平台近期实验/工程问题的内容。	quantum_sim	Spinor Gases and Magnetic Phenomena	Quantum Simulator for Massive Relativistic Fields in Two Spatial Dimensions	https://meetings-archive.aps.org/damop/2026/p12/4/		We report on the experimental demonstration of an analog quantum simulator for massive relativistic fields in two spatial dimensions (2D). Our quantum simulator is based on a coherently coupled two-component spin mixture of bosonic 39K atoms in a uniform 2D box trap. We prepare the system at a special spin imbalance that decouples the spin and density degrees of freedom and operate in the Josephson regime where the coherent coupling strength is much weaker than the spin chemical potential. The spin dynamics in our system encode the sine-Gordon model, which is a prototypical example of massive relativistic fields. To benchmark our simulator, we examine perturbative excitations of the system a
P12/5	related_excluded	平台是 optical lattice、BEC、quantum gas 或 gas microscope，不是 Rb87 optical tweezer Rydberg array。	gate_QEC;quantum_sim;optical_lattice_or_gas	Spinor Gases and Magnetic Phenomena	Itinerant Magnetism in a Dipolar Lattice Gas II - Youcef Baamara	https://meetings-archive.aps.org/damop/2026/p12/5/	Probing Coherences and Itinerant Magnetism in a Dipolar Lattice Gas, Thomas Lauprêtre, Jose Daniel Bernal, Youcef Baamara, Ana Maria Rey, Laurent Vernac, Bruno Laburthe-Tolra. Using Dynamical Decoupling to investigate Magnetism of large spin atoms, Thomas Lauprêtre, Jose Daniel Bernal, Youcef Baamara, Ana Maria Rey, Laurent Vernac, Bruno Laburthe-Tolra.	Itinerant magnetism appears when particles can move while interacting, making it a rich and challenging many-body problem that is closely connected to superconductivity, quantum magnetism, and superfluidity. Magnetic dipolar gases in optical lattices provide an ideal platform to explore this physics, because tunneling, contact interactions, and long-range anisotropic dipolar interactions all play important roles.In this work, we study how the transverse magnetization evolves as the system moves from a regime where atoms can move freely to one dominated by interactions. By tuning the depth and geometry of a 3D optical lattice, we explore the crossover from the superfluid phase to the Mott ins
P12/6	related_excluded	平台是 optical lattice、BEC、quantum gas 或 gas microscope，不是 Rb87 optical tweezer Rydberg array。	quantum_sim;optical_lattice_or_gas	Spinor Gases and Magnetic Phenomena	Itinerant Magnetism in a Dipolar Lattice Gas I - Jose Daniel Bernal	https://meetings-archive.aps.org/damop/2026/p12/6/	https://arxiv.org/abs/2501.11402 This is the work. In the most recent version, which is not yet uploaded. I am included as a co-author.	Itinerant magnetism, driven by the interplay of magnetism and transport, connects key phenomena such as superconductivity, quantum magnetism, and superfluidity. Spinor Bose–Einstein condensates provide an ideal platform to explore this interplay, where Bose enhancement favors ferromagnetism while lattice confinement can disrupt it. We study the dynamics of transverse magnetization in a gas of bosonic chromium atoms across the superfluid–Mott insulator transition in a 3D optical lattice. In the superfluid regime, ferromagnetic order persists, but increasing lattice depth suppresses spin currents, leading to a dynamical instability near the phase transition boundary. In the insulating regime, 
P12/7	related_excluded	光镊/中性原子阵列相关，但摘要没有 Rb87 或 Rydberg 核心实验。	tweezer;gate_QEC;cavity;metrology;optical_lattice_or_gas	Spinor Gases and Magnetic Phenomena	Continuously monitored Rabi oscillations in Bose-Einstein condensates	https://meetings-archive.aps.org/damop/2026/p12/7/		Minimally disruptive measurement techniques are a key tool for modern quantum science. In atomic systems, ancilla based methods or optical cavities are commonly used to realize weak measurements, while in superconducting circuits, dispersive coupling to a readout resonator enables monitoring of a qubit's state during its evolution. These techniques have enabled advances in quantum metrology, quantum error correction, and real-time feedback on quantum evolution. We describe an experiment which implements dispersive imaging techniques to continuously monitor the evolving spin state of Raman-driven tweezer arrays of two-component Bose-condensed or thermal ensembles near the standard quantum lim
P12/8	related_excluded	平台是 optical lattice、BEC、quantum gas 或 gas microscope，不是 Rb87 optical tweezer Rydberg array。	quantum_sim;metrology;optical_lattice_or_gas	Spinor Gases and Magnetic Phenomena	Decoherence in Condensates with Chaotic Dynamics in Internal Degrees of Freedom	https://meetings-archive.aps.org/damop/2026/p12/8/		The stability of systems with underlying internal dynamics is critical to many applications of quantum sciences, such as quantum simulation and metrology. In previous and ongoing works we find that Bose-Einstein condensates (BECs) often exhibit resonant spatial excitations during dynamics within internal degrees of freedom; these resonances can persist even when the energy scales of the internal dynamics are much smaller than those of the spatial excitations. By breaking integrability these spatial excitations induce chaos, potentially allowing for decoherence and thermalization within the closed quantum systems. We develop and apply a generalized few-state framework to various systems such 
P12/9	unrelated_excluded	读完摘要后未发现可归入 Rb87 Rydberg 光镊平台近期实验/工程问题的内容。	gate_QEC;quantum_sim	Spinor Gases and Magnetic Phenomena	Dynamics of anisotropic spin-1 chains with tunable symmetry	https://meetings-archive.aps.org/damop/2026/p12/9/		The far-from-equilibrium dynamics of interacting quantum systems have been the subject of extensive research in recent years. Numerous non-equilibrium phenomena, including many-body scars, Hilbert space fragmentation, dynamical quantum phase transitions, and time crystals, have been experimentally realized thanks to the quick development of quantum simulators. In this study we employ time-evolving block decimation to study the time evolution of excited initial states of an anisotropic spin-1 Heisenberg Hamiltonian in which the underlying symmetry can be tuned from SU(2) to SU(3) by controlling the contribution from quadrupolar interactions. We analyze the dynamics of the local magnetization,
P12/10	unrelated_excluded	主题不涉及 Rb/Rydberg/光镊/中性原子阵列或相关量子计算模拟工程。	optical_lattice_or_gas	Spinor Gases and Magnetic Phenomena	Strong magnetic interaction between dysprosium atoms at subwavelength distances	https://meetings-archive.aps.org/damop/2026/p12/10/		Dysprosium atoms, which are among the most magnetic atoms in the periodic table, feature magnetic dipolar interactions that are a hundred times stronger than those of alkali atoms. However, this interaction remains weak compared to other energy scales in the system, such as contact interactions or the temperature. Therefore, to study many-body physics that arises from magnetic interactions, it is crucial to develop protocols to place atoms much closer than conventional methods allow. Here we take a first step toward this goal by characterizing the magnetic interaction between two dysprosium atoms confined in a tightly trapped harmonic potential. By confining atom pairs to 20 nm length scale 
R06/1	unrelated_excluded	平台是离子、固态或其他非中性原子光镊平台。	gate_QEC;quantum_sim;cavity;vapor_or_MOT;ion_or_solid	Remote Entanglement Distribution with Trapped Ions	Fabrication and Automated Characterisation of Optical Cavity Mirrors for Quantum Networking	https://meetings-archive.aps.org/damop/2026/r06/1/		To achieve high rates of entanglement generation in trapped ion quantum networks [1], the Purcell enhancement offered by optical cavities can be used to reach near-unit photon collection efficiency [2]. In this work, we address the challenges of fabricating and characterizing microcavity mirrors with ultralow, Å-level roughness, necessary to achieve high cooperativity in ion-cavity systems. We use focused ion beam (FIB) milling to produce features with state-of-the-art surface roughness for this size and scale [3,4]. To rapidly characterize these mirrors and to drive iterative improvements of the fabrication methods used, we design and build an automated cavity mode-matching experiment. An a
R06/2	unrelated_excluded	平台是离子、固态或其他非中性原子光镊平台。	gate_QEC;ion_or_solid	Remote Entanglement Distribution with Trapped Ions	Abstract Withdrawn	https://meetings-archive.aps.org/damop/2026/r06/2/		
R06/3	unrelated_excluded	平台是离子、固态或其他非中性原子光镊平台。	gate_QEC;Sr;ion_or_solid	Remote Entanglement Distribution with Trapped Ions	Towards demonstrating heralded photonic graph state primitives using 88Sr+ trapped atomic ions	https://meetings-archive.aps.org/damop/2026/r06/3/	Lin, Jianlong & Cieszynski, Mari & Christopherson, William & Khan, Darman & Li, Lintao & Goldschmidt, Elizabeth & DeMarco, Brian. (2026). 88Sr+ ion trap apparatus for generating 408 nm photons. Review of Scientific Instruments. 97. 10.1063/5.0288146.	We use 88Sr+ trapped atomic ions to produce high-quality 408 nm photons for distributed quantum computing and networking applications. We have demonstrated this through a second order correlation measurement for one to six atomic emitters. Atomic emitters have been used to realize photonic graph states, which have applications in measurement-based quantum computing. However, the size of these graph states scales poorly due to limited photon collection efficiency. We, instead, aim to demonstrate building blocks for a recently proposed emitter-based heralded photonic graph state scheme. This scheme provides the blueprint for realizing large-scale graph states using emitters with poor photon co
R06/4	unrelated_excluded	平台是离子、固态或其他非中性原子光镊平台。	gate_QEC;quantum_sim;cavity;ion_or_solid	Remote Entanglement Distribution with Trapped Ions	Surface-trap integrated vertical Fabry–Perot microcavity for fast trapped ion networks	https://meetings-archive.aps.org/damop/2026/r06/4/		Remote entanglement generation rate is the current bottleneck in realizing a scalable distributed quantum computer with trapped ions. Utilizing ion-cavity interaction with a micro Fabry-Perot cavity promises a two-order-of-magnitude enhancement of the remote entanglement generation rate. However, due to the mechanical stability of the cavity and the accurate localization of the ion at a cavity antinode in the presence of a dielectric cavity mirror surface, photon collection within the cavity is currently slower than free-space photon collection with a high numerical aperture lens [1]. In this work, we designed and optically characterized a surface-trap-integrated vertical Fabry-Perot cavity 
R06/5	unrelated_excluded	平台是离子、固态或其他非中性原子光镊平台。	gate_QEC;ion_or_solid	Remote Entanglement Distribution with Trapped Ions	Remotely entangling trapped ions using trap-integrated optics for photon collection and interference	https://meetings-archive.aps.org/damop/2026/r06/5/		Large-scale quantum processors will likely require connecting modules, and photon-mediated entanglement generation is an attractive method for achieving high-fidelity interconnection using trapped ions. Current demonstrations rely on bulk photon-collection and manipulation optics that suffer from mode-matching challenges and system-to-system variability—factors that impede scaling to the large numbers of entangled pairs needed for quantum information processing. To address these limitations, we demonstrate remote entanglement using a collection method that enables passive phase stability, straightforward photonic manipulation, and intrinsic reproducibility. Specifically, we engineer waveguid
R06/6	unrelated_excluded	平台是离子、固态或其他非中性原子光镊平台。	gate_QEC;ion_or_solid	Remote Entanglement Distribution with Trapped Ions	Distributed Quantum Networking with Trapped Ions	https://meetings-archive.aps.org/damop/2026/r06/6/		Trapped ions are a leading modality for both quantum computing and quantum networking due to their long coherence times, high fidelity two-qubit gates and high ion-photon and ion-ion entanglement fidelities [1-3]. Networking multiple trapped-ion QPUs will allow a scalable and modular framework on which to perform deeper and more useful algorithms. In this talk we present the high-level design and operation on an interconnected trapped ion quantum computer capable of transmitting entangled photons both locally and over a fiber network as well as performing local qubit operations. We will show recent results on photonically mediated remote entanglement of qubits that will allow the system to p
R06/7	unrelated_excluded	平台是离子、固态或其他非中性原子光镊平台。	gate_QEC;ion_or_solid	Remote Entanglement Distribution with Trapped Ions	Heterogeneous Quantum Networking Using Photonic Chips	https://meetings-archive.aps.org/damop/2026/r06/7/		We report on the design, fabrication, and testing of an integrated photonic chip aimed at overcoming bottlenecks in trapped ion quantum networks. Current bulk optics limit the entanglement rate to a single photonic link of order ≃100 sec-1. To address this, we use a parallelized architecture where light is simultaneously collected from multiple ions in a chain, dramatically increasing the entanglement rate between modules. The use of fiber arrays, with order 100 micron pitch, makes mode matching arrays of ions challenging while maintaining efficient light collection. We address this through a custom fabricated photonic circuit that efficiently collects light from a chain of Barium Ions using
R04/1	related_excluded	中性原子/Rydberg/tweezer 方向相近，但物种是 Yb/Sr/Cs 等，不是 Rb87。	tweezer;gate_QEC;quantum_sim;metrology;Sr;optical_lattice_or_gas	Quantum Architectures II	Magneto-Optical Tweezer for Qudit Quantum Computing in {}^{87}Sr	https://meetings-archive.aps.org/damop/2026/r04/1/		Neutral atoms have become a competitive platform for quantum metrology, simulation, sensing, and computing. The rich atomic structure encoded in {}^{87}Sr makes it an ideal candidate for quantum information applications. Its ground state manifold hosts 10 nuclear spin states with long coherence times. Furthermore, it possesses long-lived metastable states, particularly 5s5p \mathrm{^{3}P_2}, with J=2 yields a large magnetic dipole, suitable for fast gate operation. However, its large angular momentum also introduces large tensor and quadratic Zeeman shifts. Current magic trapping techniques are insufficient to engineer magic trapping conditions for qudits encoded in hyperfine states with J \
R04/2	related_excluded	相关但未写入：Sr fine-structure/triple-magic tweezer architecture；强依赖 Sr fine-structure，不是 Rb87。	Rydberg;tweezer;neutral_atom_array;gate_QEC;quantum_sim;Sr	Quantum Architectures II	AbaQus: A Dynamically Reconfigurable Triple-Magic Atom Array For The Sr Fine-Structure Qubit	https://meetings-archive.aps.org/damop/2026/r04/2/		We report on the development of a novel tweezer architecture for the recently demonstrated fine-structure qubit for Sr. By using a carefully designed optical setup [1,2] that scale and guide up to 1280 beams generated by twenty acousto-optic deflectors (AOD), we generate a 64x20 tweezer array consisting of near diffraction limited spots. After chirp cooling and parity projection to prepare single atoms, we will utilize an FPGA integrated with an ultra-low noise camera and an RF system to analyze and sort the atomic array to a target geometry. By implementing on-the-fly atom detection and frequency chirp calculations, we can achieve very small latencies between atom detection and array reconf
R04/3	related_excluded	相关但未写入：Yb large-array loading；物种不是 Rb87。	Rydberg;tweezer;neutral_atom_array;gate_QEC;quantum_sim;metrology;Yb;vapor_or_MOT	Quantum Architectures II	High-efficiency loading of 2,400 Ytterbium atoms in optical tweezer arrays	https://meetings-archive.aps.org/damop/2026/r04/3/	arXiv:2512.19795	Neutral atom arrays have emerged as a powerful platform for quantum computation, simulation, and metrology. Among them, alkaline-earth-like atoms exhibit distinct advantages, including long coherence time and high-fidelity Rydberg gates. However, their scalability has lagged behind that of the alkali atoms. Here, we report 2,400 Ytterbium-174 atoms trapped in an optical tweezer array with enhanced single-atom loading efficiency of 83.5(1)%. Notably, the loading efficiency is largely maintained for array sizes ranging from dozens to thousands, exhibiting excellent scalability. We demonstrate the broad applicability of the enhanced loading method by showing that the enhancement exists robustly
R04/4	related_excluded	中性原子/Rydberg/tweezer 方向相近，但物种是 Yb/Sr/Cs 等，不是 Rb87。	metrology;Yb	Quantum Architectures II	A continuous source of cold Ytterbium atoms for quantum computing and metrology	https://meetings-archive.aps.org/damop/2026/r04/4/		Ytterbium-171 possesses several features that make it an attractive platform for quantum information science and quantum metrology. The ground-state and metastable nuclear-spin qubit is naturally robust due to the absence of hyperfine coupling, which strongly suppresses magnetic and trap sensitivity, enabling long coherence times without dynamical decoupling. In addition, the availability of an ultra-narrow optical clock transition enables coherent mapping of the qubit between the ground, metastable, and optical qubit, which is door-opening for new architectures for quantum computing and metrology. Despite recent advances in rapid, high-fidelity single- and two-qubit operations, a key challe
R04/5	related_excluded	相关但未写入：Yb streamed ancilla architecture；物种不是 Rb87，且非 Rb87 Rydberg 光镊核心。	Rydberg;tweezer;neutral_atom_array;gate_QEC;Yb	Quantum Architectures II	Programmable atomic processors with streamed ancilla arrays	https://meetings-archive.aps.org/damop/2026/r04/5/		"The clock rates in neutral-atom quantum processors based on zoned architecture are limited by the speed at which atoms can be transported into and out of specialized interaction or measurement zones, which is fundamentally constrained by the inertia of the atom and the finite depth of the tweezer trap. Here we propose a neutral-atom-array–based ""streaming"" architecture for quantum information processing, in which highly parallelized ""drive-by"" gates mediate interactions between stationary data qubits and moving ancilla qubits. In a proof-of-concept experiment, we employ two one-dimensional 171Yb atom arrays to demonstrate Doppler-shift–mediated fast mid-circuit readout between a dynamic arra"
R04/6	unrelated_excluded	平台是离子、固态或其他非中性原子光镊平台。	neutral_atom_array;gate_QEC;cavity;ion_or_solid	Quantum Architectures II	Ultraprecise fiber-optical elements for integration with neutral atom arrays	https://meetings-archive.aps.org/damop/2026/r04/6/		Recent advances in modular quantum computing with neutral atoms coupled to micro-cavities [1] underscore the need for highly precise micro-optical elements that can boost remote entanglement generation rates and enable scalable architectures. Here we report nanofabrication and characterization of fiber-integrated micro-optical elements engineered for neutral-atom quantum information processing modules. Using focused-ion beam (FIB) milling, we fabricate micro-concave, convex, axicon, and spiral structures directly on single-mode fiber facets. Structural precision is quantified via atomic force microscopy (AFM), revealing better than 10 nm sphericity across more than 70% of the micro-concave e
R04/7	unrelated_excluded	平台是离子、固态或其他非中性原子光镊平台。	gate_QEC;cavity;metrology;Sr;ion_or_solid	Quantum Architectures II	High Fidelity Trapped Ion Qubit Gate Operations with a Narrow-Linewidth Integrated Photonic Laser	https://meetings-archive.aps.org/damop/2026/r04/7/		We present the first high-fidelity (&gt;99%) single qubit gates with trapped ions using an integrated photonic laser system, which is comprised of an integrated Stimulated Brillouin Scattering (SBS) laser locked to an integrated high-Q coil resonator. We use this integrated laser to excite an ultra-narrow clock transition in 88Sr+ trapped in a surface electrode trap without the use of a conventional cavity or second harmonic generation (SHG). To overcome residual thermal drift of the integrated laser source we further discipline the laser to the ion clock transition. By interleaving clock feedback sequences with qubit control sequences, we perform Rabi oscillations that retain &gt;99% popula
R04/8	related_excluded	涉及分子、分子显微镜、polar molecule 或 RbCs/KRb/NaCs 混合系统；不是 Rb87 Rydberg atom tweezer array。	gate_QEC;molecule;ion_or_solid	Quantum Architectures II	Infrared absorption spectroscopy of a single trapped polyatomic molecular ion	https://meetings-archive.aps.org/damop/2026/r04/8/	Z Wu et al., arXiv:2511.19687 (2025)	Quantum logic spectroscopy has proven to be a powerful tool for high-precision spectroscopic studies of diatomic molecular ions co-trapped with atomic ions in an ion trap, contributing to fundamental physics research and quantum information applications. However, extending this protocol to larger polyatomic molecular species is challenging due to their more complex internal structure and has not yet been demonstrated experimentally. Using an adapted version of the quantum logic methods, we investigate polyatomic molecular ions by probing their photon-absorption signal. This is achieved by preparing the shared motional mode of the trapped molecular and atomic ions in a non-classical state tha
R03/1	unrelated_excluded	读完摘要后未发现可归入 Rb87 Rydberg 光镊平台近期实验/工程问题的内容。	gate_QEC;quantum_sim;metrology	Photonic Quantum Sensing	Theory of quantum comb enhanced interferometry	https://meetings-archive.aps.org/damop/2026/r03/1/		Optical frequency combs, named for their comb-like peaks in the spectrum, are essential for various sensing applications. As the technology develops, its performance has reached the standard quantum limit dictated by the quantum fluctuations of coherent light field. Quantum combs, with their quantum fluctuation engineered via squeezing and entanglement, are the necessary ingredient for overcoming such limits. We develop the theory for designing and analyzing quantum combs, focusing on dual-comb interferometric measurement. Our analyses cover both squeezed and entangled quantum combs with division receivers and heterodyne receivers, leading to four protocols with quantum advantages scalable w
R03/2	unrelated_excluded	读完摘要后未发现可归入 Rb87 Rydberg 光镊平台近期实验/工程问题的内容。	metrology	Photonic Quantum Sensing	50-km Single-Photon Fiber Interferometer for Sensing Gravitational Signatures	https://meetings-archive.aps.org/damop/2026/r03/2/	https://doi.org/10.48550/arXiv.2511.17022	Quantum mechanics and general relativity are foundational pillars of modern physics, yet experimental tests that directly connect the two remain rare. Measuring gravity-induced optical phase shifts of single photons offers a unique quantum platform for probing gravity beyond Newtonian descriptions, but laboratory interferometers have not yet reached the sensitivity required to access this regime. In this talk, I will present the realization of a 50-km tabletop Mach-Zehnder fiber interferometer operating at the single-photon level. We achieve a phase sensitivity of 4.42E-6 over the low frequency band 0.01-5 Hz. We further demonstrate that this sensitivity is sufficient to resolve a modulated 
R03/3	unrelated_excluded	读完摘要后未发现可归入 Rb87 Rydberg 光镊平台近期实验/工程问题的内容。	metrology	Photonic Quantum Sensing	Quantum-Enhanced Impulse Detection with Two-Mode Squeezed Light	https://meetings-archive.aps.org/damop/2026/r03/3/		Experimental systems optimized for the detection of weak, transient signals have been suggested for the exploration of phenomena in fundamental physics: including dark matter and neutrino physics. One potential platform for the measurement of such signals is based on optomechanical systems, which can operate in a regime limited only by quantum noise. In this work, using such a device, we experimentally demonstrate enhanced sensitivity for impulse detection using two-mode squeezed light, achieving performance beyond the standard quantum limit. Specifically, we characterize the response of a micro-electro-mechanical sensor (MEMS), using both classical and two-mode squeezed light, to an impulse
R03/4	unrelated_excluded	读完摘要后未发现可归入 Rb87 Rydberg 光镊平台近期实验/工程问题的内容。	gate_QEC;cavity;metrology	Photonic Quantum Sensing	Dual cavity quantum enhanced optomechanical force sensor	https://meetings-archive.aps.org/damop/2026/r03/4/		Force sensors, used as accelerometers and gravimeters, are useful in a number of applications including inertial navigation and geodesy. Here, we explore a force sensing configuration in which the quantum correlations of a two-mode squeezed state can be exploited in order to improve sensitivity and allow for the use of intensity detection instead of the more complex homodyne detection without a significant reduction in sensitivity. We theoretically study a double ring cavity system where an optomechanical system based on a membrane is used as a shared movable mirror for both cavities. Each of the modes of the two-mode squeezed state couples to one of the two cavities and reflect on opposite 
R03/5	related_excluded	Rydberg/Rb 相关但平台是 vapor/MOT/molasses/EIT/cold ensemble，不是 optical tweezer array。	Rydberg;Rb;gate_QEC;metrology;vapor_or_MOT	Photonic Quantum Sensing	Low Frequency Rydberg Electrometry in Potassium	https://meetings-archive.aps.org/damop/2026/r03/5/		Rydberg receivers have promise as an alternative to the electrically small antennas used at low frequencies. However, the realization of a low frequency Rydberg receiver has been hampered by the strong screening effects of the vapor cells at low frequencies. We investigate low frequency Rydberg electrometry using potassium as the active medium. By comparing Stark shifts and sensitivity in rubidium at the few MHz level, we find a notable improvement in the low frequency transmission of potassium vapor cells. We report potassium sensitivity values for frequencies from 500 Hz to 10 MHz in an all-dielectric system. These developments were motivated by a desire to understand and optimize the chem
R03/6	related_excluded	Rydberg/Rb 相关但平台是 vapor/MOT/molasses/EIT/cold ensemble，不是 optical tweezer array。	Rydberg;gate_QEC;metrology;vapor_or_MOT	Photonic Quantum Sensing	Locating radio-frequency waves' angle-of-arrival by imaging interference patterns with Rydberg atoms.	https://meetings-archive.aps.org/damop/2026/r03/6/	https://doi.org/10.1103/6dl6-754w	We recently developed a method to image electromagnetic fields in two dimensions via spatially resolved fluorescence readout of electromagnetically induced transparency of Rydberg states of alkali atoms in a vapor cell. Here, we use this technique to determine the angle of arrival of an incident RF wave by imaging the standing-wave patterns created by internal reflections from the partially reflective glass cell walls. By fitting the resulting standing-wave node spacing, we measure in-plane angles of arrival to within one degree over essentially all in-plane angles (θ). We further extend the approach to recover arbitrary three-dimensional angles (θ, φ) with uncertainties of a few degrees.
R05/1	unrelated_excluded	平台是离子、固态或其他非中性原子光镊平台。	gate_QEC;metrology;ion_or_solid	Frontiers in Petahertz Electronics	Frontiers in Petahertz Electronics	https://meetings-archive.aps.org/damop/2026/r05/1/	"Christian Heide, Phillip D. Keathley, and Matthias F. Kling, ""Petahertz electronics,"" Nature Reviews Physics 6, 648–662 (2024)"	Despite tremendous advances in semiconductor technology, the clock rate of modern electronics has plateaued at a few gigahertz. Fundamental limitations associated with pulsed voltage operation hinder further scaling of electronic switching speeds. To break through this gigahertz barrier, alternative methods for controlling the flow of charge carriers are being sought. Petahertz electronics, also known as lightwave electronics, introduces a new concept: Instead of pulsed voltages, it uses tailored optical waveforms to control charge carriers in an electronic circuit at petahertz frequencies. A sizeable body of research has demonstrated such petahertz-scale currents driven by optical fields wi
R05/2	unrelated_excluded	主题不涉及 Rb/Rydberg/光镊/中性原子阵列或相关量子计算模拟工程。		Frontiers in Petahertz Electronics	Tracking Laser-Matter Interactions with Field-Resolved Spectroscopy	https://meetings-archive.aps.org/damop/2026/r05/2/		In this talk, I will describe my group's approach to electric field sampling of few-cycle optical waveforms in the near- to mid-infrared, and how waveform measurements can be used as a spectroscopic technique to study nonlinear light-matter interactions.
R05/3	unrelated_excluded	平台是离子、固态或其他非中性原子光镊平台。	quantum_sim;vapor_or_MOT;ion_or_solid	Frontiers in Petahertz Electronics	Probing Thermally Driven Lattice Dynamics via High-harmonic spectroscopy	https://meetings-archive.aps.org/damop/2026/r05/3/		Solid-state high-harmonic generation (HHG) probes ultrafast electron–hole dynamics in crystals driven by strong laser fields, where carriers are accelerated over multiple unit cells. At finite temperature, thermal lattice fluctuations induce dephasing along these trajectories, yet their impact on high-harmonic emission remains largely unexplored. Here, we explore this effect by considering the temperature-dependence of HHG in the van-der-Waals superatomic semiconductor Re₆Se₈Cl₂. In both experiments and large-scale calculations solving the semi-conductor Bloch equations, we observe a monotonic enhancement of the harmonic yield with decreasing temperature, accompanied by a pronounced increase
R05/4	unrelated_excluded	主题不涉及 Rb/Rydberg/光镊/中性原子阵列或相关量子计算模拟工程。	ion_or_solid	Frontiers in Petahertz Electronics	Momentum-resolved contributions to High Harmonic Generation	https://meetings-archive.aps.org/damop/2026/r05/4/		Solid-state High Harmonic Generation (HHG) is governed by quantum interference between emission pathways across the Brillouin zone. The three-step model captures this through a dominant saddle-point trajectory, offering an intuitive picture where HHG emission is localized in crystal momentum. To better understand the contributions to each harmonic across the reciprocal space, we computed the momentum-resolved HHG yield across the full Brillouin zone using semiconductor Bloch equations for a hexagonal Boron Nitride monolayer. We then compared it to the dominant momentum predicted by the saddle point approximation. We find that the different contributions to each harmonic are spread across ext
R05/5	unrelated_excluded	主题不涉及 Rb/Rydberg/光镊/中性原子阵列或相关量子计算模拟工程。		Frontiers in Petahertz Electronics	Strong-Field Emission from Dielectric Nanoparticles	https://meetings-archive.aps.org/damop/2026/r05/5/	[1] E. Saydanzad, J. Powell, et al., Nanophotonics 12, 1931 (2023). [2] E. Saydanzad, J. Powell, et al. Nanophotonics 14, 1355 (2025). [3] A. M. Perelomov, V. S. Popov, and M. V. Terent'ev, Sov. Phys. JETP 23, 924 (1966). [4] J. A. Powell, Ph.D. thesis, Kansas State University (2017). [5] T. Renner et al., in preparation (2026).	We extended our recently developed model for strong-field photoelectron (PE) emission from metal nanoparticles (NPs) driven by short infrared (IR) laser pulses to dielectric NPs. The extended theory follows the three-step framework introduced in Refs. [1,2], but requires a major revision of the first (ionization) step: instead of a Fowler–Nordheim (FN) tunneling description, we employ an ADK–PPT–type strong-field ionization rate [3] that more realistically captures valence-band electron emission in dielectrics by including both tunneling and multiphoton ionization. The ionization rate is implemented with a dynamic ionization potential that, importantly, incorporates the IR Stark shift and an
R05/6	related_excluded	平台是 optical lattice、BEC、quantum gas 或 gas microscope，不是 Rb87 optical tweezer Rydberg array。	quantum_sim;optical_lattice_or_gas	Frontiers in Petahertz Electronics	Unified Approach to Time-resolved X-ray and Electron Diffraction Imaging	https://meetings-archive.aps.org/damop/2026/r05/6/		"Time-resolved X-ray diffraction (TR-XRD) and ultrafast electron diffraction (TR-UED) are leading tools for imaging structural and electronic dynamics, yet they are commonly modeled with parallel often incompatible approximations. We present a unified, quantum-field-based description of ultrafast diffraction imaging that places TR-XRD and TR-UED within a single measurement framework. Starting from a density-matrix formulation for ""matter + probe,"" we derive an expression for the detected diffraction signal in terms of a common scattering observable that naturally incorporates finite pulse duration, probe bandwidth, and detector energy acceptance (gating). This approach makes the correspondenc"
R07/1	included_in_topic_abstract	已写入 abstract.qmd。	Rydberg;tweezer;gate_QEC;Yb	Quantum Characterization, Benchmarking, and Tomography	Rydberg atom crosstalks for large-scale high-fidelity two-qubit quantum gates	https://meetings-archive.aps.org/damop/2026/r07/1/		Strong interactions between neutral atoms excited to Rydberg states enable high-fidelity two-qubit Controlled-Z (CZ) gates, but may also introduce crosstalk errors between distant atoms. In order to fully realize the potential of large-scale atom tweezer arrays, both the isolated gate fidelity and crosstalk errors need to be characterized. In this work, we design and implement a quantum circuit to precisely measure the anisotropic, long-range Rydberg interaction strength between ytterbium-171 atoms at a high magnetic field, and compare to calculations using multichannel quantum defect theory. Additionally, we present an updated measurement of our two-qubit gate achieving a 99.70(3)% fidelity
R07/2	unrelated_excluded	读完摘要后未发现可归入 Rb87 Rydberg 光镊平台近期实验/工程问题的内容。	gate_QEC;quantum_sim;cavity	Quantum Characterization, Benchmarking, and Tomography	Cavity Mediated Two-Qubit Gate: Characterization and Optimization with NISQ Era Quantum Simulations	https://meetings-archive.aps.org/damop/2026/r07/2/	S. S. Yuvarajan, V. Iglesias-Cardinale, D. Hucul, H. F. Fotso, ArXiv:2512.12030 (2025).	Photon-mediated operations are critical to the realization of scalable quantum information processing platforms, and their accurate characterization is essential for the identification of optimal regimes and the design of corrective protocols, along with their experimental realizations. Such light-matter interactions are often studied with a broad variety of analytical and computational methods that are constrained by approximation techniques or by computational scaling. Quantum processors present a new avenue to address these challenges. We consider the case of photon-mediated two-qubit gates between quantum emitters placed in a cavity. To investigate quantum state transfer between the qubi
R07/3	related_excluded	平台是 optical lattice、BEC、quantum gas 或 gas microscope，不是 Rb87 optical tweezer Rydberg array。	gate_QEC;quantum_sim;optical_lattice_or_gas	Quantum Characterization, Benchmarking, and Tomography	Mitigating Measurement Noise in Fast Neutral Atom Quantum Experiments	https://meetings-archive.aps.org/damop/2026/r07/3/		Fast and reliable state measurement is a central bottleneck in scaling neutral atom quantum processors. Operating neutral atom processors in the fast measurement regime requires short imaging times, where readout uncertainty becomes non-negligible and can strongly impact downstream operations. We demonstrate that explicitly accounting for measurement uncertainty using experimentally characterized noise statistics substantially improves system performance under fast measurement conditions. In rearrangement, this leads to reduced atom shuttling and improved final array quality. In surface code simulations, we observe lower logical error rates and improved effective error thresholds under fixed
R07/4	unrelated_excluded	平台是离子、固态或其他非中性原子光镊平台。	gate_QEC;ion_or_solid	Quantum Characterization, Benchmarking, and Tomography	Software based compensation of AC-line perturbations and randomized benchmarking on a Barium-137 quDit	https://meetings-archive.aps.org/damop/2026/r07/4/	Low, Pei Jiang, Nicholas C. F. Zutt, Gaurav A. Tathed, and Crystal Senko. ``Quantum Logic Operations and Algorithms in a Single 25-Level Atomic Qudit.'' arXiv, arXiv:2507.15799, 21 July 2025, https://arxiv.org/abs/2507.15799. Accessed 22 Jan. 2026.	Qudits provide a hardware-efficient path to scaling trapped-ion quantum processors by encoding more computational space per ion. Building on our recent demonstration of coherent control, high-fidelity SPAM, and algorithmic operation in a single 25-level 137Ba+ qudit encoded in the S1/2 and D5/2 manifolds (1), we report software-based AC-line signal compensation that suppresses mains-synchronous detuning drifts and phase accumulation. Left uncorrected, these deterministic perturbations accumulate across pulse/experiment sequence, producing coherent over-rotation and frame-tracking errors that grow with sequence depth and, in high-dimensional protocols, with the number of addressed transitions
R07/5	related_excluded	Rydberg/Rb 相关但平台是 vapor/MOT/molasses/EIT/cold ensemble，不是 optical tweezer array。	gate_QEC;vapor_or_MOT	Quantum Characterization, Benchmarking, and Tomography	Characterization of High-Dimensional Unitary Transformations via Quantum Interferometry	https://meetings-archive.aps.org/damop/2026/r07/5/	"S. Rajeev and M. Lahiri, ""Characterizing a high-dimensional unitary transformation without measuring the qudit it transforms,"" Opt. Lett., in press"	We present a quantum interferometric method to measure high-dimensional unitary transformations which are applicable to photonic single-qudit states. The method relies on interference by path identity of undetected photons. It utilizes a photon pair entangled in orbital angular momentum (OAM). The photon pair consists of signal and idler photons. The unknown unitary transformation is applied to the idler photon and reconstructed from single-photon interference patterns created by the signal photon, requiring neither coincidence measurements nor postselection. Unlike conventional techniques, our method does not involve direct measurement of the qudit undergoing the transformation. This provid
R07/6	unrelated_excluded	主题不涉及 Rb/Rydberg/光镊/中性原子阵列或相关量子计算模拟工程。		Quantum Characterization, Benchmarking, and Tomography	Coherent probes suffice to efficiently characterize all bosonic Gaussian processes	https://meetings-archive.aps.org/damop/2026/r07/6/	Coherent probes suffice to characterize all bosonic Gaussian processes, (in preparation)	Characterizing quantum processes is an indispensable requirement for a wide variety of quantum information processing tasks. This task can be challenging in continuous-variable systems since the Hilbert space of such systems is infinite-dimensional. Simplifications can be made when we restrict our attention to linear optical processes which can be efficiently described by a unitary transformation of the mode operators. Several methods have already been developed to efficiently characterize such a unitary transformation.Beyond the linear optical regime, efficient characterization remains possible for Gaussian systems, as such systems can be described by an affine transformation of the mode op
R07/7	unrelated_excluded	读完摘要后未发现可归入 Rb87 Rydberg 光镊平台近期实验/工程问题的内容。	gate_QEC	Quantum Characterization, Benchmarking, and Tomography	How much can we learn from quantum random circuit sampling?	https://meetings-archive.aps.org/damop/2026/r07/7/	arXiv:2510.09919	Benchmarking quantum devices is central to developing quantum technologies, but it is challenging to benchmark large-scale quantum devices in full operations. We introduce new benchmarking methods based on random circuit sampling (RCS) that substantially extend the scope of conventional approaches. Our framework extracts rich diagnostic information, including spatiotemporal error profiles, correlated and contextual errors, and biased readout errors, without requiring any modifications of the experiment. We also develop techniques for benchmarking in the beyond-classical regime, by leveraging side information in the form of bitstring samples obtained from reference quantum devices. Our approa
R07/8	related_excluded	Rydberg 相关但没有指向 Rb87 optical tweezer array；多为传感、分子、理论或其他平台。	Rydberg	Quantum Characterization, Benchmarking, and Tomography	Statistical learning on randomized data to verify quantum state approximate k-designs	https://meetings-archive.aps.org/damop/2026/r07/8/	arXiv preprint: arXiv:2305.01465	Random ensembles of pure states have proven to be extremely important in various aspects of quantum physics such as benchmarking the performance of quantum circuits, testing for quantum advantage, providing novel insights for many-body thermalization and studying the black hole information paradox. Although generating a fully random ensemble is experimentally challenging, approximations of it are just as useful and are known to emerge naturally in a variety of physical models, including Rydberg setups. These are referred to as approximate quantum state designs, and verifying their degree of randomness can be an expensive task, similar to performing full quantum state tomography on many-body 
R07/9	unrelated_excluded	读完摘要后未发现可归入 Rb87 Rydberg 光镊平台近期实验/工程问题的内容。	quantum_sim	Quantum Characterization, Benchmarking, and Tomography	Imaginary-time evolution of interacting spin systems in the truncated Wigner approximation	https://meetings-archive.aps.org/damop/2026/r07/9/	Imaginary-time evolution of interacting spin systems in the truncated Wigner approximation (in preparation), T. Schlegel, D. Breu, M. Fleischhauer	The recently developed Truncated Wigner Approximation for spins (TWA, [1], [2]) is a semiclassical method to describe interacting spin-1/2-systems including dephasing and decay. Instead of finding exact solutions in the exponentially growing Hilbert space, the method employs a mapping from the equation of motion of many-body density matrix to stochastic differential equations of classical variables in a continuous phase space. The method, which improves on a mean-field description by including leading order quantum corrections, was successfully employed to simulate the real-time dynamics of several models.We here further develop the TWA method to an imaginary-time evolution (iTWA), i.e. for 
R11/1	related_excluded	涉及分子、分子显微镜、polar molecule 或 RbCs/KRb/NaCs 混合系统；不是 Rb87 Rydberg atom tweezer array。	gate_QEC;quantum_sim;molecule;vapor_or_MOT;optical_lattice_or_gas	New Frontiers for Quantum Gases in Optical Lattices I	Fermi-surface deformation and collective modes of microwave-shielded polar molecules	https://meetings-archive.aps.org/damop/2026/r11/1/		Long-range, anisotropic dipole–dipole interactions in ultracold polar molecules open routes toward exotic quantum many-body phases, yet accessing the deeply degenerate interacting regime remains challenging. Here we use microwave shielding to fundamentally modify both the sign and symmetry of dipolar interactions in a fermionic gas of NaK molecules, enabling stable and highly tunable dipolar matter. In particular, microwave dressing can realize effectively negated dipolar interactions with engineered anisotropy, a key ingredient predicted to favor the emergence of chiral topological px +ipy superfluidity in two dimensions.We will present our progress on evaporative cooling of microwave-shiel
R11/2	unrelated_excluded	主题不涉及 Rb/Rydberg/光镊/中性原子阵列或相关量子计算模拟工程。	optical_lattice_or_gas	New Frontiers for Quantum Gases in Optical Lattices I	Engineering spatially inhomogeneous tunneling in shaken lattices	https://meetings-archive.aps.org/damop/2026/r11/2/	https://journals.aps.org/prx/accepted/10.1103/37vk-qz71 https://journals.aps.org/prb/abstract/10.1103/PhysRevB.111.115163	We present theoretical and experimental evidence of the creation of position-dependent tunneling by Floquet engineering in a 1D bichromatic optical lattice. When the lattice is driven in a way which maps to illumination with circularly polarized light in a higher-dimensional model, tunneling matrix elements acquire sinusoidal spatial dependence. When the bichromatic lattice is quasiperiodic, this inhomogeneous tunneling creates a multifractal phase of matter with self-similar eigenstates, without any fine-tuning of parameters. We experimentally measure transport of a condensate expanding in such a driven lattice, and extract the subdiffusive transport exponents in a parameter region correspo
R11/3	related_excluded	中性原子/Rydberg/tweezer 方向相近，但物种是 Yb/Sr/Cs 等，不是 Rb87。	tweezer;quantum_sim;Sr;optical_lattice_or_gas	New Frontiers for Quantum Gases in Optical Lattices I	Programmable Quantum Walks with tweezer-trapped Atoms	https://meetings-archive.aps.org/damop/2026/r11/3/		Neutral atoms in optical tweezer arrays have become a powerful and flexible platform for quantum simulation of the Hubbard model. In this talk, we demonstrate quantum random walks of a single strontium atom in 1D tweezer arrays. We enhance coherent tunneling between sites by introducing an additional modulated tweezer trap between the original lattice sites. This hybrid tweezer system enables dynamic temporal and spatial control of tunneling, enabling programmable quantum walks. These results highlight the potential of optical tweezer arrays for studying Hubbard models in finite-size lattices with arbitrary geometries and controlled disorder.
R11/4	unrelated_excluded	主题不涉及 Rb/Rydberg/光镊/中性原子阵列或相关量子计算模拟工程。	optical_lattice_or_gas	New Frontiers for Quantum Gases in Optical Lattices I	ARPES in Fermi-Hubbard Systems with Arbitrary Interactions	https://meetings-archive.aps.org/damop/2026/r11/4/		Cold atom realizations of the Fermi-Hubbard model in optical lattices have reached temperatures in the pseudogap regime [1,2]. Spectroscopic studies are particularly valuable in this regime, where they can teach us about the nature of the quasiparticles in the system and their dispersions. Angle-resolved photoemission spectroscopy (ARPES), a technique widely used in condensed matter physics for this purpose, has been challenging to implement in Hubbard systems. Effective photo-ejection of an atom from the system relies on transfer to a final state where interactions are negligible. This has been realized using radiofrequency spin flips for systems with attractive interactions, but the techni
R11/5	related_excluded	平台是 optical lattice、BEC、quantum gas 或 gas microscope，不是 Rb87 optical tweezer Rydberg array。	gate_QEC;quantum_sim;optical_lattice_or_gas	New Frontiers for Quantum Gases in Optical Lattices I	Spin-resolved single-site imaging of 2D homogeneous Lattices	https://meetings-archive.aps.org/damop/2026/r11/5/		The fermionic Hubbard model is a fundamental paradigm for investigating strongly correlated quantum matter, and realizing a Hubbard quantum simulator with ultracold Fermi atoms has long been a central experimental objective. Towards this goal, we have implemented a two-dimensional homogeneous lattice system, successfully establishing a large-scale, highly homogeneous quantum simulation platform for solving the fermionic Hubbard model. Leveraging this platform, we constructed a high-NA quantum gas microscopy system and integrated Raman sideband imaging to enable high-fidelity single-site readout of lattice-site occupation. We have currently achieved large-scale site-resolved imaging with a fi
R11/6	unrelated_excluded	主题不涉及 Rb/Rydberg/光镊/中性原子阵列或相关量子计算模拟工程。	optical_lattice_or_gas	New Frontiers for Quantum Gases in Optical Lattices I	Disorder Suppression via a Pulsed Laser in an Erbium Quantum Gas Microscope	https://meetings-archive.aps.org/damop/2026/r11/6/		Quantum gas microscopes provide site-resolved control and detection of ultracold atoms in optical lattices, enabling the direct study of strongly correlated quantum matter. However, a fundamental challenge of optical lattice experiments is the need to craft ultra-low-disorder optical potentials. One prominent source of lattice disorder in continuous-wave lattices arises from stray light interfering with the main lattice beams. Enhanced by the large field amplitude of the primary lattice, even minuscule amounts of stray light from dust scattering or higher-order optical reflections can produce significant disorder.Here, we propose a solution utilizing a lattice generated by a pulsed laser, wh
R11/7	unrelated_excluded	主题不涉及 Rb/Rydberg/光镊/中性原子阵列或相关量子计算模拟工程。	optical_lattice_or_gas	New Frontiers for Quantum Gases in Optical Lattices I	Numerical Linked Cluster Expansion of the SU(3) Fermi Hubbard model on the triangular lattice	https://meetings-archive.aps.org/damop/2026/r11/7/		The Fermi Hubbard model is a paradigmatic model for strongly correlated electrons in quantum many-body physics and can be engineered with high degree of precision with ultracold atoms in optical lattices. Its generalization to N&gt;2 components has attracted interest in recent years because of its rich physics and experimental realizations with alkaline-earth-like atoms. In this work, we present our progress in the study of the SU(3) Fermi-Hubbard model on the triangular lattice using the numerical linked-cluster expansion method. We have implemented an exact diagonalization algorithm that exploits symmetries of the Hamiltonian so that larger clusters can be accessed.We present our findings 
R11/8	related_excluded	平台是 optical lattice、BEC、quantum gas 或 gas microscope，不是 Rb87 optical tweezer Rydberg array。	quantum_sim;optical_lattice_or_gas	New Frontiers for Quantum Gases in Optical Lattices I	Pseudogap in the SU(N) Fermi-Hubbard model and the Two-Particle Self-Consistent approach	https://meetings-archive.aps.org/damop/2026/r11/8/		Certain regimes of the cuprate phase diagram and two-dimensional Fermi-Hubbard model exhibit pseudogap behavior --- characterized by a loss of density of states near the Fermi surface. This behavior has been carefully studied due to its connection to superconductivity, antiferromagnetism and stripe order, but the physics governing it has not been clearly understood. Recently, Fermi-Hubbard quantum simulation experiments have advanced to the point of observing pseudogap behavior, allowing for new measurement techniques and tuning parameters only possible in cold atom experiments. One interesting possibility, enabled by experiments in Alkaline Earth Atoms (AEAs), would be to study pseudogap be
R11/9	unrelated_excluded	主题不涉及 Rb/Rydberg/光镊/中性原子阵列或相关量子计算模拟工程。	optical_lattice_or_gas	New Frontiers for Quantum Gases in Optical Lattices I	Site-resolved probing of the superfluid to Bose glass transition in an optical quasicrystal	https://meetings-archive.aps.org/damop/2026/r11/9/		Quasicrystals are a novel form of condensed matter that is not periodic, but nonetheless long-range ordered. Ultracold atoms in quasiperiodic optical lattices have emerged as a powerful platform for studying the quantum phases of quasicrystals. In this work, we loaded a Bose-Einstein condensate of bosonic potassium into an eight-fold rotationally symmetric optical quasicrystal (8QC) formed by superimposing four retro-reflected optical lattices at 45-degree angles in a plane. We magnified the quantum gas prior to detection and probed the single-site resolved density distributions of the quasicrystal, revealing the aperiodic Ammann-Beenker tiling pattern. Analyzing the density distributions in
R08/1	related_excluded	涉及分子、分子显微镜、polar molecule 或 RbCs/KRb/NaCs 混合系统；不是 Rb87 Rydberg atom tweezer array。	Rydberg;quantum_sim;molecule	Hybrid Systems of Rydberg Atoms and Polar Molecules	Resonant energy transfer in low-temperature collisions of Rydberg atoms with polar polyatomic molecules	https://meetings-archive.aps.org/damop/2026/r08/1/		The resonant exchange of energy between the nuclear degrees of freedom of polar polyatomic molecules, and the electron in a Rydberg atom can be studied at temperatures below 100 mK in pulsed supersonic beams [1,2]. These energy transfer processes can occur as a result of resonant electric dipole-dipole interactions at long-range – when the molecule is outside the charge distribution of the Rydberg electron – or at shorter range when the molecule is inside the charge distribution of, and interacts directly with the Rydberg electron. In this talk, I will describe a series of intrabeam collision experiments, in which we have studied resonant rotational and vibrational energy transfer from polar
R08/2	related_excluded	相关但未写入：Rydberg molecule/atom-molecule theory；不是 Rb87 atom-array 实验。	Rydberg;Rb;tweezer;gate_QEC;molecule	Hybrid Systems of Rydberg Atoms and Polar Molecules	Polyatomic Rydberg molecules: from bound states to resonant energy transfer	https://meetings-archive.aps.org/damop/2026/r08/2/		Hybrid systems combining Rydberg atoms and polar molecules provide a unique platform to explore quantum effects mediated by the charge-dipole interaction. This anisotropic interaction is due to the coupling between the electric field produced by the Rydberg electron and atomic core with the electric dipole moment of the molecule, and gives rise to different physical phenomena depending on the separation between both systems. When the diatomic polar molecule is immersed into the wave function of the excited atom, the anisotropic scattering of the Rydberg electron from the electric dipole moment of the dimer is the binding mechanism to create Rydberg molecules [1,2]. We will explore the electr
R08/3	related_excluded	相关但未写入：87Rb Rydberg 与 KRb/NaCs/Cs polar molecule hybrid；核心平台是分子混合系统，不是 Rb87 atom-only tweezer array。	Rydberg;Rb87;Rb;tweezer;gate_QEC;quantum_sim;Cs;molecule	Hybrid Systems of Rydberg Atoms and Polar Molecules	Probing Dipolar Interactions between Rydberg Atoms and Ultracold Polar Molecules	https://meetings-archive.aps.org/damop/2026/r08/3/	Phys. Rev. Lett. 135, 153001 (2025)	Controlled interactions between quantum systems enable energy exchange and entanglement, underpinning many demonstrations in quantum simulation and information processing. While most work has focused on perfecting individual platforms, combining complementary systems could improve performance and mitigate platform-specific limitations. Here we focus on a hybrid system of ultracold molecules (40K87Rb ) and Rydberg atoms (87Rb), and probe interspecies dipolar interactions between them in an optically trapped ensemble. Using state-selective ionization detection of KRb molecules, we observe resonant energy transfer at 2.227 GHz from Rydberg atoms to molecules. We measure a broadening of the Rb R
R08/4	related_excluded	相关但未写入：RbCs molecule + Rb/Cs Rydberg optical tweezers；核心是分子网络，不是 Rb87 Rydberg atom array。	Rydberg;Rb;tweezer;gate_QEC;Cs;molecule	Hybrid Systems of Rydberg Atoms and Polar Molecules	Interfacing individual ultracold polar molecules and Rydberg atoms in optical tweezers	https://meetings-archive.aps.org/damop/2026/r08/4/	Observation of Rydberg blockade due to the charge-dipole interaction between an atom and a polar molecule Alexander Guttridge*, Daniel K. Ruttley*, Archie C. Baldock, Rosario González-Férez, H. R. Sadeghpour, C. S. Adams, and Simon L. Cornish Phys. Rev. Lett. 131, 013401 (2023)	We envision a hybrid quantum network comprised of individually trapped polar molecules interfaced with Rydberg atoms. The nodes of the network are single molecules, where information is stored. The links are Rydberg atoms which mediate strong, long-range interactions between nodes and read out their states non-destructively. This hybrid network leverages the rich structure of long-lived internal states provided by molecules and the strong, controllable interactions provided by the Rydberg atoms. Here we report our experimental progress towards this goal. We produce single RbCs molecules in optical tweezers which allows for single-site control and imaging. Alongside the molecules, excess Rb (
R09/1	unrelated_excluded	平台是离子、固态或其他非中性原子光镊平台。	quantum_sim;metrology;ion_or_solid	Collective Dynamics and Advanced Control in Trapped-Ion Systems	Localized addressing of large trapped ion crystals in a Penning trap using a spatial light modulator	https://meetings-archive.aps.org/damop/2026/r09/1/		Penning traps provide a useful platform for expanding trapped ion applications to much larger qubit numbers than typically accessible in RF Paul traps. To date, most work with large numbers of ions in Penning traps has relied on global control to perform quantum sensing and simulation experiments. Universal quantum control, however, also requires individual qubit addressing, which is challenging due to the rapid rotation of the ion crystal. Here, we demonstrate a technique to address sections of a crystal without the requirement for tightly focused beams. We utilize a spatial light modulator (SLM), which has high reflectivity even in the UV, to imprint spatial phase variations on a laser bea
R09/2	unrelated_excluded	平台是离子、固态或其他非中性原子光镊平台。	quantum_sim;metrology;ion_or_solid	Collective Dynamics and Advanced Control in Trapped-Ion Systems	Direct thermometry and enhanced cooling of planar modes in a 2D ion crystal in a Penning trap	https://meetings-archive.aps.org/damop/2026/r09/2/		Quantum sensing and simulation experiments in two-dimensional ion crystals in Penning traps depend on the frequency stability of the ions’ collective axial motional modes. Precise control of the axial motion is achieved by Doppler laser cooling, which effectively cools out-of-plane axial modes and in-plane high frequency cyclotron modes but poorly cools in-plane low frequency magnetron modes. Recent research has demonstrated that elevated magnetron mode temperatures reduce axial mode stability resulting in a significant detrimental effect on the efficacy of quantum operations. To overcome this issue, we present a new method for enhancing the cooling of magnetron modes by resonantly coupling 
R09/3	unrelated_excluded	主题不涉及 Rb/Rydberg/光镊/中性原子阵列或相关量子计算模拟工程。	ion_or_solid	Collective Dynamics and Advanced Control in Trapped-Ion Systems	Collective Cooling of Coulomb-Crystal Modes in the Strong Sideband-Coupling Regime	https://meetings-archive.aps.org/damop/2026/r09/3/	Collective enhancement in sideband cooling of ion crystals, Ivan Vybornyi, Klemens Hammerer, in preparation	We analyze collective laser cooling of ion Coulomb crystals based on red sideband dynamics in the strong spin–motion coupling regime. Starting from an effective many-body Dicke-type model relevant for sideband cooling, we identify distinct cooling regimes as a function of coupling strength and crystal size. In the strong-coupling limit, the red sideband interaction realizes an approximately unitary state swap between collective spin excitations and selected motional modes, allowing for direct extraction of motional entropy. We show that sequential application of such swap pulses leads to rapid cooling, even for large ion crystals. We determine effective cooling rates and minimal occupations,
R09/4	unrelated_excluded	平台是离子、固态或其他非中性原子光镊平台。	tweezer;gate_QEC;quantum_sim;metrology;ion_or_solid	Collective Dynamics and Advanced Control in Trapped-Ion Systems	Anti-crossing dynamics and quantization axis control in a trapped ion using optical tweezer	https://meetings-archive.aps.org/damop/2026/r09/4/	The given title and abstract is a planned paper.	Tightly focused laser beams to control and trap atoms play an important role across a range of quantum applications, such as in neutral atoms where tweezer potentials are usually the dominant trapping element. A number of suggestions have recently arisen for the use of tweezers in trapped-ion work, for locally modifying the trapping potential, allowing state-dependent modifications of motional modes for novel gate mechanisms and in long ion chains. One aspect of the use of tweezers is the presence of strong light shifts, which when strong enough, re-define the quantization axis, acting in competition with other external fields, such as magnetic fields. When the alignment of these two is not 
R09/5	unrelated_excluded	平台是离子、固态或其他非中性原子光镊平台。	gate_QEC;quantum_sim;ion_or_solid	Collective Dynamics and Advanced Control in Trapped-Ion Systems	Fast state preparation and measurement of the 133Ba+ ion qubits	https://meetings-archive.aps.org/damop/2026/r09/5/		We demonstrate fast, high-fidelity state preparation and measurement of a single trapped 133Ba+ ion, a radioactive alkaline-earth ion with nuclear spin I=1/2, a long-lived D_{5/2} state, and predominantly visible-wavelength optical transitions. This level structure enables simultaneous implementation of hyperfine and optical qubits within the same ion. We can efficiently load this ion to a radiofrequency Paul trap by visible light photoionization. Using microwave-driven transitions within the S_{1/2} hyperfine manifold, we coherently manipulate the hyperfine qubit with high precision. For state readout, the hyperfine qubit state is mapped onto the metastable D_{5/2} manifold using 455 nm opt
R09/6	unrelated_excluded	平台是离子、固态或其他非中性原子光镊平台。	gate_QEC;vapor_or_MOT;ion_or_solid	Collective Dynamics and Advanced Control in Trapped-Ion Systems	Blueprint for a spin-boson quantum computer	https://meetings-archive.aps.org/damop/2026/r09/6/	[1] https://meetings.aps.org/Meeting/MAR24/Session/Y53.15	Quantum error-correcting codes (QECC) have been used to reduce the errors on logical operations by distributing quantum information over many qubits. So far, QECCs encode information using either spin-½ physical qubits or bosonic systems. We present our work on a hybrid QECC that leverages both spin and bosonic degrees of freedom and its blueprint with a trapped-ion quantum computing system, utilizing its inherent spin and phononic degrees of freedom. This is a follow up on our earlier proposal [1].
R09/7	unrelated_excluded	平台是离子、固态或其他非中性原子光镊平台。	gate_QEC;metrology;ion_or_solid	Collective Dynamics and Advanced Control in Trapped-Ion Systems	Applications of Spin-Dependent Generalized Squeezing in Trapped Ions	https://meetings-archive.aps.org/damop/2026/r09/7/	O. Băzăvan, S. Saner, et al., arXiv:2403.05471 (2024). S. Saner, O. Băzăvan, et al., arXiv:2409.03482 (2024). K. Shinbrough, et al. (2026). Manuscript in Preparation.	Spin-dependent generalized squeezing interactions have recently come under experimental control in trapped ion systems, expanding the trapped-ion toolbox from spin-dependent squeezing to spin-dependent tri-squeezing, quad-squeezing, and arbitary superpositions [1,2]. These interactions represent a new resource for hybrid spin-oscillator quantum computing. In this work, we explore four distinct applications enabled by this resource: (i) fast, squeezing-mediated geometric phase gates between two spins coupled to a single oscillator; (ii) squeezing-mediated thermometry of an oscillator via spin readout; (iii) preparation of high-purity oscillator Fock states via spin-dependent generalized squee
R09/8	unrelated_excluded	主题不涉及 Rb/Rydberg/光镊/中性原子阵列或相关量子计算模拟工程。	ion_or_solid	Collective Dynamics and Advanced Control in Trapped-Ion Systems	Long ion chains as a sensitive spatial probe of stray field	https://meetings-archive.aps.org/damop/2026/r09/8/		Many ions trapped in an equally spaced linear chain can serve as a register for quantum computation with all-to-all connectivity. A significant, little researched barrier to controlling the inter-ion spacing and avoiding a transition to the zigzag state is an axial stray field pointing in the direction of the ion chain. In an equidistant trapping potential, even a constant axial stray field causes bunching of the ions and local zigzag segments. On the flip-side, long ion chains serve as a sensitive spatial probe of both the intentional potentials induced by trapping electrodes and the stray electric field and allow us to separate between the effects of the two. We present a successful effort
R09/9	unrelated_excluded	平台是离子、固态或其他非中性原子光镊平台。	gate_QEC;quantum_sim;ion_or_solid	Collective Dynamics and Advanced Control in Trapped-Ion Systems	Understanding Phonon-Induced Decoherence in Trapped Ion Floquet Simulations	https://meetings-archive.aps.org/damop/2026/r09/9/		Quantum systems under Floquet (periodic) drive allow for engineering non-trivial Hamiltonians and investigating non-equilibrium many-body dynamics. The controllable inter-ion spin coupling makes trapped-ion systems an ideal platform to study Floquet dynamics. Trapped-ion spins are typically controlled by Raman transitions mediated by off-resonant phonons. Here, we numerically and experimentally investigate unwanted phonon excitations during Floquet dynamics, whose evolution can leave the spin Hilbert space and manifest as a source of decoherence for the intended Hamiltonian. Understanding phonon-induced decoherence is essential for establishing trust in quantum simulators where the evolution
R09/10	unrelated_excluded	主题不涉及 Rb/Rydberg/光镊/中性原子阵列或相关量子计算模拟工程。	molecule;optical_lattice_or_gas;ion_or_solid	Collective Dynamics and Advanced Control in Trapped-Ion Systems	Coherent Quantum Control of a Nuclear-Spin-Isomer Superposition in a Nitrogen Molecular Ion	https://meetings-archive.aps.org/damop/2026/r09/10/		Preserving quantum coherence becomes increasingly challenging as systems grow in size and internal complexity. Molecules, with their rich and highly structured spectra, offer a unique platform for both high-resolution control and for investigating how quantum coherence persists in complex systems. Here [1], we present a scheme to coherently couple two distinct nuclear-spin isomers of the same molecule, namely the I = 0 and I = 2 isomers of the nitrogen molecular ion. Our approach exploits a magnetic-field-tunable avoided crossing in the molecular spectrum, where an electric-quadrupole hyperfine interaction mixes the two otherwise uncoupled isomeric manifolds. By operating near this avoided c
R10/1	unrelated_excluded	读完摘要后未发现可归入 Rb87 Rydberg 光镊平台近期实验/工程问题的内容。	gate_QEC;quantum_sim;cavity	EDM and Beyond Standard Model Physics	Single-Electron Detection with a SQUID: Toward Quantum-Limited, Relativistic Detection	https://meetings-archive.aps.org/damop/2026/r10/1/		The most recent measurement of the electron magnetic moment in Bohr magnetons, μs/μB = g/2 = 1.001 159 180 59 (13) is the most precise determination of any fundamental particle. Its comparison with its theory prediction provides the most precise test of the Standard Model of Particle Physics. The current precision is limited by two effects– a lineshape broadening related to the trapped electron’s temperature and a cavity shift arising from coupling of the electron to the microwave modes of its confining trap-cavity. An extensive new apparatus, including a near-quantum limited SQUID amplifier and optimized Penning trap has been commissioned. A twenty-fold reduction in the electron's temperatu
R10/2	unrelated_excluded	平台是离子、固态或其他非中性原子光镊平台。	cryo;ion_or_solid	EDM and Beyond Standard Model Physics	Mass of helium-4 at 9 ppt from the cyclotron frequency ratio 4He+/12C3+	https://meetings-archive.aps.org/damop/2026/r10/2/		We report a precision measurement of the cyclotron frequency ratio 4He+/12C3+ using a cryogenic Penning ion trap, producing an atomic mass of 4He with fractional uncertainty of 9 x 10-12. This result enables future Penning trap measurements of the ratio of electron spin-flip frequency to cyclotron frequency in 4He+ to yield a value for the electron atomic mass with uncertainty below 1 x 10-11. Our measurement, which effectively references 4He directly to 12C, combined with our previous measurements of the 4He+/D2+ and 4He+/H2D+ ratios [1], adds extra validation to the recent generation of high-precision atomic mass measurements of stable and long-lived isotopes of hydrogen and helium.[1] M. 
R10/3	unrelated_excluded	主题不涉及 Rb/Rydberg/光镊/中性原子阵列或相关量子计算模拟工程。		EDM and Beyond Standard Model Physics	Advancing the 225Ra EDM Experiment at Argonne National Laboratory through High-Voltage Upgrades and Improved Systematic Control	https://meetings-archive.aps.org/damop/2026/r10/3/		Permanent non-zero Electric Dipole Moments (EDMs) are a clear signature of new sources of Time-Reversal and Charge-Parity symmetry violation (CPV), which could help explain the matter—antimatter asymmetry of the universe. The significant octupole deformation of the 225Ra nucleus leads to an enhanced nuclear Schiff moment, making it a sensitive candidate for CPV searches in the hadronic sector (i.e. complementary to electron EDM searches). Ongoing upgrades aim to improve the sensitivity of the atomic Ra EDM experiment at Argonne National Lab by three orders of magnitude relative to the 2016 result. A key component to one of these upgrades is the high-voltage system used to generate, control, 
R10/4	unrelated_excluded	主题不涉及 Rb/Rydberg/光镊/中性原子阵列或相关量子计算模拟工程。	molecule;vapor_or_MOT	EDM and Beyond Standard Model Physics	REDRUM: searching for new CP-violating physics with highly ionic ultracold 221FrAg molecules	https://meetings-archive.aps.org/damop/2026/r10/4/		We are developing an experiment (REDRUM) to measure the nuclear Schiff moment of francium-221 to search for CP-violating physics beyond the standard model. The nucleus of 221Fr (t1/2 = 4.9 min) has a static octupole deformation [1] that makes it very sensitive to CP-violating physics. The highly ionic bond of the francium-silver (FrAg) molecule provides near-maximal energy shifts due to the 221Fr Schiff moment when polarized in an electric field [2]. We will use standard bi-alkali molecule assembly techniques [3] to form FrAg molecules [4] trapped in their electronic and rovibrational ground state. A precision measurement with this system would offer unprecedented sensitivity to hadronic CP 
R10/5	related_excluded	涉及分子、分子显微镜、polar molecule 或 RbCs/KRb/NaCs 混合系统；不是 Rb87 Rydberg atom tweezer array。	quantum_sim;Yb;molecule	EDM and Beyond Standard Model Physics	Ultracold high-spin Σ-state polar molecules for new physics searches	https://meetings-archive.aps.org/damop/2026/r10/5/	A. Ciamei, A. Koza, M. Gronowski, and M. Tomza, Ultracold high-spin Σ-state polar molecules for new physics searches, arXiv:2507.16760 (2025)	The asymmetry between ordinary matter and antimatter represents one of the great mysteries in modern physics. One promising way to search for answers is to look for violations of fundamental symmetries (CP,T) beyond the Standard Model, such as a possible electric dipole moment of the electron. The current limit on the electron EDM is set by AMO experiments exploiting polar paramagnetic molecules. Remarkably, high-precision measurements in such low energy experiments, probe mass ranges of proposed CP-violating particles well beyond the direct reach of particle colliders. Molecules at ultracold temperatures are expected to provide several orders of magnitude gain in sensitivity, but the strate
R10/6	related_excluded	涉及分子、分子显微镜、polar molecule 或 RbCs/KRb/NaCs 混合系统；不是 Rb87 Rydberg atom tweezer array。	cryo;molecule	EDM and Beyond Standard Model Physics	ACME III: Progress Towards an Improved Electron EDM Measurement	https://meetings-archive.aps.org/damop/2026/r10/6/		The electron electric dipole moment is a sensitive probe of CP-violating physics beyond the Standard Model. Using a cryogenic beam of thorium monoxide molecules, the ACME collaboration seeks to measure the electron electric dipole moment (EDM) at the 10-31 e cm level, an order of magnitude improved sensitivity over the current best limit [1] and the previous limit set by ACME II [2]. We achieve this improved sensitivity via a new experimental apparatus that provides a 5x longer spin precession time [3], an electrostatic lens [4], photodetectors with higher quantum efficiency [5], improved fluorescence collection optics, and in-situ target changes [6]. We present on the progress towards ident
R10/7	related_excluded	涉及分子、分子显微镜、polar molecule 或 RbCs/KRb/NaCs 混合系统；不是 Rb87 Rydberg atom tweezer array。	gate_QEC;quantum_sim;molecule;vapor_or_MOT	EDM and Beyond Standard Model Physics	Optical Cycling of ThO for Improved Tests of Beyond Standard Model Physics	https://meetings-archive.aps.org/damop/2026/r10/7/		Optical cycling, or the repeated electronic excitation of an atom or molecule using only a few lasers, is necessary for most modern techniques of quantum readout and control in neutral species. Despite its ubiquity and importance, optical cycling in molecules has hitherto been mainly limited to species composed of an alkaline- or alkaline-earth metal and a halogenic or hydridic ligand. ThO, a molecule of interest to both electronic and nuclear symmetry violation experiments[1,2], does not fall into this category. However, existing spectroscopy[3] suggests that there may be a transition in ThO that allows a degree of cycling sufficient to enable improved readout, and perhaps even laser coolin
R10/8	unrelated_excluded	主题不涉及 Rb/Rydberg/光镊/中性原子阵列或相关量子计算模拟工程。	vapor_or_MOT	EDM and Beyond Standard Model Physics	Calibration of SQUID Magnetometers with Metastability-Exchange Optically Pumped 3He Precession for the 129Xe EDM Experiment	https://meetings-archive.aps.org/damop/2026/r10/8/		"A new measurement of the 129Xe electric dipole moment (EDM) using 3He comagnetometry is under development at Los Alamos National Lab. Spin precession of the noble gases in combined electric and magnetic fields will be detected with a novel SQUID magnetometer system. For development, calibration, and testing of the magnetic field and SQUID systems, we have developed a compact metastability-exchange optimally pumped device to generate a 3He precession signal. A 1083 nm fiber-coupled diode laser polarizes metastable 3He in a discharge, and the nuclear spin is transferred to ground-state atoms through metastability exchange in a glass cell with 2-10 torr of 3He. The 3He spins are ""tipped"" with a"
R10/9	unrelated_excluded	主题不涉及 Rb/Rydberg/光镊/中性原子阵列或相关量子计算模拟工程。	vapor_or_MOT	EDM and Beyond Standard Model Physics	Advances in nuclear spin coherent control, and in SQUID design, for a new measurement of the xenon-129 EDM.	https://meetings-archive.aps.org/damop/2026/r10/9/	Simultaneous, error-correcting transition pulses without spatial or frequency selectivity by K. L. Wood and W. A. Terrano, under review at PRA Multi-planar SQUID gradiometer system, in prep	We present advances in coherent control and SQUID design, which will be used in a new measurement of the xenon-129 EDM targeting 10-100x improvement over the state of the art. We have developed a novel coherent control protocol, allowing for the first time the creation of robust pulses that can simultaneously control independent, colocated nuclear spin ensembles at the quantum speed limit, and which can be stacked to be insensitive to fluctuations in the background magnetic field at first order. We have used this protocol to demonstrate state-initialization precision at 99.9%, and suppression of sensitivity to the magnetic holding field. This is 10x more precise than the previous state of th
R10/10	related_excluded	涉及分子、分子显微镜、polar molecule 或 RbCs/KRb/NaCs 混合系统；不是 Rb87 Rydberg atom tweezer array。	gate_QEC;cryo;metrology;molecule;ion_or_solid	EDM and Beyond Standard Model Physics	Quantum logic spectroscopy of the hydrogen molecular ion	https://meetings-archive.aps.org/damop/2026/r10/10/	N. Schwegler et al., Phys. Rev. Lett. 131, 133003 (2023). D. Holzapfel et al., Phys. Rev. X 15, 031009 (2025). H. J. Kim et al., arXiv:2509.03625 (2025).	The hydrogen molecular ion H2+ is the simplest stable molecule, and its structure can be calculated ab initio with high precision using quantum electrodynamics. By comparing the calculations with experimental data, fundamental constants can be determined, and the validity of the theory itself can be tested. However, challenging properties such as high reactivity, low mass, and the absence of rovibrational dipole transitions have thus far limited spectroscopic studies of H2+.We trap a single H2+ molecule together with a single beryllium ion using a cryogenic Paul trap, achieving trapping lifetimes of 11 h and ground-state cooling of the shared axial motion. With this platform, we have impleme
R12/1	related_excluded	Rydberg/Rb 相关但平台是 vapor/MOT/molasses/EIT/cold ensemble，不是 optical tweezer array。	gate_QEC;vapor_or_MOT	Interacting Fermi Gases	Proximity effects in spatially quenched population-imbalanced Fermi gases with pairing interactions	https://meetings-archive.aps.org/damop/2026/r12/1/		By introducing spatially inhomogeneous profiles of the pairing interaction or spin polarization, separation of different phases of Fermi gases can form in real space. We implement the Bogoliubov-de Gennes (BdG) formalism to investigate the ground-state structures and properties induced by inhomogeneity. For a spatial quench between the Fulde-Ferrell-Larkin-Ovchinikov (FFLO) and polarized normal phases, the modulating FFLO pairing correlation penetrates the normal region, showing a peak at the FFLO momentum in the Fourier transform of the pair correlation function. When the BCS and FFLO superfluids are joined by inhomogeneity, the BCS region expels population imbalance to the FFLO side while 
R12/2	related_excluded	平台是 optical lattice、BEC、quantum gas 或 gas microscope，不是 Rb87 optical tweezer Rydberg array。	gate_QEC;optical_lattice_or_gas	Interacting Fermi Gases	Probing Spin-Imbalanced Fermi Gases in low dimensions with a Continuum Quantum Gas Microscope	https://meetings-archive.aps.org/damop/2026/r12/2/	Manuscript in preparation.	Interacting Fermi gases with spin-imbalance provide a platform for exploring exotic pairing mechanisms, including the elusive Fulde-Ferrell-Larkin-Ovchinnikov (FFLO) state. We present a study of spin-imbalanced ultracold Fermi gas of ^{6}Li in low dimensions using a continuum quantum gas microscope. This apparatus enables single-atom imaging of the quasi-1D and quasi-2D gas in continuum, providing direct access to local spin correlations and measurements. We prepare the system near a Feshbach resonance with controlled spin polarization to investigate the stability of superfluid phase against magnetization. We report on the current status of the experiment and our exploration of the interplay
R12/3	related_excluded	光镊/中性原子阵列相关，但摘要没有 Rb87 或 Rydberg 核心实验。	tweezer;quantum_sim;optical_lattice_or_gas	Interacting Fermi Gases	Programmable Assembly of Ground State Fermionic Tweezer Arrays	https://meetings-archive.aps.org/damop/2026/r12/3/	"""Programmable Assembly of Ground State Fermionic Tweezer Arrays"" by Naman Jain, Jin Zhang, Marcus Culemann, and Philipp M. Preiss is published on arXiv as preprint (arXiv:2512.09849)."	Quantum simulation with ultracold fermions provides unique insights into the microscopic details of strongly interacting many-body systems. While optical lattice platforms have enabled remarkable progress, the choice of initial atomic configurations is typically limited to a set of accessible states such as Mott-insulators or charge density waves. Arrays of optical tweezers offer a powerful extension to this paradigm by allowing parallelized preparation and assembly of quantum systems atom-by-atom. In this talk, I will present a new experimental approach for the deterministic preparation of arbitrary two-component product states of fermions in 2D optical tweezer arrays. By combining high-fid
R12/4	related_excluded	涉及分子、分子显微镜、polar molecule 或 RbCs/KRb/NaCs 混合系统；不是 Rb87 Rydberg atom tweezer array。	quantum_sim;molecule;optical_lattice_or_gas	Interacting Fermi Gases	Revealing the Microscopics of Strongly Interacting 2D Fermi Gases in the Continuum	https://meetings-archive.aps.org/damop/2026/r12/4/		In this work, we demonstrate spin- and charge-resolved quantum gas microscopy of a two-dimensional strongly interacting Fermi gas in the continuum. This technique enables direct, real-space observation of Cooper pairing and allows for a complete characterization of correlations throughout the Bose–Einstein condensate (BEC) to Bardeen–Cooper–Schrieffer (BCS) crossover. By measuring the onsite doublon fractions we can extract the contact with high precision, establishing a direct link between microscopic observables and macroscopic thermodynamics. Moreover, measurements of spin and charge distributions allow us to construct the magnetic and static structure factors, revealing the smooth evolut
R12/5	unrelated_excluded	主题不涉及 Rb/Rydberg/光镊/中性原子阵列或相关量子计算模拟工程。	molecule	Interacting Fermi Gases	Turning Off System-Continuum Coupling: Engineering a Bound State in the Continuum	https://meetings-archive.aps.org/damop/2026/r12/5/		Open quantum systems inevitably couple to their environment, leading to dissipation and loss that limit control and coherence. In this talk, I will show how destructive quantum interference can be used to suppress this coupling and realize a long-sought bound state in the continuum in an ultracold atomic gas. Using Floquet engineering, we coherently couple two tunable Feshbach resonances and tune them through an avoided crossing. At a critical parameter point, interference eliminates all coupling to the scattering continuum, yielding a molecular state above the dissociation threshold. We identify this state through atom-loss spectroscopy, quench-induced collective dynamics, and rf photoassoc
R12/6	related_excluded	平台是 optical lattice、BEC、quantum gas 或 gas microscope，不是 Rb87 optical tweezer Rydberg array。	quantum_sim;optical_lattice_or_gas	Interacting Fermi Gases	Characterizing a narrow rotational p-wave Feshbach resonance	https://meetings-archive.aps.org/damop/2026/r12/6/		Feshbach resonances provide tunable p-wave interactions in ultracold atom systems, opening up the possibility to study unconventional many body states, such as topological superfluids. The route to chiral many body states is so far unclear, due to enhanced recombination loss that prevents a robust symmetry-breaking state. Here we present calculations and measurements of a narrow rotational p-wave Feshbach resonance between fermionic potassium 40 atoms in the hyperfine ground state, which is electron- and nuclear-spin polarized. The resonance exhibits an unusual coupling mechanism that selectively tunes the scattering phase of atom pairs colliding with ML=+1 relative angular momentum, i.e. “r
R12/7	unrelated_excluded	读完摘要后未发现可归入 Rb87 Rydberg 光镊平台近期实验/工程问题的内容。	quantum_sim	Interacting Fermi Gases	Three-body contact of the unitary Fermi gas	https://meetings-archive.aps.org/damop/2026/r12/7/	[1]R. J. Fletcher, R. Lopes, J. Man, N. Navon, R. P. Smith, M. W. Zwierlein, and Z. Hadzibabic, Science 355, 377 (2017). [2]F. Werner and X. Leyronas, C. R. Phys. 25, 179 (2024).	The unitary Fermi gas is a notable example of strongly correlated system realized with cold atoms. Tan's contact is a universal physical quantity that characterizes two-body correlations, such as the number of pairs at short distance, the momentum distribution, and the variation of energy. While various experimental and theoretical works have successfully determined accurate values of the two-body contact, much less is known about the three-body contact which characterizes three-body correlations: the number of the triplets at short distance, and the three-body recombination rate [1,2].Here, we determine the three-body contact for the unitary Fermi gas and its temperature dependence. First, 
R12/8	unrelated_excluded	读完摘要后未发现可归入 Rb87 Rydberg 光镊平台近期实验/工程问题的内容。	quantum_sim	Interacting Fermi Gases	Riemann Rarefaction Waves in the Strongly-Interacting Fermi Gas	https://meetings-archive.aps.org/damop/2026/r12/8/	Wolf. E. A. and Zwierlein, M. W., in prep	The equations of hydrodynamics emerge from fundamental conservation laws. They are therefore ubiquitous in nature and applicable to a wide variety of many-body systems, both quantum and classical. Due to their nonlinearity, these equations exhibit highly nontrivial phenomena - for example turbulence - which are of both practical and fundamental interest. The equations are, likewise, challenging to solve analytically in their full generality, such that analog simulation can be valuable to build insight.Among analog hydrodynamic simulators, ultracold degenerate gases are an attractive platform: they combine well-understood, highly tunable microscopic interactions, pristine experimental conditi
R12/9	related_excluded	涉及分子、分子显微镜、polar molecule 或 RbCs/KRb/NaCs 混合系统；不是 Rb87 Rydberg atom tweezer array。	gate_QEC;molecule;optical_lattice_or_gas	Interacting Fermi Gases	Excitations of an interacting 1D Fermi gas	https://meetings-archive.aps.org/damop/2026/r12/9/	[1] R. Senaratne et al, Science \textbf{376}, 1305-1308 (2022) [2] A. Luther and V. Emery, Phys. Rev. Lett. \textbf{33}, 589 (1974) [3] A. Kafle et al, arXiv:2512.08866v1	We have investigated the excitations of a two-component ^6Li Fermi gas confined to one dimension. We measure the dynamic structure factor (DSF) for both repulsive and attractive interactions, using Bragg spectroscopy. The spin-density and charge-density waves may be excited selectively. For repulsive interactions, the charge density wave propagates faster than the spin-wave, consistent with spin-charge separation [1]. This separation is inverted for attractive interactions, where the spin-wave velocity exceeds the charge-density wave due to a spin gap [2,3]. While the charge mode remains universally gapless and insensitive to spin imbalance, the spin sector is highly sensitive to polarizatio
R12/10	unrelated_excluded	读完摘要后未发现可归入 Rb87 Rydberg 光镊平台近期实验/工程问题的内容。	quantum_sim	Interacting Fermi Gases	Semi-classical Boltzmann equation simulation for trapped Fermi gases	https://meetings-archive.aps.org/damop/2026/r12/10/	"O. Goulko, F. Chevy and C. Lobo, ""Boltzmann equation simulation for a trapped Fermi gas of atoms"", New J. Phys. 14, 073036 (2012)"	The long-time dynamics of an interacting Fermi gas in the semi-classical regime can be efficiently studied via a numerical simulation of the Boltzmann equation. The simulation can quantitatively model a variety of experimentally relevant setups, including different trapping potentials, driving forces and other perturbations, and a wide range of temperatures and interaction strengths. It is possible to follow the exact trajectories of all particles and hence to extract time-resolved density or momentum profiles, collision profiles, collective modes, etc. In this setup, particle propagation is treated classically, but collisions between pairs of particles are evaluated using the correct s-wave
W03/1	unrelated_excluded	平台是离子、固态或其他非中性原子光镊平台。	quantum_sim;vapor_or_MOT;optical_lattice_or_gas;ion_or_solid	Quantum Simulation with Atoms and Ions	Observing indistinguishability of mutually separated particles	https://meetings-archive.aps.org/damop/2026/w03/1/		The quantum statistics theorem states that the wavefunction of two indistinguishable particles must be symmetrized. As a result, the phase acquired upon exchanging the particles is restricted to either 0 or π. Although this theorem has profound implications for the structure of nature—most notably for the stability of atoms and nuclei—its consequences are typically observed only indirectly, for example through the Pauli exclusion principle. Moreover, the bosonic or fermionic character of indistinguishable particles usually becomes relevant only at atomic scales or when their wavefunctions significantly overlap.In contrast, ions confined in an ion trap are always separated by several micromet
W03/2	unrelated_excluded	平台是离子、固态或其他非中性原子光镊平台。	gate_QEC;quantum_sim;ion_or_solid	Quantum Simulation with Atoms and Ions	Observation of area laws in an interacting quantum field simulator	https://meetings-archive.aps.org/damop/2026/w03/2/	M.T. Jarema, et al. arXiv:2510.13783	Information shared between parties quantifies their correlation. A fundamental observation that emerges from studies of information is the area law, which states that information shared between spatial subregions typically scales with the area of their boundary rather than their volume. In non-interacting, quantum many-body systems, where Gaussian statistics apply, the scaling of information measures is well understood and experimentally verified even for continuous quantum field simulators [1]. Within interacting systems, the readout of information measures is impeded by the complexity of state reconstruction. As such, no measurements beyond small quantum systems (e.g., composed of few part
W03/3	related_excluded	相关但未写入：disordered dipolar Rydberg gas/time reversal；不是光镊阵列，且信息 scrambling 方向由 F06/3、F07/9 覆盖。	Rydberg;quantum_sim;ion_or_solid	Quantum Simulation with Atoms and Ions	Probing information scrambling in a disordered dipolar Rydberg gas	https://meetings-archive.aps.org/damop/2026/w03/3/	https://doi.org/10.1103/PhysRevResearch.6.033197	Disordered dipolar Rydberg gases exhibit spin-glass–like behavior due to strong long-range couplings and interaction disorder. A central question is how disorder affects information scrambling under many-body dynamics. Out-of-time-order correlators (OTOCs) are a probe to quantify how a local spin perturbation spreads by measuring the growth of operators under forward and backward time evolution, thus requiring controlled time reversal to compare the system’s final state with its initial configuration.Building on our demonstrated time-reversal protocol in a dipolar quantum many-body spin system, we implement a microwave-based scheme that reverses the sign of the dipolar interaction Hamiltonia
W03/4	included_in_topic_abstract	已写入 abstract.qmd。	Rydberg;neutral_atom_array;gate_QEC;quantum_sim;ion_or_solid	Quantum Simulation with Atoms and Ions	Efficient simulation of strongly correlated fermions with dual-species Rydberg atom arrays	https://meetings-archive.aps.org/damop/2026/w03/4/		The study of strongly correlated fermionic systems is at the heart of modern quantum research and quantum simulation. A prime example is the Fermi-Hubbard model, which offers microscopic insights into the interplay of collective symmetry breaking order and high-temperature superconductivity. Standard quantum computing approaches cause substantial overhead when simulating fermionic models, restricting state preparation and quench dynamics to short times and small system sizes. We introduce a hybrid digital-analog algorithm based on the concept of analog universality [1] that is tailored to dual-species reconfigurable atom arrays. Using optimal control, we realize high-fidelity fermionic hoppi
W07/1	unrelated_excluded	主题不涉及 Rb/Rydberg/光镊/中性原子阵列或相关量子计算模拟工程。	ion_or_solid	Nonlinear Optics	A Quantum Non-Gaussianity Criterion Based on Photon Correlations g(2) and g(3)	https://meetings-archive.aps.org/damop/2026/w07/1/	https://doi.org/10.48550/arXiv.2511.08488	Quantum non-Gaussian states, which cannot be written as mixtures of Gaussian states, are necessary to achieve a quantum advantage in continuous variable systems. They represent an important benchmark for the realization of an advanced quantum light source, as they cannot be made by simple means such as displacement and squeezing. We introduce an attenuation-resistant sufficient criterion for quantum non-Gaussian states based on the second- and third-order correlation functions, g(2) and g(3). The general non-linear bound for classical mixtures of Gaussian states is √g(3)+3 √g(2)≥2. Any mixture of Gaussian states must fulfill this inequality, thus, the violation of it represents a direct conf
W07/2	unrelated_excluded	读完摘要后未发现可归入 Rb87 Rydberg 光镊平台近期实验/工程问题的内容。	gate_QEC	Nonlinear Optics	Single-photon quantum optics with giant-atom waveguide quantum electrodynamics	https://meetings-archive.aps.org/damop/2026/w07/2/		Quantum optics has traditionally relied on the dipole approximation, which assumes that atoms are point-like relative to the wavelength of light involved [1]. In 2014, researchers demonstrated that this limit can be surpassed by employing superconducting qubits and surface acoustic waves [2]. This advancement has stimulated the development of new theories within the emerging field of giant-atom waveguide quantum electrodynamics. This study investigates quantum transport phenomena that occur when wave-guided single photons interact with periodic chains of giant atoms under various coupling schemes. Particular attention is given to scenarios where single-photon transport and band properties di
W07/3	unrelated_excluded	主题不涉及 Rb/Rydberg/光镊/中性原子阵列或相关量子计算模拟工程。		Nonlinear Optics	Observation and Manipulation of Optical Parametric Downconversion in the Langevin Regime	https://meetings-archive.aps.org/damop/2026/w07/3/	Phys. Rev. Lett. 135, 203601	Quantum fluctuation plays a key role in parametric down-conversion in the Langevin regime. In this Letter, we report the experimental realization of optical parametric down-conversion in the Langevin regime on a chip. By precisely controlling the loss inherently tied to fluctuation, we observe the asymmetric Hong-Ou-Mandel dip—a hallmark of quantum fluctuation in the fluctuation-driven parametric down-conversion (PDC)—and the fluctuation-induced compression of single photons by nearly one order of magnitude. These findings pave the way for the manipulation of quantum fluctuation, quantum states, and system-reservoir interaction.
W07/4	related_excluded	平台是 optical lattice、BEC、quantum gas 或 gas microscope，不是 Rb87 optical tweezer Rydberg array。	gate_QEC;quantum_sim;optical_lattice_or_gas	Nonlinear Optics	Geometric and Optical Parameter Scaling for Efficient Generation of Vacuum Ultraviolet Light	https://meetings-archive.aps.org/damop/2026/w07/4/	J. Thurston, I. Dickson, E. Burton, K. Finger, B. Shearer, D. Morrill, M. Lebrat, A. Becker, M. M. Murnane, H. C. Kapteyn, In preparation, 2026	Light in the vacuum ultraviolet (VUV) spectral region exhibits a strong light-matter interaction, making VUV light a powerful tool but difficult to generate efficiently. Couch et al. [1] demonstrated that the highly efficient guiding of photonic crystal fibers enabled generation of VUV light through a cascaded four-wave mixing (FWM) process. A recent improvement on this technique by Thurston et al. [2] demonstrated significantly enhanced generation of VUV light near the 229mTh resonance. Here, we present the roles various geometric and optical parameters play in the generation of VUV light via FWM in photonic crystal fibers. Making use of spatially-resolved dynamics enabled by numerical simu
W07/5	unrelated_excluded	主题不涉及 Rb/Rydberg/光镊/中性原子阵列或相关量子计算模拟工程。	ion_or_solid	Nonlinear Optics	Addressing the Experimental Challenges in the Four-Wave Coherent Raman Scattering	https://meetings-archive.aps.org/damop/2026/w07/5/		Four-wave mixing scattering is the basis of a variety of coherent Raman spectroscopies. The former micro-spectroscopy has developed into powerful nonlinear microscopy over the last decade. It is due to advances in laser and detection systems that utilize ultrafast solid-state technology. The myriad scientific publications demonstrate a deeper theoretical understanding of signal generation and data processing, which has also contributed to the trend toward novel applications. We present our recent progress on a special 3-color broadband method for low-frequency phonon measurements on crystal samples. Applying specific polarization conditions and a novel three-dimensional focusing geometry, we
W07/6	unrelated_excluded	读完摘要后未发现可归入 Rb87 Rydberg 光镊平台近期实验/工程问题的内容。	quantum_sim;metrology	Nonlinear Optics	Integrated Nonlinear Topological Photonics	https://meetings-archive.aps.org/damop/2026/w07/6/	1. Science 390 (6773), 612-616 (2025). Multi-timescale Frequency-Phase Matching for High-Yield Nonlinear Photonics. 2. Science Advances 11, eadw7696 (2025). On-chip multi-timescale spatiotemporal optical synchronization. 3. Science 384 (6702), 1356-1361 (2024). Observation of topological frequency combs. 4. (under review in Nature). Quantum metamorphosis: Emergence and the breakdown of bulk-edge dichotomy in multiscale systems. 5. (submitted to Science). Single-shot octave-spanning realization of 100 artificial gauge fields.	Microresonator frequency combs have revolutionized precision metrology, spectroscopy, and optical communication. Yet, nearly all existing platforms rely on single-ring resonators, where nonlinear dynamics are governed by a single timescale—set by one free spectral range determined by the geometry of the resonator. This inherently restricts control over optical synchronization, frequency-phase matching, and the existence of solitons. In contrast, topological photonic lattices provide a new synthetic dimension of control: multiple coupled resonators create multi-timescale interactions that reshape how nonlinear light evolves on a chip.We overcome these challenges by combining microresonator fr
W07/7	related_excluded	Rydberg/Rb 相关但平台是 vapor/MOT/molasses/EIT/cold ensemble，不是 optical tweezer array。	gate_QEC;vapor_or_MOT;optical_lattice_or_gas	Nonlinear Optics	New method for protecting heralded single photons in hot-atom biphoton generation	https://meetings-archive.aps.org/damop/2026/w07/7/	1. Optica Quantum 3, 408 (2025) 2. arXiv. 2510.24439	Biphotons are pairs of single photons. Through physical processes such as spontaneous parametric down-conversion (SPDC) and spontaneous four-wave mixing (SFWM) process, pairs of photons exhibiting entanglement and strong temporal correlations can be generated simultaneously. One photon can serve as a heralding photon, while the other, the heralded photon, can be utilized for quantum operations. An ideal biphoton source should exhibit a high generation rate, a high pairing probability, a narrow linewidth, flexible linewidth tunability, and especially low noise. In this work, we realized such a biphoton source using SFWM process in a hot atomic vapor. We are the first to propose and systematic
W06/1	unrelated_excluded	平台是离子、固态或其他非中性原子光镊平台。	gate_QEC;ion_or_solid	Quantum Control and Readout I	Robust Two-Qubit Geometric Phase Gates using Amplitude and Frequency Ramping	https://meetings-archive.aps.org/damop/2026/w06/1/	https://arxiv.org/pdf/2511.14364	Entangling operations that are robust to environmental noise or miscalibrations are fundamental to scalable quantum systems across experimental platforms. Geometric phase gates are a widely employed method to realize trapped ion entanglement by coupling the ions’ spin to their shared motion, displacing the motion in phase space such that the internal states acquire a state-dependent geometric phase. Historically, the fidelity of the operation is sensitive to the shared motional mode, requiring experimentally time-consuming ground-state cooling sequences and precise calibration of mode frequencies. We present a method for entangling trapped atomic ions whose fidelity is robust to both the mot
W06/2	unrelated_excluded	读完摘要后未发现可归入 Rb87 Rydberg 光镊平台近期实验/工程问题的内容。	gate_QEC	Quantum Control and Readout I	First-Order Magnetic Field Insensitive Qudits in Trapped 173Yb+	https://meetings-archive.aps.org/damop/2026/w06/2/		Qudit encoding could help alleviate the challenges of scaling and quantum error correction that remain at the forefront of quantum computing. A key challenge, however, is finding several long-lived magnetic-field-insensitive states to define a qudit with coherence times sufficient for computation. The large nuclear spin of 173Yb+ makes this isotope ideal for defining qudits, with six first-order magnetic-field-insensitive mF = 0 states in the long lived [O(days)] 2Fo7/2 manifold. We propose taking advantage of these states to define a long lived, first-order magnetic field insensitive qudit. We present progress towards state preparation and measurement (SPAM) of these qudit states, including
W06/3	unrelated_excluded	平台是离子、固态或其他非中性原子光镊平台。	gate_QEC;ion_or_solid	Quantum Control and Readout I	Laser-free Control and Entanglement of Trapped-Ion Qudits	https://meetings-archive.aps.org/damop/2026/w06/3/	https://arxiv.org/abs/2506.09371	"Gates implemented with rf/microwaves (rather than laser-based gates, hence ""laser-free"") on trapped-ion platforms currently achieve the highest fidelity operations. In spite of these demonstrations of below threshold-error single- and two-qubit gates, scaling to the size necessary for quantum advantage remains a significant challenge. Currently, all large-scale quantum computing efforts encode information in qubits (two-level systems). However, recent consideration has been given to qudit encodings, where information is stored in d-level systems, as a potential path forward. Qudits offer potential advantages in hardware efficiency and algorithmic performance compared to traditional qubit-bas"
W06/4	unrelated_excluded	平台是离子、固态或其他非中性原子光镊平台。	gate_QEC;ion_or_solid	Quantum Control and Readout I	Noninvasive mid-circuit measurement and reset on atomic qubits	https://meetings-archive.aps.org/damop/2026/w06/4/	Phys. Rev. A 113, 012606	Mid-circuit measurement and reset of subsets of qubits are crucial ingredients of quantum error correction and many quantum information applications. Measurement of atomic qubits is accomplished through resonant fluorescence, which typically disturbs neighboring atoms due to photon scattering. We propose and prototype a scheme for measurement and reset that provides both spatial and spectral isolation by using tightly focused laser beams and narrow atomic transitions. The unique advantage of this scheme is that all operations are applied exclusively to the read-out qubit, with little overhead and negligible disturbance to the other qubits of the same species. In this paper, we pave the way f
W06/5	unrelated_excluded	读完摘要后未发现可归入 Rb87 Rydberg 光镊平台近期实验/工程问题的内容。	gate_QEC	Quantum Control and Readout I	High-fidelity multi-photon transitions via strongly dressed intermediate states	https://meetings-archive.aps.org/damop/2026/w06/5/	planned paper (to appear on arXiv soon): Interference of decoherence channels and minimal scattering error during multi-photon transitions	Achieving high-fidelity transition between very weakly coupled atomic levels is important in a number of one-qubit and two-qubit gate schemes. Under practical constraints from thermal errors and limited laser power and coherence, multi-photon transitions can shorten gate times and mitigate several noise sources. In this talk, we present a strategy to simultaneously suppress scattering and polarization-impurity errors in multi-photon transitions by engineering the intermediate states using strong dressing lasers. By exploiting hyperfine interference between coherent and incoherent transition pathways, we investigate the optimal fidelity limits of these multi-photon transitions.
W06/6	unrelated_excluded	平台是离子、固态或其他非中性原子光镊平台。	gate_QEC;ion_or_solid	Quantum Control and Readout I	Trapped-ion two-qubit gates with 99.99% fidelity without ground-state cooling - Part 1: Theory	https://meetings-archive.aps.org/damop/2026/w06/6/	arXiv:2510.17286	"We introduce the ""smooth gate'': a novel entangling gate method for trapped-ion qubits where residual spin-motion entanglement errors are adiabatically eliminated by ramping the gate detuning. We demonstrate the power of this technique by performing electronically controlled two-qubit gates with an estimated error of 8.4(7)e-5 without the use of ground-state cooling. We further show that the error remains 5e-4 for ions with average phonon occupation numbers of up to nbar = 9.4(3) on the gate mode. These results show that trapped-ion quantum computation can be performed with high fidelity at temperatures above the Doppler limit, allowing for significantly faster and simpler device operation."
W06/7	unrelated_excluded	平台是离子、固态或其他非中性原子光镊平台。	gate_QEC;ion_or_solid	Quantum Control and Readout I	Trapped-ion two-qubit gates with 99.99% fidelity without ground-state cooling: experiment	https://meetings-archive.aps.org/damop/2026/w06/7/	arXiv:2510.17286v1 [quant-ph] arXiv:2510.09508v1 [quant-ph]	We introduce the *smooth gate* - a novel entangling gate method for trapped-ion qubits where residual motional errors are adiabatically eliminated by ramping the gate detuning. We combine the power of this technique with the robustness of electronic qubit control [1] to perform two-qubit gates with an estimated error of &lt; 1×10−4 without the use of ground-state cooling [2]. We characterise the gate error using a new protocol inspired by subspace randomised benchmarking [3] which does not require the use of any single-qubit rotations. We further show that the error remains &lt; 5 × 10−4 for Doppler-cooled ions with gate mode temperatures of up to nbar = 9.4(3). These results show that trapp
W06/8	unrelated_excluded	平台是离子、固态或其他非中性原子光镊平台。	gate_QEC;optical_lattice_or_gas;ion_or_solid	Quantum Control and Readout I	Fast design and scaling of multi-qubit gates in large-scale trapped-ion quantum computers	https://meetings-archive.aps.org/damop/2026/w06/8/	arXiv:2307.09566	Quantum computers based on trapped-ion crystals offer intrinsic all-to-all connectivity via long-range Coulomb interactions, enabling the efficient generation of large-scale entanglement. Designing fast, high-fidelity, and programmable entangling gates in long ion chains becomes increasingly challenging as the number of ions, and with it the density of the motional spectrum, grows. Moreover, finding power-optimal solutions to the multiqubit gate-design problem is NP-hard.We present a numerical framework, termed large-scale fast (LSF), that enables polynomial-time design of fully programmable multiqubit entangling gates in large ion crystals. LSF constructs exact gate solutions in a single st
W06/9	related_excluded	涉及分子、分子显微镜、polar molecule 或 RbCs/KRb/NaCs 混合系统；不是 Rb87 Rydberg atom tweezer array。	gate_QEC;molecule;ion_or_solid	Quantum Control and Readout I	Electric Field Gradient Gates for Quantum Logic with Molecular Ions	https://meetings-archive.aps.org/damop/2026/w06/9/		Molecular ions possess a rich internal structure which, while introducing technical challenges, can offer a fruitful environment as a quantum information platform. An intriguing feature of many molecular species is that they contain low-lying opposite-parity states, for example rotational or lambda-doublet states, with electric-dipole transitions in the radio frequency or microwave regime. Atomic ions do not have electric-dipole transitions between their long-lived ground states and transitions between these states must be performed via Raman lasers or magnetic field gradients. Application of radio frequency voltages to the electrodes of an ion trap containing a molecular ion possessing thes
W10/1	related_excluded	平台是 optical lattice、BEC、quantum gas 或 gas microscope，不是 Rb87 optical tweezer Rydberg array。	Rb87;metrology;optical_lattice_or_gas	Advances in Matterwave Interferometry II	Pathfinder Experiments with Quantum Gases and Atom Interferometry in NASA's Cold Atom Lab on the International Space Station	https://meetings-archive.aps.org/damop/2026/w10/1/	Pathfinder experiments with atom interferometry in the Cold Atom Lab onboard the International Space Station, J. R. Williams et al., Nature Communications, 15, 6414 (2024). https://doi.org/10.1038/s41467-024-50585-6 Quantum gas mixtures and dual-species atom interferometry in space, E. Elliott et al., Nature, 623, 502-508 (2023). https://doi.org/10.1038/s41586-023-06645-w Operating and Maintaining NASA's Cold Atom Lab in Space, K. Oudrhiri et al., SpaceOps-2025, ID # 599 (2025). https://star.spaceops.org/2025/user_manudownload.php?doc=599__jhrwrram.pdf	NASA’s Fundamental Physics Program seeks to explore the fundamental nature of the universe using space-based quantum technologies. On Earth, quantum sensors are evolving into ultra-precise instruments for both fundamental research and practical applications. Extending these technologies into space enables transformative science by accessing unique microgravity environments and eliminating gravitational limits on sensor precision and quantum-gas control. Space-based studies with quantum gases therefore offer unprecedented opportunities to deepen our understanding of the physical laws and organizing principles of nature, and to advance both space exploration and benefits to humanity.As a pathf
W10/2	unrelated_excluded	读完摘要后未发现可归入 Rb87 Rydberg 光镊平台近期实验/工程问题的内容。	quantum_sim	Advances in Matterwave Interferometry II	Contrast preservation in light-pulse atom interferometry	https://meetings-archive.aps.org/damop/2026/w10/2/		Atom-interferometer sensitivity is often limited by loss of interferometer contrast arising from inhomogeneous dephasing and detection noise. While sensitivity can be increased by enlarging the space–time area via large momentum transfer and longer interrogation times, these gains are frequently limited by reduced visibility. We present ongoing work on contrast preservation in a light-pulse atom interferometer, with emphasis on experimentally relevant limitations encountered when operating at larger momentum separation and longer times. We describe approaches including shaping the transverse spread of the atomic ensemble and adjustments to interferometer geometry.
W10/3	unrelated_excluded	主题不涉及 Rb/Rydberg/光镊/中性原子阵列或相关量子计算模拟工程。		Advances in Matterwave Interferometry II	Searching for Born Rule Violation via Triple Interference in a Free-Fall Matter-Wave Interferometer	https://meetings-archive.aps.org/damop/2026/w10/3/		The Born rule implies that interference fringes in a multi-path interferometer can be reconstructed from the two-path interference fringes of all pairwise path combinations, together with the classical probability associated with each path. New physics beyond the Standard Model could manifest as apparent violations of the Born rule and give rise to three-path interference fringes which cannot be expressed as a sum of pairwise contributions. Experimental searches for Born rule violation have already been performed in a triple-slit optical interferometer, where three-path interference fringes were compared with pairwise fringes obtained by blocking individual slits. Recent theoretical proposal
W10/4	related_excluded	Rydberg/Rb 相关但平台是 vapor/MOT/molasses/EIT/cold ensemble，不是 optical tweezer array。	cavity;metrology;Yb;vapor_or_MOT;optical_lattice_or_gas	Advances in Matterwave Interferometry II	Progress toward atomic force sensor to detect Bloch oscillations from surrounding forces	https://meetings-archive.aps.org/damop/2026/w10/4/		We present an atomic force sensor that will use non-destructive measurement techniques to probe interactions between Yb and external forces over second time scales. Yb atoms are loaded into a crossed optical dipole trap using a far detuned optical dipole trap and an optical cavity lattice to be evaporatively cooled. Once the atoms reach ground state degeneracy, we turn off the far-detuned trap so that the atoms remain in the shallow in-vacuum optical cavity. The atoms, remaining trapped in the optical cavity, experience coherent Bloch oscillations due to surrounding forces and will oscillate at frequencies proportional to those surrounding forces. Using a non-destructive measurement techniqu
W10/5	unrelated_excluded	读完摘要后未发现可归入 Rb87 Rydberg 光镊平台近期实验/工程问题的内容。	metrology	Advances in Matterwave Interferometry II	Dual-beam Atom Interferometer Characterization	https://meetings-archive.aps.org/damop/2026/w10/5/		We present new measurements of a continuous, dual-beam atom interferometer designed for inertial sensing. Each atom beam is derived from an atom source which emits a continuous beam of sub-Doppler cooled atoms while simultaneously mitigating near-resonant scattered light. We will discuss the process of design iteration of the atomic sources, laser system, and optics delivery aimed towards resilience of long-term drifts in the system. We will also describe an in-depth analysis of the error sources discovered and characterized to date, as well as unique noise characteristics of this system. We will tailor our discussions with an eye towards the future, ultimately informing and enabling designs
W10/6	related_excluded	Rydberg/Rb 相关但平台是 vapor/MOT/molasses/EIT/cold ensemble，不是 optical tweezer array。	metrology;vapor_or_MOT	Advances in Matterwave Interferometry II	Mapping Vertical Gravity and High-order Derivatives with a Compact Atom Interferometer	https://meetings-archive.aps.org/damop/2026/w10/6/	T. H. Nguyen, et al., Single-beam magneto-optical trap in back-to-back pyramidal and conical mirrors. Phys. Rev. Appl. 24(4), 044058 (2025).	Quantum inertial sensors based on atom interferometry are rapidly evolving towards compact, mobile designs for applications beyond the lab environment. This presentation will focus on our compact and scalable quantum gravimeter, capable of simultaneously mapping vertical gravity, gravity gradients, and curvature, enabling high sensitivity to changes in mass density. Our compact vacuum system and single diode-laser system create optimal conditions for preparing and controlling atomic clouds. We demonstrate a back-to-back pyramidal magneto-optical trap mirror that enables a single laser beam to trap three vertically separated cold atomic clouds. We apply a sequence of two-photon Raman laser pu
W10/7	unrelated_excluded	读完摘要后未发现可归入 Rb87 Rydberg 光镊平台近期实验/工程问题的内容。	Rb;gate_QEC;metrology	Advances in Matterwave Interferometry II	Measurements of Gravitational Acceleration Using Frequency Domain Echo Atom Interferometry	https://meetings-archive.aps.org/damop/2026/w10/7/	1. Gravitational sensing in the frequency-domain using an echo atom interferometer, G. Carlse, J. Randhawa, A. Pouliot, E. Ramos, T. Vacheresse, and A. Kumarakrishnan, Physical Review A 112, L061302 (2025) (Published)	We present measurements of gravitational acceleration using a single-state, frequency domain echo atom interferometer [Carlse et al. Phys. Rev. A 112, L061302 (2025)]. These experiments rely on the formation of an atomic matter wave lattice in the ground state of a sample of laser-cooled rubidium atoms at a temperature of ~10 µK. The lattice is formed immediately after illuminating the atomic sample with an optical running wave pulse composed of two counterpropagating travelling wave electric fields with a small relative detuning, δ. The contrast and phase of this lattice can be probed by coherently backscattering a travelling wave readout pulse. Due to the thermal energy of the atomic sampl
W10/8	unrelated_excluded	读完摘要后未发现可归入 Rb87 Rydberg 光镊平台近期实验/工程问题的内容。	quantum_sim	Advances in Matterwave Interferometry II	A Tale of Two Interferometers	https://meetings-archive.aps.org/damop/2026/w10/8/		We present progress toward the realization of a long-baseline light-pulse atom interferometer for precision measurements of time-varying gravitational potentials. This instrument is designed to operate in regimes where environmental dynamics play an increasingly important role, motivating the development of advanced modeling and analysis tools alongside the hardware.To support this effort, we are constructing a high-fidelity digital twin of the interferometer that integrates atomic trajectories, light–atom interactions, and control-system dynamics within a unified simulation framework. This model is used to reproduce experimental observables, guide system optimization, and assess performance
W10/9	unrelated_excluded	主题不涉及 Rb/Rydberg/光镊/中性原子阵列或相关量子计算模拟工程。		Advances in Matterwave Interferometry II	‌Deep Analysis of Matter Waves	https://meetings-archive.aps.org/damop/2026/w10/9/		The connection between Planck's constant and wavelength is the theoretical cornerstone of the wave-particle duality of matter. The essence of Planck's constant lies in the angular momentum of fundamental particles, and the conservation of angular momentum in fundamental particles is what gives rise to Planck's constant. Whether non-fundamental particles exhibit wave-like behavior depends on the ratio of their angular momentum to momentum. If this ratio exceeds the particle's radius, the non-fundamental particle can exhibit wave-like properties; otherwise, the wavelength is concealed by the radius. The de Broglie wavelength formula is: λ = h/p, where Planck's constant represents the angular m
W11/1	related_excluded	平台是 optical lattice、BEC、quantum gas 或 gas microscope，不是 Rb87 optical tweezer Rydberg array。	quantum_sim;optical_lattice_or_gas	Novel Interactions and New Quantum Phases	From flatband to Nagaoka physics: finite-temperature ferromagnetic correlations in the Kagome lattice Hubbard model	https://meetings-archive.aps.org/damop/2026/w11/1/		Despite being well known for its strong anti-ferromagnetic correlations, under the right conditions, the Fermi-Hubbard model can also exhibit ferromagnetism. Here, we explore the model on the Kagome lattice, which due to the presence of a flatband, is proven to host ferromagnetic long-range order at a certain density range in the ground state. At extreme repulsive interactions, Nagaoka ferromagnetism is also expected to set in close to half filling. Yet, the presence and scope of relevant correlations at finite temperatures has not been systematically explored. We study short-range spin correlations and other thermodynamic properties using quantum Monte Carlo simulations and the numerical li
W11/2	related_excluded	涉及分子、分子显微镜、polar molecule 或 RbCs/KRb/NaCs 混合系统；不是 Rb87 Rydberg atom tweezer array。	quantum_sim;molecule;optical_lattice_or_gas	Novel Interactions and New Quantum Phases	Spin-1 quantum magnetism in Floquet engineered dipolar MgF molecules	https://meetings-archive.aps.org/damop/2026/w11/2/		Ultracold dipolar molecules in optical traps are emerging as a powerful platform for quantum simulation of strongly correlated many-body physics. Here we discuss Floquet engineering of MgF molecules in an optical lattice under the influence of a dc magnetic field and driven by a circularly polarized microwave field near resonance. The microwave field causes electric dipole transitions between opposite parity rotational levels, specifically |N=0,F=1〉and |N=1,F=2〉, resulting in microwave dressed states that are coherent superpositions of the Zeeman shifted hyperfine energy levels. Since the dressed state quasienergies are of the order of the drive frequency (in GHz), they dominate over the dip
W11/3	included_in_topic_abstract	已写入 abstract.qmd。	Rydberg;tweezer;gate_QEC;quantum_sim	Novel Interactions and New Quantum Phases	Effects of spin-phonon coupling on coherent Rydberg facilitation in a lattice	https://meetings-archive.aps.org/damop/2026/w11/3/	D. Brady et al., arXiv:2504.19679	In recent years, Rydberg atoms have proven themselves as a powerful tool for quantum simulators, one of the reasons being their strong and long-ranged interactions .One interesting phenomenon resulting from these interactions is Rydberg facilitation, or anti-blockade, where an atom excited to the Rydberg state moves a neighboring atom into resonance with a laser field, thus facilitating a fast excitation cascade in a regular lattice of trapped atoms.However, along with strong dipolar interactions between Rydberg atoms (spins), come mechanical forces coupling Rydberg atoms to high motional states (phonons) in their respective tweezer traps. For a chain of atoms trapped in tweezer arrays under
W11/4	included_in_topic_abstract	已写入 abstract.qmd。	Rydberg;tweezer	Novel Interactions and New Quantum Phases	Quantum Contact Processes on a Topological Lattice, realized by coherent Rydberg facilitation	https://meetings-archive.aps.org/damop/2026/w11/4/	https://arxiv.org/abs/2604.03184	Contact processes play an important role in classical non-equilibrium dynamics, describing the spreading of diseases, the dynamics of earthquakes and forest fires and the distribution of information through the internet. Here, we show that their quantum counterpart, where the spreading occurs through coherent couplings, displays even richer dynamics and offers new means of control. A quantum contact process on a topologically non-trivial lattice can be confined to a protected subspace corresponding to edge modes. Furthermore, excitation spreading can be controlled to occur in quantized steps and on demand when employing topological pumps [1]. We here consider a specific type of contact proce
W11/5	included_in_topic_abstract	已写入 abstract.qmd。	Rydberg;tweezer;quantum_sim	Novel Interactions and New Quantum Phases	Infinite randomness criticality and localization of the floating phase in arrays of Rydberg atoms trapped with non-perfect tweezers	https://meetings-archive.aps.org/damop/2026/w11/5/	arXiv:2506.11985. This article has been approved for being published in PRL. It is in post production and will be available in a couple of days.	Chains of Rydberg atoms have emerged as a powerful platform for exploring low-dimensional quantum physics. This success originates from the precise control of lattice geometries provided by optical tweezers, which allows access to a wide range of synthetic quantum phases. Experiments on one-dimensional arrays have stimulated tremendous progress in understanding quantum phase transitions into crystalline phases. However, the finite width of tweezers introduces small variations in interatomic distances, leading to quenched disorder in the interactions. In this letter, we numerically study how such disorder alters the nature of two critical regimes observed in experiments. Firstly, following ex
W11/6	related_excluded	光镊/中性原子阵列相关，但摘要没有 Rb87 或 Rydberg 核心实验。	tweezer;quantum_sim;cavity	Novel Interactions and New Quantum Phases	Experimental dynamics of a quantum-optical spin glass	https://meetings-archive.aps.org/damop/2026/w11/6/		"We realize a driven-dissipative spin glass in the quantum-optical setting in a multimode degenerate cavity. Ultracold clouds of atoms trapped by optical tweezers serve as effective spins, and a novel ""4/7"" cavity geometry that we employ engineers a randomly signed, all-to-all, photon-mediated Ising interaction between spins. Microscopic access to the spin states is obtained via holographic imaging of the cavity light in networks of up to n = 25 spins, and the use of a high-speed camera allows for continuous monitoring of the spins evolving in time. We measure spin glass properties such as the overlap distribution between replicas as dynamical quantities, demonstrating how the system orders a"
W11/7	related_excluded	中性原子/Rydberg/tweezer 方向相近，但物种是 Yb/Sr/Cs 等，不是 Rb87。	gate_QEC;quantum_sim;Cs	Novel Interactions and New Quantum Phases	Fermion-mediated pairing and long range interactions in a Cs-Li Bose-Fermi mixture	https://meetings-archive.aps.org/damop/2026/w11/7/	"Cai, Geyue, Henry Ando, Sarah McCusker, and Cheng Chin. ""Fermion mediated pairing in the Ruderman-Kittel-Kasuya-Yosida to Efimov transition regime."" arXiv preprint arXiv:2502.06266 (2025)."	The Efimov effect, originally proposed in a nuclear physics context, predicts a universal series of three-body bound states near a two-body resonance. The RKKY interaction, originally proposed in a condensed matter context, describes a long-range interaction between impurities immersed in a degenerate Fermi gas. Recent experiments employing various techniques have established both of these effects in ultracold Bose-Fermi mixtures. In this work, we investigate these fermion-mediated interactions in a strongly interacting 133Cs-6Li mixture. We show that at sufficiently strong boson-fermion attraction, the fermion-mediated interaction can induce a binding resonance in the bosonic component. The
W11/8	unrelated_excluded	读完摘要后未发现可归入 Rb87 Rydberg 光镊平台近期实验/工程问题的内容。	quantum_sim	Novel Interactions and New Quantum Phases	Bethe ansatz for a model violating Yang-Baxter conditions	https://meetings-archive.aps.org/damop/2026/w11/8/		Exact Bethe-ansatz (BA) solutions of many-body problems take the form of a sum of products of single-particle orbitals from a finite set (see [1] and references therein). They are applicable to systems with non-diffractive scattering, where a many-body collision can be represented as a sequence of two-body ones. The scattering is non-diffractive whenever the Yang–Baxter consistency conditions (YBC) are satisfied. The Lieb-Liniger-McGuire (LLMG) model of one-dimensional bosons with zero-range δ interactions in a flat potential satisfies the YBC and has a BA solution. Zero-range interaction hyperplanes divide the coordinate space into sectors. The problem is then solved in the coordinate repre
W11/9	related_excluded	光镊/中性原子阵列相关，但摘要没有 Rb87 或 Rydberg 核心实验。	neutral_atom_array;gate_QEC	Novel Interactions and New Quantum Phases	Casimir-Polder potential on an excited atom near an atomic array	https://meetings-archive.aps.org/damop/2026/w11/9/		Two-dimensional (2D) arrays of atoms arranged with subwavelength periodicity can behave as mirrors due to emergent cooperative resonances from collective interactions, manifesting novel boundaries at the limits of miniaturization. Given that the modification of the electromagnetic (EM) field mode structure by boundaries lies at the heart of various quantum electrodynamics (QED) phenomena, such atomically thin mirrors open a new avenue for QED. In this work, we analyze two paradigmatic QED effects - atomic spontaneous emission and Casimir-Polder shifts - on an excited two-level test atom ‘emitter’ near a 2D atomic mirror. While such atomic QED phenomena have been extensively studied with atom
W04/1	unrelated_excluded	读完摘要后未发现可归入 Rb87 Rydberg 光镊平台近期实验/工程问题的内容。	gate_QEC;quantum_sim	Quantum Algorithms	Investigating Quantum Annealing on large arbitrary graphs using Truncated Wigner Approximation	https://meetings-archive.aps.org/damop/2026/w04/1/		Quantum annealing (QA) is a heuristic optimization method that can be used to approximate solutions for NP-hard problems like the traveling salesman problem, Max-Cut, etc., which are of great importance to industry. QA is a strong contender for achieving quantum supremacy for these kinds of problems on near term quantum computers. However, there is no mathematical proof for the quantum advantage and current experimental scales are too small to draw objective conclusions. We use truncated Wigner approximation (TWA) a semiclassical approximation which, through Monte-Carlo sampling, takes lowest order quantum-fluctuations into account, to numerically simulate QA on classical hardware. Through T
W04/2	included_in_topic_abstract	已写入 abstract.qmd。	neutral_atom_array;gate_QEC;quantum_sim;vapor_or_MOT	Quantum Algorithms	Experimental quantum optimization on globally driven neutral atom arrays	https://meetings-archive.aps.org/damop/2026/w04/2/		Neutral atom quantum annealers (QAs) are promising platforms for solving combinatorial optimization problems [1]. In particular, NP-hard unit disk maximum weight independent set (UD-MWIS) problems can be natively mapped to the QA. To solve more generic combinatorial optimization problems, one should first encode them as UD-MWIS and then run the optimization on the QA. One of the existing encodings is based on the Parity architecture [2-3], which allows optimization for a wide range of problems. This approach involves two compilation steps: first, compiling a given problem into one with local fields and local constraints using the Parity mapping; then, compiling the constraints into atomic ga
W04/3	related_excluded	平台是 optical lattice、BEC、quantum gas 或 gas microscope，不是 Rb87 optical tweezer Rydberg array。	quantum_sim;optical_lattice_or_gas	Quantum Algorithms	Qudit-based scalable quantum algorithm for solving the integer programming problem	https://meetings-archive.aps.org/damop/2026/w04/3/		Integer programming is a computationally hard combinatorial optimization problem widely used to model real-world challenges in areas such as finance, engineering, logistics, and operations research. Its classical solution complexity grows exponentially with problem size, making large instances intractable. Many existing quantum approaches suffer from poor resource efficiency because they encode integer variables using qubits. While prior work proposed using higher-dimensional quantum systems to improve encoding efficiency, those approaches lacked scalability for larger problems. In this work, we present a scalable, circuit-based quantum algorithm that uses multiple interacting qudits to effi
W04/4	unrelated_excluded	平台是离子、固态或其他非中性原子光镊平台。	gate_QEC;quantum_sim;cavity;ion_or_solid	Quantum Algorithms	Bidirectional teleportation using scrambling dynamics: a practical protocol	https://meetings-archive.aps.org/damop/2026/w04/4/	https://arxiv.org/pdf/2601.15536	We show that quantum information scrambling can enable a generic SWAP gate between collective degrees of freedom in systems without universal local control. Our protocol combines the Hayden–Preskill recovery scheme, associated with the black hole information paradox, with quantum teleportation and runs them in parallel and in opposite directions, enabling bidirectional exchange of quantum states through global interactions alone. This approach cleanly distinguishes the roles of information spreading, entanglement, and chaos for enabling both coherent state transfer and recovery. We propose an experimental realization using the Dicke model, which can be realized in cavity-QED and trapped-ion 
W04/5	related_excluded	相关但未写入：Rydberg QUBO/QCED 理论，摘要缺少具体 Rb87 光镊实验动作；优化方向已由 W04/2、W04/6、W04/8 覆盖。	Rydberg;quantum_sim	Quantum Algorithms	Solving QUBO Problems Using Hybrid Quantum-Classsical Neural Networks	https://meetings-archive.aps.org/damop/2026/w04/5/		Hybrid quantum–classical architectures such as the Quantum-Classical Encoder–Decoder (QCED) aim to use analog quantum simulators as differentiable activation functions for QUBO optimization. However, Rydberg-based implementations often exhibit parameter saturation, rendering the quantum layer effectively inactive. We identify restricted control parameter ranges as the primary bottleneck and show that relaxing constraints on the global Rabi frequency and local detunings induces a transition to active training dynamics with nonzero gradients. Benchmarks on MaxCut and MWIS demonstrate that the relaxed QCED model learns nontrivial quantum mappings and achieves improved solution quality over clas
W04/6	included_in_topic_abstract	已写入 abstract.qmd。	Rydberg;quantum_sim	Quantum Algorithms	Adjusted Detuning for Ground-Energy Leakage Blockade in Maximum Independent Sets with Rydberg atoms	https://meetings-archive.aps.org/damop/2026/w04/6/		Quantum computing using Rydberg neutral atoms has seen remarkable experimental progress in recent years. Rydberg adiabatic quantum computation (AQC) provides an efficient and practical solution that directly maps many combinatorial optimization problems into the Maximum Independent Set (MIS) problem [1]. A major bottleneck in solving hard MIS instances, particularly those with a large degeneracy ratio between the ground- and first-excited states, is that the minimum spectral energy gap (gmin) decreases super-exponentially with system size N. In these cases, the scaling of the required adiabatic evolution time is given by 1/(gmin)3 [2], making it difficult to reach the optimal MIS solutions w
W04/7	unrelated_excluded	读完摘要后未发现可归入 Rb87 Rydberg 光镊平台近期实验/工程问题的内容。	quantum_sim	Quantum Algorithms	Noise-Assisted Feedback Control of Open Quantum Systems for Ground State Properties	https://meetings-archive.aps.org/damop/2026/w04/7/	https://arxiv.org/pdf/2510.18984	Intrinsic noise in pre-fault-tolerant quantum devices poses a major challenge to the reliable realization of unitary dynamics in quantum algorithms and simulations. To address this, we present a method for simulating open quantum system dynamics on a quantum computer, including negative dissipation rates in the Gorini-Kossakowski-Sudarshan-Lindblad (GKSL) master equation. Our approach lies beyond the standard Markovian approximation, enabling the controlled study of non-Markovian processes within a quantum simulation framework. Using this method, we develop a quantum algorithm for calculating ground-state properties that exploits feedback-controlled, noise-assisted dynamics. In this scheme, 
W04/8	included_in_topic_abstract	已写入 abstract.qmd。	Rydberg;neutral_atom_array;quantum_sim	Quantum Algorithms	A quantum wire approach to weighted combinatorial graph optimisation problems	https://meetings-archive.aps.org/damop/2026/w04/8/	A.G. de Oliveira et al., PRX Quantum 6, 010301 (2025).	Neutral atom arrays provide a versatile platform to implement coherent quantum annealing as an approach to solving hard combinatorial optimization problems [1]. Here we present, and experimentally demonstrate, an efficient encoding scheme based on chains of Rydberg-blockaded atoms, which we call quantum wires, to natively embed maximum weighted independent set (MWIS) and quadratic unconstrained binary optimization (QUBO) problems on a neutral atom architecture [2]. For graphs with quasi-unit-disk connectivity, in which only a few long-range edges are required, our approach requires a significantly lower overhead in the number of ancilla qubits than previous proposals, facilitating the implem
W04/9	unrelated_excluded	主题不涉及 Rb/Rydberg/光镊/中性原子阵列或相关量子计算模拟工程。	ion_or_solid	Quantum Algorithms	Self-Supervised Quantum Representation Learning on a Trapped-Ion Quantum Computer	https://meetings-archive.aps.org/damop/2026/w04/9/	https://arxiv.org/abs/2511.13497	Access to labeled datasets remains a key bottleneck for training and scaling machine-learning models. In this work, we demonstrate contrastive self-supervised pretraining of quantum representations executed \textit{in situ} on a programmable trapped-ion quantum computer. Classical images are encoded as quantum states using a trainable data encoder and variational circuits. During pretraining, the model learns invariances from unlabeled examples by comparing image pairs directly on hardware; similarity for the contrastive objective is obtained from measured quantum state overlaps, rather than from a classically projected feature space. Next, we fine-tune the pretrained representation for supe
W04/10	unrelated_excluded	读完摘要后未发现可归入 Rb87 Rydberg 光镊平台近期实验/工程问题的内容。	quantum_sim	Quantum Algorithms	Time complexity of a spatial search with resetting	https://meetings-archive.aps.org/damop/2026/w04/10/		Searching a database is a central task in computer science and is paradigmatic of transport and optimization problems in physics. For an unstructured search, Grover’s algorithm predicts a quadratic scaling of the search time with the database size Ν, ts∼ √Ν. We determine the time complexity of the quantum analog of a randomized algorithm, which implements feedback in its simplest form. The search is a continuous-time quantum walk on a complete graph, where the target is continuously monitored by a detector. Additionally, the quantum state is reset to the initial state if the detector does not click within a specified time interval. This yields a non-unitary, non-Markovian dynamics. We optimi
W09/1	related_excluded	涉及分子、分子显微镜、polar molecule 或 RbCs/KRb/NaCs 混合系统；不是 Rb87 Rydberg atom tweezer array。	Rb;gate_QEC;metrology;Sr;molecule	Ultracold Collisions and Photoassociation Processes	Characterization, quantification and control of entanglement generated by bimolecular collisions	https://meetings-archive.aps.org/damop/2026/w09/1/	"Adrien Devolder, Paul Brumer, Timur Tscherbul ""General framework for quantifying entanglement production in ultracold molecular collisions and chemical reactions"", Physical Review X Quantum (submitted)"	Interactions between molecules naturally give rise to entanglement, a key resource for quantum computation, sensing, and communication. Among these interactions, bimolecular inelastic scattering and chemical reactions stands out as a fundamental mechanism for creating entangled states. This talk introduces a theoretical framework designed to quantitatively explore the types and amounts of entanglement produced during molecular collisions and chemical reactions.Coupling between the external (motional) and internal degrees of freedom of colliding molecules leads inelastic scattering to generate a rich variety of classes of entanglement, including discrete-variable–discrete-variable (DV–DV), co
W09/2	unrelated_excluded	主题不涉及 Rb/Rydberg/光镊/中性原子阵列或相关量子计算模拟工程。	ion_or_solid	Ultracold Collisions and Photoassociation Processes	Quantum correction to the Langevin cross section in resonant-exchange processes	https://meetings-archive.aps.org/damop/2026/w09/2/	I. Simbotin and R. Côté, Quantum correction to the Langevin cross section in resonant-exchange processes, Phys. Rev. A 112, 062218 (2025), DOI: https://doi.org/10.1103/168s-vjt7 .	Resonant-exchange scattering plays a key role in many-body dynamics and transport phenomena (such as spin, charge, or excitation diffusion) at low and moderate temperatures. Recent investigations have shown that the locking of phase shifts is central to resonant-exchange scattering at low energies. Moreover, phase-shift locking causes an unexpected behavior, namely the resonant-exchange cross section over a broad range of energies is largely dictated by s-wave scattering, whose influence extends high above the s-wave Wigner regime. Here, we generalize our previous treatment to higher energies and derive an analytical expression for the resonant-exchange cross section which depends on a few p
W09/3	related_excluded	涉及分子、分子显微镜、polar molecule 或 RbCs/KRb/NaCs 混合系统；不是 Rb87 Rydberg atom tweezer array。	quantum_sim;cryo;molecule	Ultracold Collisions and Photoassociation Processes	Rovibrational quenching of Caf and BaF in a cryogenic helium bath	https://meetings-archive.aps.org/damop/2026/w09/3/		Polar molecules at ultralow temperatures provide powerful opportunities for quantum science and emerging quantum technologies [1]. Among direct molecular cooling approaches, buffer-gas cooling is a crucial step toward enabling efficient laser cooling of dipolar species into the sub-microkelvin regime [2]. The performance of this technique is governed by the microscopic dynamics of atom–molecule collisions, which determine thermalization and energy transfer processes [3].Of particular interest is the cooling of alkaline-earth monofluorides, such as CaF and BaF. Recent experiments have revealed a significant difference in the rovibrational relaxation rates of these two molecules when immersed 
W09/4	unrelated_excluded	平台是离子、固态或其他非中性原子光镊平台。	gate_QEC;quantum_sim;ion_or_solid	Ultracold Collisions and Photoassociation Processes	Trap-induced atom-ion complexes: A time-independent approach	https://meetings-archive.aps.org/damop/2026/w09/4/	Phys. Rev. A 112, 042815, DOI: https://doi.org/10.1103/mbzh-s8jm	A trapped ion immersed in a neutral bath shows long-lived atom-ion complexes that significantly alter its chemical properties and thus the ion stability. In this work, we present a general study of trapped-ion-atom scattering with the ion modeled as a charge distribution defined by the spatial extent of its ground-state wave function. After mapping the time-dependent problem onto a time-independent framework, we investigate the conditions under which chaotic scattering arises and develops using classical trajectory simulations. In particular, we characterize the role of the trap, the atomic species, the atom-ion interaction, and the collision energy in shaping the chaotic dynamics of the sys
W09/5	related_excluded	涉及分子、分子显微镜、polar molecule 或 RbCs/KRb/NaCs 混合系统；不是 Rb87 Rydberg atom tweezer array。	quantum_sim;molecule	Ultracold Collisions and Photoassociation Processes	Ultracold silver atom collisions and the formation of silver dimers by photo- and magneto-association	https://meetings-archive.aps.org/damop/2026/w09/5/	Physical Review A 111, 062814 (2025)	We will describe theoretical simulations relevant for collisions among laser-cooled silver atoms and for the formation of Ag2 molecules from these colliding atoms. Firstly, we determined the relativistic electronic structure of Ag2 molecules in ground and low-lying excited states. Secondly, we computed rotational and vibrational levels of the ground and excited electronic states as well as rovibrationally averaged electric transition dipole moments. Using this knowledge, we analyzed a simplified quantum-mechanical model of the one-photon photoassociation process to form electronically excited Ag2 from microkelvin Ag atoms and make predictions for lineshapes and saturation effects as function
W09/6	related_excluded	涉及分子、分子显微镜、polar molecule 或 RbCs/KRb/NaCs 混合系统；不是 Rb87 Rydberg atom tweezer array。	quantum_sim;molecule;vapor_or_MOT;optical_lattice_or_gas	Ultracold Collisions and Photoassociation Processes	Observation of Feshbach resonances in ultracold 107Ag collisions	https://meetings-archive.aps.org/damop/2026/w09/6/	Vayninger, M., Xiang, A., Bhanushali, N.D., Chen, X., Verma, M., Yang, S., Kapur, R.T., DeMille, D. and Yan, Z.Z. (2025). Magneto-optical trap of silver and potassium atoms. PRA, 112, 063306	The alkali-like electronic structure of silver (Ag), combined with its large electron affinity, makes it well suited for forming highly polar molecules with alkali atoms using well-established ultracold bi-alkali assembly techniques [1]. Such molecules are predicted to have electric dipole moments of up to ~10 Debye and beyond, rendering them exceptionally attractive for applications in quantum simulation and precision measurement [1,2]. For example, FrAg is extremely sensitive to new physics beyond the Standard Model [3, 4]. Creating such “ultrapolar” molecules requires full quantum control over collisional properties of Ag atoms. Towards achieving this control, we have implemented a dark S
W09/7	unrelated_excluded	主题不涉及 Rb/Rydberg/光镊/中性原子阵列或相关量子计算模拟工程。	molecule	Ultracold Collisions and Photoassociation Processes	Bound-state-free AC/DC shielding of strongly dipolar ultracold molecules	https://meetings-archive.aps.org/damop/2026/w09/7/		We propose a method to suppress collisional loss in strongly dipolar, rotationally excited ultracold molecules using a combination of static (dc) and microwave (ac) electric fields. By using a dc field to tune two excited pair molecular rotational states into a Förster resonance, an ac field can simultaneous be used to drive excited rotational transitions, removing all long-range bound states and allowing near complete suppression of all two- and three-body collisional loss channels. This bound-state-free ac/dc scheme is not subject to photon-changing collisions that are the primary source of two-body loss in shielding with two microwave fields, while permitting tunable dipolar and anti-dipo
W09/8	related_excluded	涉及分子、分子显微镜、polar molecule 或 RbCs/KRb/NaCs 混合系统；不是 Rb87 Rydberg atom tweezer array。	gate_QEC;molecule;vapor_or_MOT	Ultracold Collisions and Photoassociation Processes	Dipolar Molecules in Static Electric Fields	https://meetings-archive.aps.org/damop/2026/w09/8/		The recent progress in stablishing shielding of collisions between dipolar molecules has triggered several experimental and theoretical advances due the increased stability of the system against chemical reactions. In our present theoretical studies we investigate bound and scattering properties of dipolar few-body systems in a static electric field. We include the molecular rotational structure and their corresponding long-range dipole-dipole interaction. Our main goal is to better understand the molecular mixing due to the external field and its impact in molecule-molecule collisions and the formation of long-range dipolar dimer states, i.e., bound states of two- or more dipolar molecules.
W09/9	related_excluded	涉及分子、分子显微镜、polar molecule 或 RbCs/KRb/NaCs 混合系统；不是 Rb87 Rydberg atom tweezer array。	quantum_sim;molecule	Ultracold Collisions and Photoassociation Processes	Observation of Modulation-Induced Feshbach Resonance	https://meetings-archive.aps.org/damop/2026/w09/9/	Phys. Rev. Lett. 135, 203201 (2025)	In this presentation, I will report our experimental observation of a novel resonant mechanism: the modulation-induced Feshbach resonance. By applying a far-detuned laser with intensity modulation, we periodically modulate the energy levels of atomic collisional states. This periodic modulation connects the free scattering states to shallow molecular states. At specific frequencies, significant atom loss is observed, which corresponds to the resonant coupling between these two types of states. This precisely corresponds to a form of Feshbach resonance, yet in the frequency domain rather than the magnetic-field domain. Using this method, we can directly scan the energy spectrum of molecular b
W09/10	unrelated_excluded	读完摘要后未发现可归入 Rb87 Rydberg 光镊平台近期实验/工程问题的内容。	quantum_sim	Ultracold Collisions and Photoassociation Processes	Observation of Fano-suppression in scattering resonances of dipolar spin mixtures	https://meetings-archive.aps.org/damop/2026/w09/10/	Observation of Fano-suppression in scattering resonances of bosonic erbium atoms, L. Lafforgue, N. P. Mehta, J. J. A. Houwman, F. Claude, S. T. Rittenhouse, F. Ferlaino, M. J. Mark, 2025, https://arxiv.org/abs/2512.17556	Lanthanide atoms, such as erbium and dysprosium, feature unique properties compared to alkali atoms, including strong dipole-dipole interactions, a large spin manifold in their absolute ground state, and complex collisional behavior in the ultracold regime. Using a sequence of Rabi pulses of a clock-like transition at 1299nm, we gain full control over the initial spin composition of the system. This allows us to study dipolar scattering involving different spin channels.In particular, we observe multiple inter- and intra-spin Fano-Feshbach scattering resonances. Most notably, some resonances feature a distinct asymmetric Fano shape with a pronounced loss minimum. This shape indicates quantum
W12/1	related_excluded	涉及分子、分子显微镜、polar molecule 或 RbCs/KRb/NaCs 混合系统；不是 Rb87 Rydberg atom tweezer array。	metrology;molecule	Precision Measurements with Molecules	Laser Cooling Radium Containing Molecules for Fundamental Physics	https://meetings-archive.aps.org/damop/2026/w12/1/		Foundational cosmological mysteries, such as the matter-antimatter asymmetry and the microscopic nature of dark matter, motivate searches for new particles and forces that violate fundamental symmetries of parity (P) and time-reversal (T) In the RaX collaboration, we harness radioactive molecules, RaF and RaOH, as quantum sensors with long coherence times and enhanced sensitivities to P and T violation (PTV). This sensitivity is arises from the octupole deformation of the heavy radium nucleus in a polar molecule with large internal fields, amplifying the signatures of nuclear PTV by &gt;106 compared to measurements in atoms containing spherical nuclei (e.g. 199Hg). Using laser cooling and tr
W12/2	related_excluded	涉及分子、分子显微镜、polar molecule 或 RbCs/KRb/NaCs 混合系统；不是 Rb87 Rydberg atom tweezer array。	tweezer;gate_QEC;Yb;molecule	Precision Measurements with Molecules	Towards assembly of YbcaF	https://meetings-archive.aps.org/damop/2026/w12/2/		We investigate the use of YbCaF molecules for measuring the magnetic quadrupole moment (MQM) of the Yb-173 nucleus, a CP-violating electromagnetic moment of the nucleus relevant to understanding the matter-antimatter asymmetry. The YbCaF molecule is ideal for this: the quadrupole-deformed Yb-173 nucleus enhances the MQM sensitivity to new physics, and the bent structure of the molecule facilitates parity doublets, a powerful tool for uncovering and rejecting systematic errors. Our approach is to laser cool both Yb and CaF, trap them in optical tweezers, and combine them into triatomic molecules for our MQM experiments. Current efforts focus mainly on preparation of ultracold Yb, with the app
W12/3	related_excluded	涉及分子、分子显微镜、polar molecule 或 RbCs/KRb/NaCs 混合系统；不是 Rb87 Rydberg atom tweezer array。	tweezer;quantum_sim;molecule	Precision Measurements with Molecules	Parity-Doublet Coherence Times in Optically Trapped Polyatomic Molecules	https://meetings-archive.aps.org/damop/2026/w12/3/	"P. Robichaud, C. Hallas, J. Tao, G. Lee, N. B. Vilas, J. M. Doyle, ""Parity-Doublet Coherence Times in Optically Trapped Polyatomic Molecules"" submitted manuscript (2025)."	Polyatomic molecules provide complex internal structures that are powerful tools for applications in quantum information science, quantum simulation, and precision searches for physics beyond the Standard Model. One key feature of polyatomic molecules is the presence of parity-doublet states. These structures generically arise from the rotational and vibrational degrees of freedom afforded by polyatomic molecules. Linear triatomic molecules contain ℓ-type parity-doublet states in the vibrational bending mode, and are predicted to exhibit robust coherence properties. Here we report optically trapped CaOH molecules prepared in ℓ-type parity-doublet states in the (010) bending mode and realize 
W12/4	related_excluded	涉及分子、分子显微镜、polar molecule 或 RbCs/KRb/NaCs 混合系统；不是 Rb87 Rydberg atom tweezer array。	quantum_sim;Sr;molecule;vapor_or_MOT	Precision Measurements with Molecules	Optically Trapped SrOH for Dark Matter Searches	https://meetings-archive.aps.org/damop/2026/w12/4/	1: Precision Measurement of Time-Reversal Symmetry Violation with Laser-Cooled Polyatomic Molecules, Kozyryev et al., PRL, 2017 2: Vibrational branching fractions for laser cooling of nonlinear strontium-containing molecules, Lasner et al., PRA, 2022 3: Optical Trapping of SrOH Molecules for Dark Matter and T-violation Searches, Sawaoka et al., PRR, 2026 4: High-sensitivity molecular spectroscopy of SrOH using magneto-optical trapping, Lunstad et al., ArXiv, 2025	Laser-coolable polyatomic molecules containing heavy nuclei are a promising platform for probes of fundamental physics, e.g. searches for temporal variation of fundamental constants. Their advantages over simpler systems stem from structural complexity. However, these structures also make laser cooling and trapping the molecules difficult. To date, only one other polyatomic molecule, CaOH, has been laser-cooled and trapped in a magneto-optical trap (MOT). SrOH, which has many of the same characteristics that made it possible to laser-cool CaOH (1, 2) has much greater sensitivity to physics beyond the Standard Model. We report sub-doppler cooling, a conveyor-belt MOT, and optical-dipole trap 
W12/5	related_excluded	涉及分子、分子显微镜、polar molecule 或 RbCs/KRb/NaCs 混合系统；不是 Rb87 Rydberg atom tweezer array。	cavity;molecule	Precision Measurements with Molecules	Second-generation Sr2 Molecular Clock	https://meetings-archive.aps.org/damop/2026/w12/5/		The internal degrees of freedom, insensitivity to external fields, and narrow optical transitions of Sr2 molecules make it a strong candidate for a molecular clock and precision measurement of short-range interatomic forces. In order to increase our clock precision, we are addressing several technical challenges, such as the lifetime of the molecules that is limited by lattice light scattering. We are constructing a second-generation Sr2 platform, leveraging an in-vacuum build-up cavity, a vertical lattice, and a higher-flux source to achieve longer coherence times and higher precision.We will discuss the ongoing characterization of this setup.
W12/6	unrelated_excluded	主题不涉及 Rb/Rydberg/光镊/中性原子阵列或相关量子计算模拟工程。	Sr;molecule	Precision Measurements with Molecules	Spectroscopy of 86Sr2 for a Molecular Isotope Shift Measurement	https://meetings-archive.aps.org/damop/2026/w12/6/	Creation and precise spectroscopy of 86Sr2 halo molecules, Brandon Iritani, Jingjing Huang, Wenwei Xu, Gisung Sim, Robert Moszynski and Tanya Zelevinsky, arXiv: 2601.06319	We aim to compare a molecular isotope shift measurement to quantum chemistry calculations in order to constrain QED in bound systems and nm-scale Yukawa forces. Previously we demonstrated record clock-level precision for a vibrational transition measurement in 88Sr2, and we plan to perform a similar measurement in other isotopologues. We have created and characterized ultracold, trapped clouds of 86Sr2 molecules, including in the very weakly bound halo state. The presence of the halo state can enable observation of the interatomic Casimir-Polder interaction. We identified a suitable molecular transition to the 1u excited-state potential and used it to tune the differential polarizability of 
W12/7	related_excluded	涉及分子、分子显微镜、polar molecule 或 RbCs/KRb/NaCs 混合系统；不是 Rb87 Rydberg atom tweezer array。	quantum_sim;molecule	Precision Measurements with Molecules	Computational Progress in Searching for 𝜇 Variation with Hydronium	https://meetings-archive.aps.org/damop/2026/w12/7/		Polyatomic molecules, with their rich internal structure, are promising platforms for precision measurements that probe physics beyond the Standard Model. Here, we propose using the inversion-transition spectrum of hydronium (H3O+), an ammonia-like symmetric-top molecule abundant in the interstellar medium, to search for spatial and temporal variations of the electron-to-proton mass ratio, 𝜇. To enable such measurements, we design a quantum logic spectroscopy (QLS) scheme for precision determination of H3O+ inversion-transition frequencies. We present a computational study of the relevant molecular structure, including inversion–rotational splittings, Zeeman shifts, spin–rotation couplings, 
W12/8	related_excluded	涉及分子、分子显微镜、polar molecule 或 RbCs/KRb/NaCs 混合系统；不是 Rb87 Rydberg atom tweezer array。	cryo;molecule;ion_or_solid	Precision Measurements with Molecules	Towards Measurements of Electroweak Nuclear Properties using Single Molecular Ions in a Penning Trap	https://meetings-archive.aps.org/damop/2026/w12/8/		We present the development of a novel Penning ion trap (NEPTUNE) for precision spectroscopy of symmetry-violating electroweak properties using single trapped molecular ions [1]. The high magnetic field of the Penning trap can be used to Zeeman shift two molecular states of opposite parity to near degeneracy, enhancing the sensitivity of parity-violating nuclear properties by more than 11 orders of magnitude [2]. Hence, our proposed experimental setup is expected to provide highly sensitive measurements of symmetry violating nuclear properties across the nuclear chart. This contribution will describe the status of a cryogenic Penning trap for performing measurements in SiO+ molecules, as well
W12/9	unrelated_excluded	主题不涉及 Rb/Rydberg/光镊/中性原子阵列或相关量子计算模拟工程。	Yb;molecule	Precision Measurements with Molecules	Deperturbation Analysis of Low-Lying Electronic States in YbO	https://meetings-archive.aps.org/damop/2026/w12/9/	Planned paper to be submitted to Journal of Chemical Physics titled: New Rotational Constants and Deperturbation Analysis for Ytterbium Oxide (YbO)	Open-shell Yb-containing molecules like YbF and YbOH have played an important role in searches for parity non-conservation in molecules (Phys. Rev. A 106, 062804 (2022), New J. Phys. 25, 073014 (2023)). Comparisons with closed-shell counterparts such as YbO can provide further insight, but closely overlapping low-lying states challenge theoretical analysis. A combination difference analysis of new Fourier transform microwave data across three Yb-isotopologues (172YbO, 174YbO, and 176YbO) and earlier chemiluminescence data (J. Mol. Spec. 218, 235 (2003)) has yielded improved rotational constants. Previous experimental studies reported a perturbation in the X state (v = 4-3) vibrational spacin
W12/10	related_excluded	涉及分子、分子显微镜、polar molecule 或 RbCs/KRb/NaCs 混合系统；不是 Rb87 Rydberg atom tweezer array。	quantum_sim;molecule	Precision Measurements with Molecules	New Molecular Systems for Precision Measurements of CP Violation	https://meetings-archive.aps.org/damop/2026/w12/10/		One promising way to probe physics beyond the Standard Model is to search for symmetry-violating electromagnetic moments of fundamental particles, including the electron electric dipole moment or nuclear Schiff moment. Precision spectroscopy of molecules is an especially powerful approach, already testing new physics at energy scales of tens of TeV. To push further toward the PeV regime, new molecules that have enhanced sensitivity and/or allow advanced quantum control are needed. In this talk, we will report on our work building molecules that are optimized for next-generation precision measurements. We will describe two approaches that allow us to engineer parity doublets and laser coolabi
X11/1	related_excluded	Rydberg/Rb 相关但平台是 vapor/MOT/molasses/EIT/cold ensemble，不是 optical tweezer array。	quantum_sim;vapor_or_MOT;optical_lattice_or_gas	New Frontiers for Quantum Gases in Optical Lattices II	High-repetition-rate quantum gas microscope for simulating the Fermi Hubbard model	https://meetings-archive.aps.org/damop/2026/x11/1/		Ultracold fermionic systems have emerged as a leading platform for studying strongly correlated quantum matter, offering direct access to regimes that challenge both classical numerical methods and qubit-based architectures. Here, we present recent results from our fermionic quantum gas microscope optimized for fast data acquisition, enabled by a novel, on-site, rapid evaporative cooling in a deep optical lattice. Reservoir engineering can be used to further reduce the entropy of a region of interest, which is subsequently thermally isolated. The resulting product state can then be transformed into a bilayer, strongly correlated system by means of an optical superlattice. We further aim to e
X11/2	related_excluded	光镊/中性原子阵列相关，但摘要没有 Rb87 或 Rydberg 核心实验。	tweezer;quantum_sim;optical_lattice_or_gas	New Frontiers for Quantum Gases in Optical Lattices II	Developing a quantum gas microscope with programmable lattices	https://meetings-archive.aps.org/damop/2026/x11/2/		Experiments with ultracold atoms in optical lattices offer a versatile platform for engineering and probing strongly correlated quantum matter. While quantum gas microscopy has significantly advanced the field, enabling unprecedented single-site resolution, current experimental setups are often constrained by rigid lattice configurations and slow cycle times.In this talk, we present our ongoing efforts to design and build a next-generation quantum gas microscope for fermionic and bosonic lithium atoms. Our approach relies on atom-by-atom assembly of small lattice systems employing auxiliary optical tweezers combined with all-optical cooling techniques to facilitate time-efficient experimenta
X11/3	related_excluded	平台是 optical lattice、BEC、quantum gas 或 gas microscope，不是 Rb87 optical tweezer Rydberg array。	quantum_sim;optical_lattice_or_gas	New Frontiers for Quantum Gases in Optical Lattices II	Quantum gas microscopy of three-flavor Hubbard systems	https://meetings-archive.aps.org/damop/2026/x11/3/	arXiv:2503.05687	Hubbard systems are paradigmatic realizations of strongly correlated manybody systems. Introducing additional species breaks the SU(2) symmetry of the Hubbard model and leads to a wide variety of novel exotic quantum phases. Three-component fermionic systems are at the heart of model systems for quantum chromodynamics where the three components reflect the three flavors. In this talk, we present our recent work on quantum gas microscopy of three-flavor Fermi lattice gases in the Hubbard regime. Relying on site- and flavor-resolved detection, we study the phase diagram of the three-flavor Hubbard model and find signatures of flavor-selective localization and selective pairing at temperatures 
X11/4	related_excluded	涉及分子、分子显微镜、polar molecule 或 RbCs/KRb/NaCs 混合系统；不是 Rb87 Rydberg atom tweezer array。	quantum_sim;molecule;optical_lattice_or_gas	New Frontiers for Quantum Gases in Optical Lattices II	Towards quantum gas microscopy of 23Na-40K Bose-Fermi mixtures and molecules	https://meetings-archive.aps.org/damop/2026/x11/4/		The rich and accessible Feshbach resonances between 23Na and 40K have enabled studies of 23Na-40K Bose-Fermi mixtures with tunable interaction ranging from weakly-bound dimers and trimers in a thermal gas to their evolution into Bose polarons when 40K impurities are immersed in a 23Na Bose-Einstein condensate. Their favorable collisional properties and recent advances in microwave-shielding techniques have also allowed for the creation of long-lived dipolar fermionic ground-state molecules of 23Na40K near quantum degeneracy, where novel quantum phases are expected to emerge. Building on previous works which are predominantly spectroscopy of bulk gases, we report on our recent progress toward
X11/5	related_excluded	平台是 optical lattice、BEC、quantum gas 或 gas microscope，不是 Rb87 optical tweezer Rydberg array。	gate_QEC;quantum_sim;optical_lattice_or_gas	New Frontiers for Quantum Gases in Optical Lattices II	Cooling fermi gases through entropy redistribution in flat band systems	https://meetings-archive.aps.org/damop/2026/x11/5/	"Anand, S., Chang, S.-W. and Stamper-Kurn, D. M., ""Cooling by Entropy Redistribution in Interacting Flat Band Systems,"" in preparation"	Recent experimental breakthroughs have established entropy redistribution as a viable way to achieve low entropy quantum gases, which is a prerequisite for observing quantum manybody phases of interest. These cooling schemes typically cool a low entropy gapped phase, such as a band insulator, with a high entropy capacity phase as the entropy reservoir, such as a metallic state. The entropic state is then separated from the system of interest. In this work, we numerically investigate the possibility of using a lattice structure with a macroscopic degeneracy in the band structure, commonly known as a flat band, as the entropy reservoir. We first obtain the equation of states of interacting fer
X11/6	related_excluded	平台是 optical lattice、BEC、quantum gas 或 gas microscope，不是 Rb87 optical tweezer Rydberg array。	gate_QEC;quantum_sim;optical_lattice_or_gas	New Frontiers for Quantum Gases in Optical Lattices II	Measurement resolution enhanced coherence of lattice fermions	https://meetings-archive.aps.org/damop/2026/x11/6/	"Hurst, Hilary M., Yik Haw Teoh, and I. B. Spielman. ""Measurement resolution enhanced coherence for lattice fermions."" Physical Review Research 7.1 (2025): 013206. DOI: https://doi.org/10.1103/PhysRevResearch.7.013206"	Weak measurement enables the extraction of targeted information from a quantum system while minimizing measurement backaction. However, in many-body quantum systems, backaction from weak measurements can have novel effects on the system evolution. We theoretically study continuously measured non-interacting fermions on a lattice, starting in a ground-state Fermi sea. Repeated measurement of on-site occupation number, with single-site resolution, stochastically drives the system from the completely delocalized Fermi sea toward a Fock state. However, this is not the case for measurements that do not, even in principle, have single-site spatial resolution. We numerically investigate systems of 
X11/7	related_excluded	平台是 optical lattice、BEC、quantum gas 或 gas microscope，不是 Rb87 optical tweezer Rydberg array。	quantum_sim;optical_lattice_or_gas	New Frontiers for Quantum Gases in Optical Lattices II	Observation of Effective Attractive Interactions in a Bilayer Fermi Hubbard System	https://meetings-archive.aps.org/damop/2026/x11/7/	Oreg, Botond, Carter Turnbaugh, Zihan Xu, Jens Hertkorn, and Martin Zwierlein. In preparation.	With the discovery of the nickelate high-Tc superconductors, bilayer t-J models have gained attention as a potential framework to explain the properties of these materials [1-3]. Bilayer t-J models can be considered a special case of a more general bilayer Fermi-Hubbard model formed by extending the 2D Fermi-Hubbard model with the addition of a second copy of the system coupled by an independent tunneling. The two layers may also have a relative detuning, suppressing interlayer tunneling and allowing only superexchange. Our quantum gas microscope—designed for studying a 2D Fermi-Hubbard system using 40K atoms in an optical lattice—can readily be upgraded to explore bilayer Hubbard systems ut
X04/1	unrelated_excluded	平台是离子、固态或其他非中性原子光镊平台。	gate_QEC;Yb;ion_or_solid	Quantum Architectures III	New Custom Control of Quantum Computing Testbed Hardware Through Low Level Access	https://meetings-archive.aps.org/damop/2026/x04/1/		Developing new gates and algorithms critical for scaling quantum platforms requires pulse level hardware control. The Quantum Scientific Computing Open User Testbed (QSCOUT) at Sandia National Laboratories is a quantum processor based on Yb-171 trapped ions specifically designed for this level of access. QSCOUT stands out by offering users transparent pulse-level control, which not only supports customized gate operations and flexible qubit manipulation but also enables the control of bosonic modes in ions. Jaqal (Just Another Quantum Assembly Language), which was developed specifically for controlling ion qubits on the QSCOUT hardware, includes full parameterization of single qubit rotation
X04/2	unrelated_excluded	平台是离子、固态或其他非中性原子光镊平台。	tweezer;gate_QEC;quantum_sim;ion_or_solid	Quantum Architectures III	Optical Tweezer-Controlled Entanglement Gates with Trapped-Ion Qubits	https://meetings-archive.aps.org/damop/2026/x04/2/	David Schwerdt, Lee Peleg, Gal Dekel, Lekshmi Rajagopal, Oz Matoki, Avram Gross, Yotam Shapira, Nitzan Akerman, Roee Ozeri Physical Review Letters. 136, 020604 (2026)	We experimentally demonstrate a multi-qubit entangling operation, in a trapped-ion system, using optical tweezers that are focused on control qubits. Here, the phonon spectrum of the crystal depends on the control qubit state. In a three-ion linear chain, we realize a controlled Mølmer–Sørensen interaction that is functionally analogous to a Toffoli gate, conditioning the entanglement of the two target qubits on the state of the tweezed control ion. In our experiment the control qubit is prepared in each of its logical basis states; coherence of control qubit superposition states is currently limited by dephasing arising from the tweezer beam light-shift fluctuations. Despite this limitation
X04/3	unrelated_excluded	平台是离子、固态或其他非中性原子光镊平台。	gate_QEC;ion_or_solid	Quantum Architectures III	Progress Toward Microwave- and RF-Based Mixed-Species Quantum Logic in Trapped Ions	https://meetings-archive.aps.org/damop/2026/x04/3/		We report progress on quantum logic implemented using microwave and radiofre-quency magnetic fields together with magnetic field gradients in a mixed-species trapped-ion system. This approach avoids direct optical interactions on the data ion, therebymitigating spontaneous-emission-induced errors and surface charging associated withshort-wavelength laser light. Our platform consists of a co-trapped 25Mg+ data ion and40Ca+ helper ion confined in a surface-electrode trap. A key challenge in mixed-speciescontrol arises from charge-to-mass ratio mismatch, which leads to imbalanced motionalmode participation, particularly in radial modes relevant for magnetic-field-gradient-based spin–motion coup
X04/4	unrelated_excluded	平台是离子、固态或其他非中性原子光镊平台。	quantum_sim;ion_or_solid	Quantum Architectures III	Benchmark of transport-induced motional excitations in an 8-qubit quantum processor	https://meetings-archive.aps.org/damop/2026/x04/4/		We present a framework to analyse the effect of transport on the motional states of ions in a trapped-ion quantum processor. By decomposing the shuttling protocol into primitive operations, we can evaluate their heating effects individually and combine results algebraically, avoiding full simulations for entire trajectories. We benchmark this method on an 8-qubit quantum processor, integrating the cost of motional operations at the compiler level.
X04/5	unrelated_excluded	主题不涉及 Rb/Rydberg/光镊/中性原子阵列或相关量子计算模拟工程。	optical_lattice_or_gas;ion_or_solid	Quantum Architectures III	Demonstration of a new integrated photonics architecture using Ba+ ions	https://meetings-archive.aps.org/damop/2026/x04/5/		Scalable trapped-ion quantum computing benefits from multi-wavelength, compact optical systems near the trap. We demonstrate a novel integrated photonics architecture incorporating a 3D microfabricated mirror and benchmark its performance using single barium ions. Because Ba+ uses visible wavelengths, it is well-suited for multi-wavelength integrated optics. Furthermore, ion sensitivity allows for characterization of stray fields and their impact on trapping stability. Together, these measurements provide an initial characterization of the 3D-printed mirror and its influence on the local trapping environment.
X04/6	unrelated_excluded	平台是离子、固态或其他非中性原子光镊平台。	gate_QEC;metrology;vapor_or_MOT;ion_or_solid	Quantum Architectures III	Portable trapped‑ion system with integrated photonics and modular optical subsystems	https://meetings-archive.aps.org/damop/2026/x04/6/		We present progress toward a portable trapped‑ion quantum information platform leveraging integrated photonics for on‑chip light delivery and modular, open-source optical subsystems. We have used this system to perform single qubit gate operations with fidelity over 99.9% and present progress towards high fidelity two qubit gate operations. The Raman laser system used to control Zeeman qubits in our system is compact and is open-sourced via our PyOpticL library on GitHub, along with many other modular optical subsystems including: Modulation Transfer Spectroscopy (MTS), Doppler cooling, qubit state detection, polarization-gradient cooling (PGC), and Fiber noise cancellation. We also present 
X04/7	unrelated_excluded	平台是离子、固态或其他非中性原子光镊平台。	gate_QEC;ion_or_solid	Quantum Architectures III	A quantum-charge-coupled-device trapped-ion quantum computer utilizing all-electronic control	https://meetings-archive.aps.org/damop/2026/x04/7/		We present our vision for large-scale, parallel control of trapped-ion qubits using chip-integrated electric and magnetic fields. Our architecture enables efficient parallelization of gate operations and shuttling of ions on a surface-electrode trap chip with junctions, implementing a quantum charge-coupled device with high gate fidelities [1] and a straightforward path to scalability [2]. We outline how single- and two-qubit gates can be performed in parallel, and show data from prototype devices.[1] A. C. Hughes et al., Trapped-ion two-qubit gates with &gt; 99.99% fidelity without ground-state cooling, arXiv 2510.17286 (2025).[2] M. Malinowski et al., How to Wire a 1000-Qubit Trapped-Ion Q
X04/8	unrelated_excluded	平台是离子、固态或其他非中性原子光镊平台。	gate_QEC;ion_or_solid	Quantum Architectures III	Architectural Features of the IonQ Tempo Quantum Computer	https://meetings-archive.aps.org/damop/2026/x04/8/		"To date, the ion trap quantum computers developed by IonQ utilize a single long chain of ions. This limits the number of qubits one can reasonably address with high fidelity Molmer-Sorenen gates. We overcome this limitation via multi-parcel operation (MPO) – ions are partitioned into reasonably sized sub-chains (""parcels""), and we introduce a minimal amount of shuttling to shift, split, and merge parcels together to perform computations on larger qubit registers. We present on the progress of implementing the MPO architecture, including other architectural features such as single-species OMG qubits, which enable scaling the number of qubits via MPO in our quantum computers."
X09/1	unrelated_excluded	主题不涉及 Rb/Rydberg/光镊/中性原子阵列或相关量子计算模拟工程。	molecule;vapor_or_MOT	Long-Ranged Interacting Atomic and Molecular Arrays	Excitation of Metastable Helium Atoms by Positron Impact	https://meetings-archive.aps.org/damop/2026/x09/1/	Excitation of Metastable Helium Atoms by Positron Impact Liam Wymer, S. Kumar, T. J. Gay, Sean S. Hodgman, Stephen J. Buckman and Joshua R. Machacek accepted for publication in the European Physical Journal D	We present measurements of the excitation of the 21S metastable state of helium by positron impact at energies between the threshold for excitation (20.6 eV) and 40 eV. The present results are obtained by directly measuring the yield of excited atoms that result from crossing a low-energy, high-resolution, magnetically-confined and pulsed positron beam from a buffer gas trap with an effusive beam of He atoms. The measured excitation function is compared with previous measurements which used a scattering cell, and with a recent state-of-the-art theoretical calculation.
X09/2	related_excluded	涉及分子、分子显微镜、polar molecule 或 RbCs/KRb/NaCs 混合系统；不是 Rb87 Rydberg atom tweezer array。	Rydberg;tweezer;quantum_sim;molecule;vapor_or_MOT;optical_lattice_or_gas;ion_or_solid	Long-Ranged Interacting Atomic and Molecular Arrays	Nanosecond Time-Resolved Population Measurements of Collective Emission in Nearly Fully Inverted Ultracold Atomic Ensembles.	https://meetings-archive.aps.org/damop/2026/x09/2/	1. V. Bharti et al., Phys. Rev. Lett. 133, 093405 (2024). 2. V. Bharti et al., Phys.Rev. Lett. 131, 123201 (2023). 3. M. Mizoguchi et al., Phys. Rev. Lett. 124, 253201 (2020). 4. Y. Chew et al., Nat. Photonics 16, 724 (2022).	Understanding and controlling the behaviours of an ensemble of emitters sharing an electromagnetic field environment is one of the current research frontiers, with applications ranging from quantum optics and quantum information science. One intriguing situation is that a system with fully inverted emitters could spontaneously form macroscopic coherence and evenmany-body correlations in photons and matter. Fully unveiling such nonequilibrium dynamics require not only detecting radiated photons but also the access to the internal states of emitters. However, full population inversion as well as direct state measurements have remained exclusive due to technical difficulties in fast manipulatio
X09/3	unrelated_excluded	主题不涉及 Rb/Rydberg/光镊/中性原子阵列或相关量子计算模拟工程。	molecule	Long-Ranged Interacting Atomic and Molecular Arrays	Thermalization timescales in quantum systems with super-long-range interactions	https://meetings-archive.aps.org/damop/2026/x09/3/		Advances in atomic and molecular platforms have enabled the realization of long-range interacting quantum systems with power law decaying interactions. While these systems display rich nonequilibrium dynamics, the timescales governing their approach to thermal equilibrium remain poorly understood. We address this issue by analyzing spin chains with long-range interactions and uncovering how interaction range controls relaxation and prethermalization timescales. Starting from spin models in the all-to-all coupling limit, we show that even an infinitesimal power-law ex- ponent is sufficient to induce quantum chaos [1], thereby enforcing the eigenstate thermalization hypothesis (ETH). However, 
X09/4	related_excluded	涉及分子、分子显微镜、polar molecule 或 RbCs/KRb/NaCs 混合系统；不是 Rb87 Rydberg atom tweezer array。	tweezer;gate_QEC;quantum_sim;molecule	Long-Ranged Interacting Atomic and Molecular Arrays	High-fidelity entanglement of polar molecules by dynamic geometric control	https://meetings-archive.aps.org/damop/2026/x09/4/	Phys. Rev. Lett. 135, 253002	"Optical tweezer arrays of polar molecules are a promising platform for quantum science, providing long-lived rotational qubit states with programmable long-range dipolar interactions. However, the achievable dipolar coherence and thus entanglement depth, has been significantly limited by thermal motion and residual positional noise of molecules in tightly focused traps. In this work, we experimentally show three-dimensional geometric control of the relative configuration of the interacting molecular pairs and identify multiple geometric conditions that minimize the sensitivity of dipolar interactions to motional dephasing. Using a combination of ""magic"" geometries and partial Raman sideband "
X09/5	unrelated_excluded	主题不涉及 Rb/Rydberg/光镊/中性原子阵列或相关量子计算模拟工程。	molecule	Long-Ranged Interacting Atomic and Molecular Arrays	What is the Diatomic Molecule with the Largest Dipole Moment	https://meetings-archive.aps.org/damop/2026/x09/5/	https://arxiv.org/abs/2507.10462	"We present a machine learning model for predicting the dipole moment of diatomic molecules using only atomic properties of the constituent atoms. First a training database of 273 diatomic molecules was constructed using experimental data and CCSD(T) calculated dipole moments. Using this we then constructed a large theoretical database consisting of 4851 diatomic molecules and this in turn allows us to answer the question ""What is the diatomic molecule with the largest dipole moment"". Similarly, our model identifies useful trends that explain the dipole moment of molecules, improving our intuition in chemical physics. We conclude with condensing our model into an analytical expression to pred"
X09/6	related_excluded	涉及分子、分子显微镜、polar molecule 或 RbCs/KRb/NaCs 混合系统；不是 Rb87 Rydberg atom tweezer array。	neutral_atom_array;gate_QEC;quantum_sim;Yb;molecule	Long-Ranged Interacting Atomic and Molecular Arrays	Multichannel bound state calculations of 171Yb + 174Yb molecular system	https://meetings-archive.aps.org/damop/2026/x09/6/	We are planning to write one paper on this work.	Recently, it has been realized that the hybrid system consisting of dual-isotopic Yb array, where the nuclear spin qubit of fermionic 171Yb is utilized as a data qubit and bosonic 174Yb as a ancilla qubit with the capacity of nondestructive state selective qubit readout [1]. The measurements shown in their work promises the potential of dual-Yb atom array for ancilla based quantum error correction protocols. The accurate determination of bound vibrational states is quite critical for guiding such experiments for molecular formation. Therefore, to carry out the calculations of bound states, we developed a multichannel interaction model for the fermion-boson heteronuclear Yb2 system in the mol
X09/7	related_excluded	相关但未写入：Rb87 光镊单原子高 cooperativity 腔，是平台接口工程；摘要未涉及 Rydberg 操作，且腔读出方向已由 P03/6 覆盖。	Rb87;Rb;tweezer;cavity;molecule;ion_or_solid	Long-Ranged Interacting Atomic and Molecular Arrays	High-cooperativity FP cavity with long cavity length.	https://meetings-archive.aps.org/damop/2026/x09/7/		We have developed a Fabry-Pérot optical cavity with a length of 1.67 mm, a cooperativity of 100, a waist radius of 9.6 μm, and an ultra-low residual reflection loss (1-R) of 32 ppm. To verify the coupling strength, we coupled the cavity with a single rubidium-87 (Rb₈₇) atom trapped in an optical tweezer in a vacuum environment, and completed the performance validation through the scanned spectrum.A microscope module is retained in our system, and high-precision alignment between the microscope and the cavity is achieved via a scanning near-field optical microscopy (SNOM) fiber. Meanwhile, sufficient optical manipulation space is reserved by optimizing the cavity substrate configuration desig
X09/8	related_excluded	相关但未写入：Rydberg-Landau orbital 理论；需要 2.5 T 强场和特殊 orbital engineering，近期 Rb87 tweezer array 可实施性不足。	Rydberg;gate_QEC;molecule	Long-Ranged Interacting Atomic and Molecular Arrays	Magnetically Engineered Rydberg Orbitals: Landau Quantization for Scalable Neutral-Atom Quantum Logic	https://meetings-archive.aps.org/damop/2026/x09/8/	"A. Momtaheni, M. Khazali, ""Quantum computation with long-lived Rydberg-Landau atoms featuring suppressed ionization by the Magnetic Cage"", arXiv:2506.00575 (2025)"	Highly excited Rydberg atoms underpin a broad range of quantum-technology applications. However, current neutral-atom platforms face key bottlenecks: limited Rydberg lifetimes, constraints on scalability, long-range connectivity, and pronounced susceptibility to ionization under strong driving. We propose a route to mitigate these limitations by engineering Rydberg–Landau (rLandau) states in strong magnetic fields. For B=2.5T, quadratic magnetic confinement quantizes the transverse electronic motion into discrete Landau levels with a cyclotron radius of 16nm, forming a magnetic “cage” that suppresses laser-induced ionization even at high intensities and fast operation, while the axial motion
X12/1	unrelated_excluded	主题不涉及 Rb/Rydberg/光镊/中性原子阵列或相关量子计算模拟工程。		Low-Dimensional Bose Gases	Highly Excited Quantum Many-Body States on Demand	https://meetings-archive.aps.org/damop/2026/x12/1/		We present a way to quench a quantum many-body system directly from its ground state to an asymptotically stationary excited state. In the hard-core limit of a gas of bosons in 1D with delta function interactions, we show theoretically that a stationary excited state is immediately reached for the central Bragg peak after a Bragg pulse is applied to the system. Specifically, its rapidity distribution (the momentum distribution of the emergent quasiparticles) does not evolve. This is counterintuitive, as one would naively expect the remaining cloud to undergo a breathing oscillation after losing a large fraction of its atoms. We show that a similar stationary excited state can be accessed exp
X12/2	related_excluded	平台是 optical lattice、BEC、quantum gas 或 gas microscope，不是 Rb87 optical tweezer Rydberg array。	gate_QEC;optical_lattice_or_gas	Low-Dimensional Bose Gases	Statistical Anyons in 1D via Dispersion Engineering	https://meetings-archive.aps.org/damop/2026/x12/2/		We show that the single-particle dispersion relation can serve as a tuning knob for the exclusion statistics of particles. Specifically, we investigate one-dimensional hard-core bosons with a dispersion ε(k) ∝km, where m is an even integer greater than 2. This class of models is integrable and admits Bethe-ansatz solutions. The system exhibits m-dependent fractional exclusion statistics and many-body wavefunctions analogous to Laughlin states in fractional quantum Hall systems. Finally, we outline how this physics can be realized and tested experimentally using ultracold atoms in shaken optical lattices or atomic array platforms with tunable hopping amplitudes.
X12/3	unrelated_excluded	主题不涉及 Rb/Rydberg/光镊/中性原子阵列或相关量子计算模拟工程。	optical_lattice_or_gas	Low-Dimensional Bose Gases	Prethermal ripplons riding on a 1D superfluid interface	https://meetings-archive.aps.org/damop/2026/x12/3/		"Fluctuations at the interface between immiscible superfluids are described in terms of ""ripplon'"" excitations, analogous to capillary waves in classical fluids. Here, we study the equilibration of ripplons at such an interface in a phase-separated two-dimensional Bose-Einstein condensate. We directly measure the interface's height profile as it evolves over time, and find that each individual mode exhibits a thermal distribution of excitations. This allows us to assign a temperature to each mode, and we find that only high-momentum modes have equilibrated with the bulk. By contrast, low-momentum ripplon modes are at an elevated temperature, indicating the system as a whole is in a long-lived"
X12/4	related_excluded	平台是 optical lattice、BEC、quantum gas 或 gas microscope，不是 Rb87 optical tweezer Rydberg array。	quantum_sim;optical_lattice_or_gas	Low-Dimensional Bose Gases	Observation of the evolution from a microcanonical ensemble to a canonical ensemble in a quasi-one-dimensional Bose gas	https://meetings-archive.aps.org/damop/2026/x12/4/		We report the observation of a continuous evolution from a microcanonical ensemble to a canonical ensemble in a quasi-one-dimensional Bose gas by preparing a prethermal state and tracking its longtime evolution. The prethermal state is prepared by a rapid dephasing process that preserves axial energy and establishes a microcanonical-like plateau distribution. Next comes a slow (seconds-long) relaxation driven by weak integrability breaking. By extracting the parameters of the Wigner-space distribution, we find the thermalization rate is controlled by the atomic interaction. Using a model of one-dimensional inelastic collisions that excite transverse modes and violate axial energy conservatio
X12/5	unrelated_excluded	主题不涉及 Rb/Rydberg/光镊/中性原子阵列或相关量子计算模拟工程。	Cs;optical_lattice_or_gas	Low-Dimensional Bose Gases	Expansion dynamics of interacting Bose gases in an optical lattice	https://meetings-archive.aps.org/damop/2026/x12/5/		Predicting the nonequilibrium dynamics of interacting bosons in optical lattices has remained a challenging topic in many-body physics. While accurate numerical studies are still under development, ultracold quantum gases provide a convenient platform to study nonequilibrium dynamics, where the systems can be driven out of equilibrium via engineered quenches and the subsequent dynamics can be monitored through direct density imaging. For example, nontrivial expansion dynamics of interacting bosons were observed in optical lattices, such as bimodal expansion and self-trapping. Although the suppressed expansion rate in a 2D lattice has been measured and attributed to the interaction-induced di
X12/6	unrelated_excluded	主题不涉及 Rb/Rydberg/光镊/中性原子阵列或相关量子计算模拟工程。		Low-Dimensional Bose Gases	From Scale Invariance to Universal Droplets: Generalised GPE for Attractive 2D Bose Gases	https://meetings-archive.aps.org/damop/2026/x12/6/	Michał Suchorowski, Fabian Brauneis, Hans-Werner Hammer, Michał Tomza, Artem G. Volosniev, Generalized Gross-Pitaevskii Equation for 2D Bosons with Attractive Interactions, preprint: arXiv:2511.10115	Dilute two-dimensional (2D) gases exhibit scale-invariant behaviour that is absent in their three-dimensional counterparts. In attractive systems, this symmetry can be strongly broken — a phenomenon known as the quantum anomaly — by the presence of universal many-body bound states (droplets). To explore this anomaly, especially the corresponding time dynamics, a simple yet powerful theoretical tool is required.In this work, we introduce a density-dependent coupling into the Gross-Pitaevskii equation (GPE), which not only captures the quantum anomaly but also retains a structure suitable for both intuitive analytical and numerical analysis. In my talk, I will demonstrate how this approach nat
X12/7	related_excluded	平台是 optical lattice、BEC、quantum gas 或 gas microscope，不是 Rb87 optical tweezer Rydberg array。	quantum_sim;optical_lattice_or_gas	Low-Dimensional Bose Gases	Imaging Phase Fluctuation in a Coherently Coupled Bose Mixture	https://meetings-archive.aps.org/damop/2026/x12/7/		We experimentally study fluctuations in a quantum simulator of (2+1)D massive relativistic fields, constructed by coherent coupling of two spin states in a homogeneous 2D 39K gas. Using RF manipulation, we convert relative phase fluctuations in the coupled mixture into relative spin population fluctuations, which we directly image and analyze on different length scales. By quenching the ratio of the spin chemical potential to the coherent coupling strength, we demonstrate the growth (and reduction) of relative phase fluctuations as interaction becomes more (or less) dominant.
X12/8	unrelated_excluded	主题不涉及 Rb/Rydberg/光镊/中性原子阵列或相关量子计算模拟工程。		Low-Dimensional Bose Gases	Quantum thermalization and the route to ergodicity	https://meetings-archive.aps.org/damop/2026/x12/8/	Phys. Rev. Research 7, 043293 (2025)	We consider a minimal Bose-Hubbard model for quantum thermalization of coupled chaotic subsystems. The route toward ergodicity is explored as a function of the coupling strength. The results are contrasted with the predictions of standard random matrix theory and the eigenstates thermalization hypothesis. We highlight a coupling regime of disparity between the spectral statistics that indicates chaos and ergodicity measures that indicate lack of eigenstate thermalization. The analysis involves a revision of the energy-shell concept, in a way that is consistent but independent of the semiclassical perspective.
X12/9	related_excluded	涉及分子、分子显微镜、polar molecule 或 RbCs/KRb/NaCs 混合系统；不是 Rb87 Rydberg atom tweezer array。	Rb87;molecule;optical_lattice_or_gas	Low-Dimensional Bose Gases	Universal non-thermal fix point of a quasi 1D bose gas	https://meetings-archive.aps.org/damop/2026/x12/9/	Qi Liang, et al. arXiv:2505.20213	Spatio-temporal scaling dynamics connected to non-thermal fixed points has been suggested as a universal framework to describe the relaxation of isolated far-from-equilibrium systems. Experimental studies in weakly-interacting cold atom systems have found scaling dynamics connected to specific attractors. In our experiments, we study a quantum gas of strongly interacting 6Li2 Feshbach molecules, brought far out of equilibrium by imprinting a white-noise phase profile. The observed relaxation follows the same universal dynamics as for the previously observed formation of the order parameter in a shock-cooled gas of weakly interacting 87Rb atoms. Our results point to a single universal fixed p
X03/1	related_excluded	涉及分子、分子显微镜、polar molecule 或 RbCs/KRb/NaCs 混合系统；不是 Rb87 Rydberg atom tweezer array。	Rydberg;quantum_sim;molecule;vapor_or_MOT	HOT TOPICS	Observing paraparticles in ultracold matter	https://meetings-archive.aps.org/damop/2026/x03/1/	Zhiyuan Wang and Kaden R A Hazzard, Nature 637, 314 (2025)	It was recently realized that -- contrary to common expectation -- particles with exchange statistics inequivalent to either fermions or bosons are allowed by nature [1]. Unlike well-known anyonic particles, these paraparticles can exist beyond two dimensions, in particular in ordinary three-dimensional space. Remarkably, the simplest types of paraparticles occur naturally in several AMO systems including ultracold Rydberg atoms, molecules, spinor Bose gases, and spin-1 atoms in a lattice. I will describe the unique features of paraparticles and how they emerge in ultracold matter, as well as experimental ways to observe their unique properties. [1] Zhiyuan Wang and Kaden R A Hazzard, Nature
X03/2	unrelated_excluded	主题不涉及 Rb/Rydberg/光镊/中性原子阵列或相关量子计算模拟工程。		HOT TOPICS	Hutzler, Nick - HOT TOPICS	https://meetings-archive.aps.org/damop/2026/x03/2/		Hutzler, Nick - HOT TOPICS
X03/3	related_excluded	Rydberg/Rb 相关但平台是 vapor/MOT/molasses/EIT/cold ensemble，不是 optical tweezer array。	Rydberg;vapor_or_MOT	HOT TOPICS	A determination of the Rydberg constant and proton radius through hydrogen 2S-nS spectroscopy.	https://meetings-archive.aps.org/damop/2026/x03/3/	[1] Bullis et al, PRL 136, 123001 (2026) [2] Bullis et al, PRA 110, 052807 (2024)	We will discuss measurements of three 2S-nS two-photon transitions in atomic hydrogen [1]. These results relied on a recently developed method to obtain narrow experimental linewidths by mitigating the AC Stark shift [2]. Our measurements can be used in conjunction with the hydrogen 1S-2S transition [3], and bound-state quantum electrodynamics corrections, to extract a value for the Rydberg constant with a relative uncertainty of 3 x 10-12. Our value for the mean charge radius of the proton is 0.8433(31) fm, which is in excellent agreement with the muonic hydrogen value [4].[1] Bullis et al, PRL 136, 123001 (2026)[2] Bullis et al, PRA 110, 052807 (2024)[3] Parthey et al, PRL 107, 203001 (201
X03/4	unrelated_excluded	主题不涉及 Rb/Rydberg/光镊/中性原子阵列或相关量子计算模拟工程。		HOT TOPICS	Cain, Maddie - HOT TOPICS	https://meetings-archive.aps.org/damop/2026/x03/4/		Cain, Maddie - HOT TOPICS
X05/1	unrelated_excluded	主题不涉及 Rb/Rydberg/光镊/中性原子阵列或相关量子计算模拟工程。	ion_or_solid	Ultrafast Photoelectron Spectroscopy	Photoelectron -- residual-ion correlation in angle-resolved streaked shake-up ionization of helium	https://meetings-archive.aps.org/damop/2026/x05/1/	[1] H. Shi and U. Thumm, Phys. Rev. A 111, 013119 (2025). [2] M. Ossiander, et al., Nature Phys. 13, 280 (2017). [3] H. Shi, J. Gao, Y. Yang, A. Liu, M. Han, and U. Thumm, in preparation.	Streaked photoelectron emission spectra access the correlated dynamics of photoelectrons and residual target electrons with attosecond temporal resolution. We calculated ab initio and measured single-ionization spectra for photoemission from helium atoms by co-linearly polarized ultrashort XUV and assisting few-femtosecond IR pulses [1]. Distinguishing direct and shake-up ionization resulting in ground-state and excited (n=2,3) He+ residual ions, respectively, we examined the effects of the correlated photoemission dynamics on the photoelectron phase-accumulation as a function of the observable photoelectron detection direction and kinetic energy, and XUV -- IR pulse delay. We tracked the dy
X05/2	unrelated_excluded	读完摘要后未发现可归入 Rb87 Rydberg 光镊平台近期实验/工程问题的内容。	quantum_sim	Ultrafast Photoelectron Spectroscopy	Attosecond streaking of photoelectron angular momentum	https://meetings-archive.aps.org/damop/2026/x05/2/		Electric field E(t) and vector potential A(t) are two fundamental physical variables that characterize a light wave. For the first time, the attosecond streaking technique enables direct measurement of the vector potential of an optical light pulse, which is recorded into the energy shift of photoelectrons streaked by the light pulse in a classical framework. In this study, we probe the quantum nature of attosecond streaking by introducing angle-resolved detection. We find that the angular momentum of photoelectrons, or the partial waves of the continuum electron wavefunction, increases at the crest of the electric field, rather than at that of the vector potential. The attosecond evolution 
X05/3	related_excluded	涉及分子、分子显微镜、polar molecule 或 RbCs/KRb/NaCs 混合系统；不是 Rb87 Rydberg atom tweezer array。	quantum_sim;molecule;ion_or_solid	Ultrafast Photoelectron Spectroscopy	Attosecond Time Delays in Photodetachment of Nitrate Anion	https://meetings-archive.aps.org/damop/2026/x05/3/		Measuring attosecond time delays provides information about the wave-function phase in photoionizationprocesses, thus providing insight into the electronic dynamics and structure of atomic and molecular systems.In contrast to the photoionization of neutral species that have been extensively studied in the last decade,photodetachment of negative ions has received much less attention, especially experimentally due to challengesin preparing the anions. Since the outgoing photoelectron interactswith a neutral species after the detachment, the absence of the long-range Coulomb potential allows easier observationof correlation and polarization effects.To stimulate experimental efforts in photodeta
X05/4	unrelated_excluded	读完摘要后未发现可归入 Rb87 Rydberg 光镊平台近期实验/工程问题的内容。	gate_QEC	Ultrafast Photoelectron Spectroscopy	Spiral Momentum Structures in Electron and Positron Emission from One- or Two-color Laser Field Positronium Breakup	https://meetings-archive.aps.org/damop/2026/x05/4/		Positronium (Ps), a hydrogen-like bound state of an electron and a positron, provides an interesting opportunity to study strong-field dynamics in quantum systems. Najjari[1] recently investigated positronium breakup via Compton scattering in a photon-energy regime where both the electron and positron remain nonrelativistic. Under intense laser fields, positronium can dissociate into free electron–positron pairs, providing direct access to correlated momentum dynamics with no analogue in ordinary atomic ionization. Our preliminary results show that, for one-photon absorption driven by time-delayed oppositely circularly polarized laser pulses, the electron and positron momentum distributions 
X05/5	unrelated_excluded	主题不涉及 Rb/Rydberg/光镊/中性原子阵列或相关量子计算模拟工程。	molecule;optical_lattice_or_gas	Ultrafast Photoelectron Spectroscopy	Energy breakdown of Wigner and Coulomb-laser-coupling time delays	https://meetings-archive.aps.org/damop/2026/x05/5/	B. Grafstrom and A.S. Landsman, Characterizing the low energy breakdown in interpreting photoionization delays (Submitted)	Attosecond pump–probe measurement techniques, such as RABBITT or streaking, typically combine XUV and IR pulses to resolve electron dynamics within atoms and molecules. At sufficiently large kinetic energies, the total measured photoionization delay is often treated as the sum of independent Wigner and Coulomb–laser–coupling (CLC) contributions. While it is known that this assumption is no longer valid as the photoelectron's kinetic energy approaches zero, the precise details for when this breakdown begins have not been widely agreed upon. These questions are becoming increasingly relevant as recent ultrafast experiments in molecules are starting to utilize probe wavelengths shorter than 800
X05/6	unrelated_excluded	主题不涉及 Rb/Rydberg/光镊/中性原子阵列或相关量子计算模拟工程。	Yb;molecule;vapor_or_MOT	Ultrafast Photoelectron Spectroscopy	Time-domain measurement of Auger electron dynamics in xenon atoms after giant resonant photoionization.	https://meetings-archive.aps.org/damop/2026/x05/6/		Time-resolved measurement of Auger-Meitner (AM) decay [Nature 419, 803 (2002)] marked a milestone in the development of attosecond science. To date, the time constants for the AM decay processes obtained from the time-domain experiments were found to be consistent with the values deduced from conventional energy-domain measurements. One of the main factors limiting the temporal resolution of these studies is the unlocked carrier-envelope-phase (CEP) of the laser pulses used to probe the electronic dynamics triggered by inner-shell photoabsorption. In this work, we report time-resolved inner-shell electron spectroscopy of xenon and krypton using attosecond soft X-ray (atto-SXR) pulses centere
X05/7	unrelated_excluded	平台是离子、固态或其他非中性原子光镊平台。	quantum_sim;ion_or_solid	Ultrafast Photoelectron Spectroscopy	Trojan Wave Packets in the Circularly Polarized and the Magnetic Fields on the multi-electron multi-layer Helium planar circular trajectories with the scaled regular polygon nesting	https://meetings-archive.aps.org/damop/2026/x05/7/		Upon the discovery of the single electron Trojan Wave Packets in an atom of Hydrogen driven by the Circularly Polarized (C.P.) electromagnetic field [1] we have formulated the theorem stating that the number of a distinct classically rotating frozen N-electron configurations in the external magnetic field, the nuclear ion field and the co-rotating electric field may be at least theproduct of all naturally defined foldings of total force surfaces (the maximal numberany straight line may cut the surface which nontrivially is 2) obtained by putting each of the 3N-dimensional gradient component of the Zero Velocity Surface to zero. Consistently with it we have discovered a several highly symmetr
X05/8	unrelated_excluded	主题不涉及 Rb/Rydberg/光镊/中性原子阵列或相关量子计算模拟工程。		Ultrafast Photoelectron Spectroscopy	Trajectory selection using XUV pulses in nonsequential double ionization	https://meetings-archive.aps.org/damop/2026/x05/8/		Motivated by recent experiments on trajectory selection in nonsequential double ionization (NSDI) [A. Piper et al., PRL 134, 073201 (2025)], we present a time domain model for NSDI induced by extreme ultraviolet (XUV) photons in helium in the presence of a strong, synchronized infrared (IR) field. Using a 1+1D time-dependent Schrödinger equation (TDSE) model, we apply an XUV pulse to excite or ionize an electron at a chosen time within the IR cycle by scanning the relative delay between the XUV and IR fields. We then document how the IR field steers the photoelectron wave packet to realize distinct pathways leading to NSDI. From our calculations, we extract the double ionization yield and ti
X05/9	related_excluded	涉及分子、分子显微镜、polar molecule 或 RbCs/KRb/NaCs 混合系统；不是 Rb87 Rydberg atom tweezer array。	gate_QEC;molecule;ion_or_solid	Ultrafast Photoelectron Spectroscopy	On the Emergence of Spin-Orbit Dynamics in Sudden Ionization	https://meetings-archive.aps.org/damop/2026/x05/9/		Advancements in ultrafast laser techniques have established the study of electronic dynamics as a central pillar of modern AMO physics. Describing the dynamics of ionization in many-electron atoms and molecules has been a long-standing challenge that has been tackled using different theoretical frameworks. One such approach is the sudden approximation, in which an electron is instantaneously removed from the system, causing the rearrangement of the remaining electrons in response to the change in the charge screening. In this work, we develop an extension to the sudden approximation where an electron is placed in a quasi-continuum while accounting for its interaction with the remaining elect
X05/10	related_excluded	Rydberg 相关但没有指向 Rb87 optical tweezer array；多为传感、分子、理论或其他平台。	Rydberg;quantum_sim	Ultrafast Photoelectron Spectroscopy	Angle-resolved measurement of Spin-orbit Time Delays in Photoionization using under-threshold RABBITT	https://meetings-archive.aps.org/damop/2026/x05/10/		In this work, we used attosecond RABBITT to study the angle-resolved photoionization dynamics in Krypton. The 4p valence orbital in Kr has a spin-orbit (SO) split of 0.66 eV. We measure the photoionization time delay between these two channels (J = ½ and J = 3/2) using an XUV-APT pump and a time-delayed NIR probe. With time-resolved photoelectron momentum imaging technique and supporting ab-initio TDSE simulations, we show the complex photon-energy and angular dependence of two-photon time delays where, for an appropriately chosen photon energy, under-threshold RABBITT (uRABBITT) and relativistic spin-orbit coupling effects coexist. We compared the photoionization time delays observed in the
X06/1	related_excluded	Rydberg/Rb 相关但平台是 vapor/MOT/molasses/EIT/cold ensemble，不是 optical tweezer array。	gate_QEC;cavity;vapor_or_MOT	Quantum Control and Readout II	Detecting the Circular Unruh Effect via Multi-Level Atoms	https://meetings-archive.aps.org/damop/2026/x06/1/		We propose a novel scheme for detecting the circular Unruh effect, which appears when the center of mass of an atom confined in a cylindrical cavity follows a planar circular trajectory and interacts with the electromagnetic vacuum field via magnetic dipole couplings. Naturally, the circular Unruh effect depends strongly on the ratio of the angular velocity α of the rotating atom and the transition frequency ω of its two relevant internal states. In order to find measurable excitation rates induced by the non-inertial motion of the atom, one has to maximize the ratio α/ω. To date, research has primarily considered either scalar fields [1] or electric dipole interactions [2]. However, typical
X06/2	related_excluded	Rydberg/Rb 相关但平台是 vapor/MOT/molasses/EIT/cold ensemble，不是 optical tweezer array。	gate_QEC;quantum_sim;metrology;vapor_or_MOT	Quantum Control and Readout II	Generalized Hahn echo for neutral atom qutrits	https://meetings-archive.aps.org/damop/2026/x06/2/		Scaling qubit-based quantum systems requires effective strategies to suppress and mitigate errors arising from unwanted couplings to the environment, such as magnetic-field gradients, differential light shifts, and laser-beam inhomogeneities. For qubits, commonly used techniques include the Hahn echo, which employs an intermediate Pauli-X operation to refocus inhomogeneous dephasing, as well as multi-pulse dynamical decoupling sequences.Extending such error-suppression methods to higher-dimensional systems is of significant interest, as qudits promise notable advantages for quantum simulation, quantum information processing and multiparameter quantum sensing. In this work, we experimentally 
X06/3	unrelated_excluded	读完摘要后未发现可归入 Rb87 Rydberg 光镊平台近期实验/工程问题的内容。	gate_QEC;quantum_sim	Quantum Control and Readout II	All-optical control of Nuclear spin qudits in Neutral atoms	https://meetings-archive.aps.org/damop/2026/x06/3/		The large nuclear spins of alkaline-earth atoms enable a natural qudit encoding. The nuclear spin is isolated from the environment, which makes it robust against unwanted noise but also renders it difficult to control. Previous works have proposed magnetic-field based control techniques for universal control as well as optical techniques enabling partial control of the spin manifold. In this work, we propose and analyze several all-optical control protocols for nuclear spin qudits and perform a comparative study. First, we address the fundamental question of universal controllability for these schemes, accounting for the control Hamiltonians, the number of control parameters, and the control
X06/4	unrelated_excluded	读完摘要后未发现可归入 Rb87 Rydberg 光镊平台近期实验/工程问题的内容。	gate_QEC;quantum_sim	Quantum Control and Readout II	A scalable and fast addressing scheme for atomic qubit arrays.	https://meetings-archive.aps.org/damop/2026/x06/4/		Neutral-atom quantum processors require site-selective optical control that is both fast and scalable. Serial beam-steering approaches provide high-fidelity, single-site gates but scale poorly with array size, while fully parallel array-wide spatial modulation (e.g., SLM/DMD-based illumination) is constrained by limited refresh rates or by limited site-selective control of amplitude and/or phase. We present an addressing architecture that combines the speed of acousto-optic beam steering with parallel, site-resolved control using only a pair of orthogonally oriented acousto-optic deflectors (AODs). One AOD is driven by multiple simultaneous RF tones with programmable amplitude, phase, and ti
X06/5	included_in_topic_abstract	已写入 abstract.qmd。	Rydberg;gate_QEC;Cs	Quantum Control and Readout II	Role of gate speed in high-fidelity robust Rydberg-blockade gates	https://meetings-archive.aps.org/damop/2026/x06/5/		Rydberg-mediated entangling operations in neutral-atom platforms operate in one of two limits: fast excitation to Rydberg states (diabatic gates) or via relatively slower intensity anddetuning ramps (adiabatic Rydberg dressing). Although these regimes are often treated separately, they are connected by a continuous parameter space defined by the detuning, Rabi frequency, and pulse intensity and frequency ramp rates. It is important to explore this regime particularly in the presence of shot-to-shot and high frequency intensity and phase noise in the Rydberg UV laser. We present an experimental and theoretical exploration of this adiabatic–diabatic crossover, using single-photon excitation of
X06/6	included_in_topic_abstract	已写入 abstract.qmd。	gate_QEC;quantum_sim;optical_lattice_or_gas	Quantum Control and Readout II	Improving the fidelity of entangling gates for quantum simulations and computation with neutral atoms	https://meetings-archive.aps.org/damop/2026/x06/6/		Errors in quantum operations represent the key limitation of quantum information processors. For neutral atom quantum processors, the error due to the two-qubit gate is a dominant noise source, limiting both the accessible circuit depths for algorithms with physical qubits [1] and below-threshold performance in fault-tolerant architectures that use logical encoding and quantum error correction [2]. Here, we demonstrate two-qubit entangling CZ operations with raw fidelities of 99.84% and atom loss post-selected fidelities of 99.95%. These low error rates are achieved through a combination of higher laser intensities resulting in fast gates, improved calibration techniques, including fast cali
X06/7	included_in_topic_abstract	已写入 abstract.qmd。	Rydberg;tweezer;neutral_atom_array;gate_QEC;quantum_sim;metrology;Sr	Quantum Control and Readout II	Ancilla-based toolbox and algorithmic cooling for neutral-atom array experiments	https://meetings-archive.aps.org/damop/2026/x06/7/		Neutral atom arrays have seen tremendous progress in quantum simulation, quantum metrology, and fault-tolerant quantum computing. However, hardware constraints such as atom loss and heating from trapping light remain significant challenges. In this work, we introduce a comprehensive ancilla-based toolbox for optical tweezer experiments that utilizes high-fidelity Rydberg entangling gates and ancilla atoms to mitigate these physical limitations. First, we demonstrate repeated ancilla-based atom loss detection, achieving improved detection fidelity over multiple rounds with minimal perturbation to data atoms. Second, leveraging the quantized motional states in tweezer-trapped strontium atoms, 
X06/8	related_excluded	相关但未写入：alkali atom array 的有限磁场腔读出/冷却，对 Rb87 有工程价值；但它不是 Rydberg 光镊实验，且读出方向已由 P03/6、X06/9 覆盖。	Rb87;neutral_atom_array;gate_QEC;cavity;vapor_or_MOT	Quantum Control and Readout II	State-resolving cavity readout and cooling of atom arrays in a finite magnetic field	https://meetings-archive.aps.org/damop/2026/x06/8/	Beili Hu, Phys. Rev. Lett. 134, 120801 (2025)	Alkali atom arrays switch between two magnetic field regimes in a typical experimental sequence: finite B-field for storage and high-fidelity quantum information processing, and 0 B-field for cooling and detection. The switching time for fields is significantly longer than other timescales, constraining how frequently important operations like mid-circuit readout and continuous reloading can be performed. We present the experimental realization of cavity-enhanced readout and EIT cooling of a 87Rb atom array in a 8G B-field, rendering long field switching times unnecessary. Our readout is state-resolving and minimizes measurement induced loss to &lt;1% by adaptively terminating the measuremen
X06/9	included_in_topic_abstract	已写入 abstract.qmd。	neutral_atom_array;gate_QEC;cavity;metrology	Quantum Control and Readout II	Rapid cavity based mid-circuit measurement and feed-forward in a neutral atom array	https://meetings-archive.aps.org/damop/2026/x06/9/	Planned: Rapid cavity based mid-circuit measurement and feed-forward in a neutral atom array	Mid-circuit measurement is a state-projection readout on a subset of a quantum system without disturbing the remaining bystander qubits. This capability is essential for a broad range of quantum applications, including quantum error correction, measurement-based quantum computing, and quantum-enhanced metrology. Previous implementations of mid-circuit measurement in neutral atom systems have relied on shuttling atomic qubits to a dedicated readout zone, which fundamentally limits the operation speed. In this work, we demonstrate selective mid-circuit readout in an array of atomic qubits placed in a high finesse optical cavity. By optically selecting a single atomic qubit to emit photons into
X06/10	unrelated_excluded	平台是离子、固态或其他非中性原子光镊平台。	gate_QEC;quantum_sim;cavity;ion_or_solid	Quantum Control and Readout II	Enabling Modularity via Drive-Tunable Entanglement of Spin Qubits	https://meetings-archive.aps.org/damop/2026/x06/10/		Modularity [1] represents a promising path to scaling quantum processors but requires coherent qubit control and entanglement over a wide range of distances. Semiconductor quantum dots enable the realization of spin qubits in compact “artificial atom” systems with highly tailored features, such as large and tunable electric dipole moments that allow electric field control of spin qubits. While the exchange interaction between spins enables both rapid gates and coherence-protected qubit encodings with all-electrical control in this platform, the inherently short range of the interaction imposes constraints on the ultimate scalability of spin qubits. To address these challenges, we present an 
